__tests__/App.test.tsx(6,31): error TS2307: Cannot find module 'react-test-renderer' or its corresponding type declarations.
src/components/design-system/Badge.tsx(40,11): error TS2769: No overload matches this call.
  Overload 1 of 2, '(props: ViewProps): View', gave the following error.
    Type '{ children: Element; className: string; }' is not assignable to type 'IntrinsicAttributes & IntrinsicClassAttributes<View> & Readonly<ViewProps>'.
      Property 'className' does not exist on type 'IntrinsicAttributes & IntrinsicClassAttributes<View> & Readonly<ViewProps>'.
  Overload 2 of 2, '(props: ViewProps, context: any): View', gave the following error.
    Type '{ children: Element; className: string; }' is not assignable to type 'IntrinsicAttributes & IntrinsicClassAttributes<View> & Readonly<ViewProps>'.
      Property 'className' does not exist on type 'IntrinsicAttributes & IntrinsicClassAttributes<View> & Readonly<ViewProps>'.
src/components/design-system/Badge.tsx(41,13): error TS2769: No overload matches this call.
  Overload 1 of 2, '(props: TextProps): Text', gave the following error.
    Type '{ children: string; className: string; }' is not assignable to type 'IntrinsicAttributes & IntrinsicClassAttributes<Text> & Readonly<TextProps>'.
      Property 'className' does not exist on type 'IntrinsicAttributes & IntrinsicClassAttributes<Text> & Readonly<TextProps>'.
  Overload 2 of 2, '(props: TextProps, context: any): Text', gave the following error.
    Type '{ children: string; className: string; }' is not assignable to type 'IntrinsicAttributes & IntrinsicClassAttributes<Text> & Readonly<TextProps>'.
      Property 'className' does not exist on type 'IntrinsicAttributes & IntrinsicClassAttributes<Text> & Readonly<TextProps>'.
src/components/design-system/CategoryCard.tsx(23,7): error TS2322: Type '{ children: (false | Element)[]; onPress: () => void; className: string; }' is not assignable to type 'IntrinsicAttributes & PressableProps & RefAttributes<View>'.
  Property 'className' does not exist on type 'IntrinsicAttributes & PressableProps & RefAttributes<View>'.
src/components/design-system/CategoryCard.tsx(26,13): error TS2769: No overload matches this call.
  Overload 1 of 2, '(props: ViewProps): View', gave the following error.
    Type '{ children: Element; className: string; }' is not assignable to type 'IntrinsicAttributes & IntrinsicClassAttributes<View> & Readonly<ViewProps>'.
      Property 'className' does not exist on type 'IntrinsicAttributes & IntrinsicClassAttributes<View> & Readonly<ViewProps>'.
  Overload 2 of 2, '(props: ViewProps, context: any): View', gave the following error.
    Type '{ children: Element; className: string; }' is not assignable to type 'IntrinsicAttributes & IntrinsicClassAttributes<View> & Readonly<ViewProps>'.
      Property 'className' does not exist on type 'IntrinsicAttributes & IntrinsicClassAttributes<View> & Readonly<ViewProps>'.
src/components/design-system/CategoryCard.tsx(30,13): error TS2769: No overload matches this call.
  Overload 1 of 2, '(props: ImageProps): Image', gave the following error.
    Type '{ source: { uri: string; }; className: string; resizeMode: "cover"; }' is not assignable to type 'IntrinsicAttributes & IntrinsicClassAttributes<Image> & Readonly<ImageProps>'.
      Property 'className' does not exist on type 'IntrinsicAttributes & IntrinsicClassAttributes<Image> & Readonly<ImageProps>'.
  Overload 2 of 2, '(props: ImageProps, context: any): Image', gave the following error.
    Type '{ source: { uri: string; }; className: string; resizeMode: "cover"; }' is not assignable to type 'IntrinsicAttributes & IntrinsicClassAttributes<Image> & Readonly<ImageProps>'.
      Property 'className' does not exist on type 'IntrinsicAttributes & IntrinsicClassAttributes<Image> & Readonly<ImageProps>'.
src/components/design-system/CategoryCard.tsx(41,13): error TS2769: No overload matches this call.
  Overload 1 of 2, '(props: TextProps): Text', gave the following error.
    Type '{ children: string; className: string; numberOfLines: number; }' is not assignable to type 'IntrinsicAttributes & IntrinsicClassAttributes<Text> & Readonly<TextProps>'.
      Property 'className' does not exist on type 'IntrinsicAttributes & IntrinsicClassAttributes<Text> & Readonly<TextProps>'.
  Overload 2 of 2, '(props: TextProps, context: any): Text', gave the following error.
    Type '{ children: string; className: string; numberOfLines: number; }' is not assignable to type 'IntrinsicAttributes & IntrinsicClassAttributes<Text> & Readonly<TextProps>'.
      Property 'className' does not exist on type 'IntrinsicAttributes & IntrinsicClassAttributes<Text> & Readonly<TextProps>'.
src/components/design-system/CategoryCard.tsx(47,15): error TS2769: No overload matches this call.
  Overload 1 of 2, '(props: TextProps): Text', gave the following error.
    Type '{ children: (string | number)[]; className: string; }' is not assignable to type 'IntrinsicAttributes & IntrinsicClassAttributes<Text> & Readonly<TextProps>'.
      Property 'className' does not exist on type 'IntrinsicAttributes & IntrinsicClassAttributes<Text> & Readonly<TextProps>'.
  Overload 2 of 2, '(props: TextProps, context: any): Text', gave the following error.
    Type '{ children: (string | number)[]; className: string; }' is not assignable to type 'IntrinsicAttributes & IntrinsicClassAttributes<Text> & Readonly<TextProps>'.
      Property 'className' does not exist on type 'IntrinsicAttributes & IntrinsicClassAttributes<Text> & Readonly<TextProps>'.
src/components/design-system/EmptyState.tsx(23,11): error TS2769: No overload matches this call.
  Overload 1 of 2, '(props: ViewProps): View', gave the following error.
    Type '{ children: ("" | Element | undefined)[]; className: string; }' is not assignable to type 'IntrinsicAttributes & IntrinsicClassAttributes<View> & Readonly<ViewProps>'.
      Property 'className' does not exist on type 'IntrinsicAttributes & IntrinsicClassAttributes<View> & Readonly<ViewProps>'.
  Overload 2 of 2, '(props: ViewProps, context: any): View', gave the following error.
    Type '{ children: ("" | Element | undefined)[]; className: string; }' is not assignable to type 'IntrinsicAttributes & IntrinsicClassAttributes<View> & Readonly<ViewProps>'.
      Property 'className' does not exist on type 'IntrinsicAttributes & IntrinsicClassAttributes<View> & Readonly<ViewProps>'.
src/components/design-system/EmptyState.tsx(25,13): error TS2769: No overload matches this call.
  Overload 1 of 2, '(props: ViewProps): View', gave the following error.
    Type '{ children: Element; className: string; }' is not assignable to type 'IntrinsicAttributes & IntrinsicClassAttributes<View> & Readonly<ViewProps>'.
      Property 'className' does not exist on type 'IntrinsicAttributes & IntrinsicClassAttributes<View> & Readonly<ViewProps>'.
  Overload 2 of 2, '(props: ViewProps, context: any): View', gave the following error.
    Type '{ children: Element; className: string; }' is not assignable to type 'IntrinsicAttributes & IntrinsicClassAttributes<View> & Readonly<ViewProps>'.
      Property 'className' does not exist on type 'IntrinsicAttributes & IntrinsicClassAttributes<View> & Readonly<ViewProps>'.
src/components/design-system/EmptyState.tsx(30,13): error TS2769: No overload matches this call.
  Overload 1 of 2, '(props: TextProps): Text', gave the following error.
    Type '{ children: string; className: string; }' is not assignable to type 'IntrinsicAttributes & IntrinsicClassAttributes<Text> & Readonly<TextProps>'.
      Property 'className' does not exist on type 'IntrinsicAttributes & IntrinsicClassAttributes<Text> & Readonly<TextProps>'.
  Overload 2 of 2, '(props: TextProps, context: any): Text', gave the following error.
    Type '{ children: string; className: string; }' is not assignable to type 'IntrinsicAttributes & IntrinsicClassAttributes<Text> & Readonly<TextProps>'.
      Property 'className' does not exist on type 'IntrinsicAttributes & IntrinsicClassAttributes<Text> & Readonly<TextProps>'.
src/components/design-system/EmptyState.tsx(36,15): error TS2769: No overload matches this call.
  Overload 1 of 2, '(props: TextProps): Text', gave the following error.
    Type '{ children: string; className: string; }' is not assignable to type 'IntrinsicAttributes & IntrinsicClassAttributes<Text> & Readonly<TextProps>'.
      Property 'className' does not exist on type 'IntrinsicAttributes & IntrinsicClassAttributes<Text> & Readonly<TextProps>'.
  Overload 2 of 2, '(props: TextProps, context: any): Text', gave the following error.
    Type '{ children: string; className: string; }' is not assignable to type 'IntrinsicAttributes & IntrinsicClassAttributes<Text> & Readonly<TextProps>'.
      Property 'className' does not exist on type 'IntrinsicAttributes & IntrinsicClassAttributes<Text> & Readonly<TextProps>'.
src/components/design-system/ErrorState.tsx(20,11): error TS2769: No overload matches this call.
  Overload 1 of 2, '(props: ViewProps): View', gave the following error.
    Type '{ children: Element[]; className: string; }' is not assignable to type 'IntrinsicAttributes & IntrinsicClassAttributes<View> & Readonly<ViewProps>'.
      Property 'className' does not exist on type 'IntrinsicAttributes & IntrinsicClassAttributes<View> & Readonly<ViewProps>'.
  Overload 2 of 2, '(props: ViewProps, context: any): View', gave the following error.
    Type '{ children: Element[]; className: string; }' is not assignable to type 'IntrinsicAttributes & IntrinsicClassAttributes<View> & Readonly<ViewProps>'.
      Property 'className' does not exist on type 'IntrinsicAttributes & IntrinsicClassAttributes<View> & Readonly<ViewProps>'.
src/components/design-system/ErrorState.tsx(22,13): error TS2769: No overload matches this call.
  Overload 1 of 2, '(props: ViewProps): View', gave the following error.
    Type '{ children: Element; className: string; }' is not assignable to type 'IntrinsicAttributes & IntrinsicClassAttributes<View> & Readonly<ViewProps>'.
      Property 'className' does not exist on type 'IntrinsicAttributes & IntrinsicClassAttributes<View> & Readonly<ViewProps>'.
  Overload 2 of 2, '(props: ViewProps, context: any): View', gave the following error.
    Type '{ children: Element; className: string; }' is not assignable to type 'IntrinsicAttributes & IntrinsicClassAttributes<View> & Readonly<ViewProps>'.
      Property 'className' does not exist on type 'IntrinsicAttributes & IntrinsicClassAttributes<View> & Readonly<ViewProps>'.
src/components/design-system/ErrorState.tsx(27,13): error TS2769: No overload matches this call.
  Overload 1 of 2, '(props: TextProps): Text', gave the following error.
    Type '{ children: string; className: string; }' is not assignable to type 'IntrinsicAttributes & IntrinsicClassAttributes<Text> & Readonly<TextProps>'.
      Property 'className' does not exist on type 'IntrinsicAttributes & IntrinsicClassAttributes<Text> & Readonly<TextProps>'.
  Overload 2 of 2, '(props: TextProps, context: any): Text', gave the following error.
    Type '{ children: string; className: string; }' is not assignable to type 'IntrinsicAttributes & IntrinsicClassAttributes<Text> & Readonly<TextProps>'.
      Property 'className' does not exist on type 'IntrinsicAttributes & IntrinsicClassAttributes<Text> & Readonly<TextProps>'.
src/components/design-system/ErrorState.tsx(32,13): error TS2769: No overload matches this call.
  Overload 1 of 2, '(props: TextProps): Text', gave the following error.
    Type '{ children: string; className: string; }' is not assignable to type 'IntrinsicAttributes & IntrinsicClassAttributes<Text> & Readonly<TextProps>'.
      Property 'className' does not exist on type 'IntrinsicAttributes & IntrinsicClassAttributes<Text> & Readonly<TextProps>'.
  Overload 2 of 2, '(props: TextProps, context: any): Text', gave the following error.
    Type '{ children: string; className: string; }' is not assignable to type 'IntrinsicAttributes & IntrinsicClassAttributes<Text> & Readonly<TextProps>'.
      Property 'className' does not exist on type 'IntrinsicAttributes & IntrinsicClassAttributes<Text> & Readonly<TextProps>'.
src/components/design-system/ErrorState.tsx(37,13): error TS2769: No overload matches this call.
  Overload 1 of 2, '(props: ViewProps): View', gave the following error.
    Type '{ children: (Element | undefined)[]; className: string; }' is not assignable to type 'IntrinsicAttributes & IntrinsicClassAttributes<View> & Readonly<ViewProps>'.
      Property 'className' does not exist on type 'IntrinsicAttributes & IntrinsicClassAttributes<View> & Readonly<ViewProps>'.
  Overload 2 of 2, '(props: ViewProps, context: any): View', gave the following error.
    Type '{ children: (Element | undefined)[]; className: string; }' is not assignable to type 'IntrinsicAttributes & IntrinsicClassAttributes<View> & Readonly<ViewProps>'.
      Property 'className' does not exist on type 'IntrinsicAttributes & IntrinsicClassAttributes<View> & Readonly<ViewProps>'.
src/components/design-system/LoadingState.tsx(14,11): error TS2769: No overload matches this call.
  Overload 1 of 2, '(props: ViewProps): View', gave the following error.
    Type '{ children: ("" | Element | undefined)[]; className: string; }' is not assignable to type 'IntrinsicAttributes & IntrinsicClassAttributes<View> & Readonly<ViewProps>'.
      Property 'className' does not exist on type 'IntrinsicAttributes & IntrinsicClassAttributes<View> & Readonly<ViewProps>'.
  Overload 2 of 2, '(props: ViewProps, context: any): View', gave the following error.
    Type '{ children: ("" | Element | undefined)[]; className: string; }' is not assignable to type 'IntrinsicAttributes & IntrinsicClassAttributes<View> & Readonly<ViewProps>'.
      Property 'className' does not exist on type 'IntrinsicAttributes & IntrinsicClassAttributes<View> & Readonly<ViewProps>'.
src/components/design-system/LoadingState.tsx(17,15): error TS2769: No overload matches this call.
  Overload 1 of 2, '(props: TextProps): Text', gave the following error.
    Type '{ children: string; className: string; }' is not assignable to type 'IntrinsicAttributes & IntrinsicClassAttributes<Text> & Readonly<TextProps>'.
      Property 'className' does not exist on type 'IntrinsicAttributes & IntrinsicClassAttributes<Text> & Readonly<TextProps>'.
  Overload 2 of 2, '(props: TextProps, context: any): Text', gave the following error.
    Type '{ children: string; className: string; }' is not assignable to type 'IntrinsicAttributes & IntrinsicClassAttributes<Text> & Readonly<TextProps>'.
      Property 'className' does not exist on type 'IntrinsicAttributes & IntrinsicClassAttributes<Text> & Readonly<TextProps>'.
src/components/design-system/LoadingState.tsx(39,7): error TS2769: No overload matches this call.
  Overload 1 of 2, '(props: ViewProps): View', gave the following error.
    Type '{ width: string | number; height: number; borderRadius: number; }' is not assignable to type 'StyleProp<ViewStyle>'.
      Types of property 'width' are incompatible.
        Type 'string | number' is not assignable to type 'DimensionValue | undefined'.
          Type 'string' is not assignable to type 'DimensionValue | undefined'.
  Overload 2 of 2, '(props: ViewProps, context: any): View', gave the following error.
    Type '{ width: string | number; height: number; borderRadius: number; }' is not assignable to type 'StyleProp<ViewStyle>'.
      Types of property 'width' are incompatible.
        Type 'string | number' is not assignable to type 'DimensionValue | undefined'.
          Type 'string' is not assignable to type 'DimensionValue | undefined'.
src/components/design-system/ProductCard.tsx(4,10): error TS2305: Module '"../../types"' has no exported member 'Product'.
src/components/design-system/ProductCard.tsx(32,7): error TS2322: Type '{ children: Element[]; onPress: () => void; className: string; }' is not assignable to type 'IntrinsicAttributes & PressableProps & RefAttributes<View>'.
  Property 'className' does not exist on type 'IntrinsicAttributes & PressableProps & RefAttributes<View>'.
src/components/design-system/ProductCard.tsx(35,13): error TS2769: No overload matches this call.
  Overload 1 of 2, '(props: ViewProps): View', gave the following error.
    Type '{ children: (false | Element)[]; className: string; }' is not assignable to type 'IntrinsicAttributes & IntrinsicClassAttributes<View> & Readonly<ViewProps>'.
      Property 'className' does not exist on type 'IntrinsicAttributes & IntrinsicClassAttributes<View> & Readonly<ViewProps>'.
  Overload 2 of 2, '(props: ViewProps, context: any): View', gave the following error.
    Type '{ children: (false | Element)[]; className: string; }' is not assignable to type 'IntrinsicAttributes & IntrinsicClassAttributes<View> & Readonly<ViewProps>'.
      Property 'className' does not exist on type 'IntrinsicAttributes & IntrinsicClassAttributes<View> & Readonly<ViewProps>'.
src/components/design-system/ProductCard.tsx(39,13): error TS2769: No overload matches this call.
  Overload 1 of 2, '(props: ImageProps): Image', gave the following error.
    Type '{ source: { uri: any; }; className: string; resizeMode: "cover"; }' is not assignable to type 'IntrinsicAttributes & IntrinsicClassAttributes<Image> & Readonly<ImageProps>'.
      Property 'className' does not exist on type 'IntrinsicAttributes & IntrinsicClassAttributes<Image> & Readonly<ImageProps>'.
  Overload 2 of 2, '(props: ImageProps, context: any): Image', gave the following error.
    Type '{ source: { uri: any; }; className: string; resizeMode: "cover"; }' is not assignable to type 'IntrinsicAttributes & IntrinsicClassAttributes<Image> & Readonly<ImageProps>'.
      Property 'className' does not exist on type 'IntrinsicAttributes & IntrinsicClassAttributes<Image> & Readonly<ImageProps>'.
src/components/design-system/ProductCard.tsx(43,17): error TS2769: No overload matches this call.
  Overload 1 of 2, '(props: ViewProps): View', gave the following error.
    Type '{ children: Element; className: string; }' is not assignable to type 'IntrinsicAttributes & IntrinsicClassAttributes<View> & Readonly<ViewProps>'.
      Property 'className' does not exist on type 'IntrinsicAttributes & IntrinsicClassAttributes<View> & Readonly<ViewProps>'.
  Overload 2 of 2, '(props: ViewProps, context: any): View', gave the following error.
    Type '{ children: Element; className: string; }' is not assignable to type 'IntrinsicAttributes & IntrinsicClassAttributes<View> & Readonly<ViewProps>'.
      Property 'className' does not exist on type 'IntrinsicAttributes & IntrinsicClassAttributes<View> & Readonly<ViewProps>'.
src/components/design-system/ProductCard.tsx(51,11): error TS2322: Type '{ children: Element; onPress: () => void; className: string; }' is not assignable to type 'IntrinsicAttributes & PressableProps & RefAttributes<View>'.
  Property 'className' does not exist on type 'IntrinsicAttributes & PressableProps & RefAttributes<View>'.
src/components/design-system/ProductCard.tsx(62,17): error TS2769: No overload matches this call.
  Overload 1 of 2, '(props: ViewProps): View', gave the following error.
    Type '{ children: Element; className: string; }' is not assignable to type 'IntrinsicAttributes & IntrinsicClassAttributes<View> & Readonly<ViewProps>'.
      Property 'className' does not exist on type 'IntrinsicAttributes & IntrinsicClassAttributes<View> & Readonly<ViewProps>'.
  Overload 2 of 2, '(props: ViewProps, context: any): View', gave the following error.
    Type '{ children: Element; className: string; }' is not assignable to type 'IntrinsicAttributes & IntrinsicClassAttributes<View> & Readonly<ViewProps>'.
      Property 'className' does not exist on type 'IntrinsicAttributes & IntrinsicClassAttributes<View> & Readonly<ViewProps>'.
src/components/design-system/ProductCard.tsx(63,19): error TS2769: No overload matches this call.
  Overload 1 of 2, '(props: TextProps): Text', gave the following error.
    Type '{ children: (string | number)[]; className: string; }' is not assignable to type 'IntrinsicAttributes & IntrinsicClassAttributes<Text> & Readonly<TextProps>'.
      Property 'className' does not exist on type 'IntrinsicAttributes & IntrinsicClassAttributes<Text> & Readonly<TextProps>'.
  Overload 2 of 2, '(props: TextProps, context: any): Text', gave the following error.
    Type '{ children: (string | number)[]; className: string; }' is not assignable to type 'IntrinsicAttributes & IntrinsicClassAttributes<Text> & Readonly<TextProps>'.
      Property 'className' does not exist on type 'IntrinsicAttributes & IntrinsicClassAttributes<Text> & Readonly<TextProps>'.
src/components/design-system/ProductCard.tsx(71,13): error TS2769: No overload matches this call.
  Overload 1 of 2, '(props: ViewProps): View', gave the following error.
    Type '{ children: (false | Element | undefined)[]; className: string; }' is not assignable to type 'IntrinsicAttributes & IntrinsicClassAttributes<View> & Readonly<ViewProps>'.
      Property 'className' does not exist on type 'IntrinsicAttributes & IntrinsicClassAttributes<View> & Readonly<ViewProps>'.
  Overload 2 of 2, '(props: ViewProps, context: any): View', gave the following error.
    Type '{ children: (false | Element | undefined)[]; className: string; }' is not assignable to type 'IntrinsicAttributes & IntrinsicClassAttributes<View> & Readonly<ViewProps>'.
      Property 'className' does not exist on type 'IntrinsicAttributes & IntrinsicClassAttributes<View> & Readonly<ViewProps>'.
src/components/design-system/ProductCard.tsx(73,15): error TS2769: No overload matches this call.
  Overload 1 of 2, '(props: ViewProps): View', gave the following error.
    Type '{ children: any[]; className: string; }' is not assignable to type 'IntrinsicAttributes & IntrinsicClassAttributes<View> & Readonly<ViewProps>'.
      Property 'className' does not exist on type 'IntrinsicAttributes & IntrinsicClassAttributes<View> & Readonly<ViewProps>'.
  Overload 2 of 2, '(props: ViewProps, context: any): View', gave the following error.
    Type '{ children: any[]; className: string; }' is not assignable to type 'IntrinsicAttributes & IntrinsicClassAttributes<View> & Readonly<ViewProps>'.
      Property 'className' does not exist on type 'IntrinsicAttributes & IntrinsicClassAttributes<View> & Readonly<ViewProps>'.
src/components/design-system/ProductCard.tsx(74,17): error TS2769: No overload matches this call.
  Overload 1 of 2, '(props: TextProps): Text', gave the following error.
    Type '{ children: any; className: string; numberOfLines: number; }' is not assignable to type 'IntrinsicAttributes & IntrinsicClassAttributes<Text> & Readonly<TextProps>'.
      Property 'className' does not exist on type 'IntrinsicAttributes & IntrinsicClassAttributes<Text> & Readonly<TextProps>'.
  Overload 2 of 2, '(props: TextProps, context: any): Text', gave the following error.
    Type '{ children: any; className: string; numberOfLines: number; }' is not assignable to type 'IntrinsicAttributes & IntrinsicClassAttributes<Text> & Readonly<TextProps>'.
      Property 'className' does not exist on type 'IntrinsicAttributes & IntrinsicClassAttributes<Text> & Readonly<TextProps>'.
src/components/design-system/ProductCard.tsx(78,19): error TS2769: No overload matches this call.
  Overload 1 of 2, '(props: TextProps): Text', gave the following error.
    Type '{ children: any; className: string; }' is not assignable to type 'IntrinsicAttributes & IntrinsicClassAttributes<Text> & Readonly<TextProps>'.
      Property 'className' does not exist on type 'IntrinsicAttributes & IntrinsicClassAttributes<Text> & Readonly<TextProps>'.
  Overload 2 of 2, '(props: TextProps, context: any): Text', gave the following error.
    Type '{ children: any; className: string; }' is not assignable to type 'IntrinsicAttributes & IntrinsicClassAttributes<Text> & Readonly<TextProps>'.
      Property 'className' does not exist on type 'IntrinsicAttributes & IntrinsicClassAttributes<Text> & Readonly<TextProps>'.
src/components/design-system/ProductCard.tsx(86,17): error TS2769: No overload matches this call.
  Overload 1 of 2, '(props: ViewProps): View', gave the following error.
    Type '{ children: Element[]; className: string; }' is not assignable to type 'IntrinsicAttributes & IntrinsicClassAttributes<View> & Readonly<ViewProps>'.
      Property 'className' does not exist on type 'IntrinsicAttributes & IntrinsicClassAttributes<View> & Readonly<ViewProps>'.
  Overload 2 of 2, '(props: ViewProps, context: any): View', gave the following error.
    Type '{ children: Element[]; className: string; }' is not assignable to type 'IntrinsicAttributes & IntrinsicClassAttributes<View> & Readonly<ViewProps>'.
      Property 'className' does not exist on type 'IntrinsicAttributes & IntrinsicClassAttributes<View> & Readonly<ViewProps>'.
src/components/design-system/ProductCard.tsx(88,19): error TS2769: No overload matches this call.
  Overload 1 of 2, '(props: TextProps): Text', gave the following error.
    Type '{ children: any[]; className: string; }' is not assignable to type 'IntrinsicAttributes & IntrinsicClassAttributes<Text> & Readonly<TextProps>'.
      Property 'className' does not exist on type 'IntrinsicAttributes & IntrinsicClassAttributes<Text> & Readonly<TextProps>'.
  Overload 2 of 2, '(props: TextProps, context: any): Text', gave the following error.
    Type '{ children: any[]; className: string; }' is not assignable to type 'IntrinsicAttributes & IntrinsicClassAttributes<Text> & Readonly<TextProps>'.
      Property 'className' does not exist on type 'IntrinsicAttributes & IntrinsicClassAttributes<Text> & Readonly<TextProps>'.
src/components/design-system/ProductCard.tsx(95,15): error TS2769: No overload matches this call.
  Overload 1 of 2, '(props: ViewProps): View', gave the following error.
    Type '{ children: (false | Element)[]; className: string; }' is not assignable to type 'IntrinsicAttributes & IntrinsicClassAttributes<View> & Readonly<ViewProps>'.
      Property 'className' does not exist on type 'IntrinsicAttributes & IntrinsicClassAttributes<View> & Readonly<ViewProps>'.
  Overload 2 of 2, '(props: ViewProps, context: any): View', gave the following error.
    Type '{ children: (false | Element)[]; className: string; }' is not assignable to type 'IntrinsicAttributes & IntrinsicClassAttributes<View> & Readonly<ViewProps>'.
      Property 'className' does not exist on type 'IntrinsicAttributes & IntrinsicClassAttributes<View> & Readonly<ViewProps>'.
src/components/design-system/ProductCard.tsx(96,17): error TS2769: No overload matches this call.
  Overload 1 of 2, '(props: TextProps): Text', gave the following error.
    Type '{ children: any[]; className: string; }' is not assignable to type 'IntrinsicAttributes & IntrinsicClassAttributes<Text> & Readonly<TextProps>'.
      Property 'className' does not exist on type 'IntrinsicAttributes & IntrinsicClassAttributes<Text> & Readonly<TextProps>'.
  Overload 2 of 2, '(props: TextProps, context: any): Text', gave the following error.
    Type '{ children: any[]; className: string; }' is not assignable to type 'IntrinsicAttributes & IntrinsicClassAttributes<Text> & Readonly<TextProps>'.
      Property 'className' does not exist on type 'IntrinsicAttributes & IntrinsicClassAttributes<Text> & Readonly<TextProps>'.
src/components/design-system/ProductCard.tsx(100,19): error TS2769: No overload matches this call.
  Overload 1 of 2, '(props: TextProps): Text', gave the following error.
    Type '{ children: any[]; className: string; }' is not assignable to type 'IntrinsicAttributes & IntrinsicClassAttributes<Text> & Readonly<TextProps>'.
      Property 'className' does not exist on type 'IntrinsicAttributes & IntrinsicClassAttributes<Text> & Readonly<TextProps>'.
  Overload 2 of 2, '(props: TextProps, context: any): Text', gave the following error.
    Type '{ children: any[]; className: string; }' is not assignable to type 'IntrinsicAttributes & IntrinsicClassAttributes<Text> & Readonly<TextProps>'.
      Property 'className' does not exist on type 'IntrinsicAttributes & IntrinsicClassAttributes<Text> & Readonly<TextProps>'.
src/components/design-system/ProductCard.tsx(110,13): error TS2322: Type '{ children: Element[]; onPress: () => void; className: string; }' is not assignable to type 'IntrinsicAttributes & PressableProps & RefAttributes<View>'.
  Property 'className' does not exist on type 'IntrinsicAttributes & PressableProps & RefAttributes<View>'.
src/components/design-system/ProductCard.tsx(113,19): error TS2769: No overload matches this call.
  Overload 1 of 2, '(props: TextProps): Text', gave the following error.
    Type '{ children: string; className: string; }' is not assignable to type 'IntrinsicAttributes & IntrinsicClassAttributes<Text> & Readonly<TextProps>'.
      Property 'className' does not exist on type 'IntrinsicAttributes & IntrinsicClassAttributes<Text> & Readonly<TextProps>'.
  Overload 2 of 2, '(props: TextProps, context: any): Text', gave the following error.
    Type '{ children: string; className: string; }' is not assignable to type 'IntrinsicAttributes & IntrinsicClassAttributes<Text> & Readonly<TextProps>'.
      Property 'className' does not exist on type 'IntrinsicAttributes & IntrinsicClassAttributes<Text> & Readonly<TextProps>'.
src/components/design-system/RuvoButton.tsx(56,7): error TS2322: Type '{ children: Element; onPress: () => void; disabled: boolean; className: string; }' is not assignable to type 'IntrinsicAttributes & PressableProps & RefAttributes<View>'.
  Property 'className' does not exist on type 'IntrinsicAttributes & PressableProps & RefAttributes<View>'.
src/components/design-system/RuvoButton.tsx(76,17): error TS2769: No overload matches this call.
  Overload 1 of 2, '(props: TextProps): Text', gave the following error.
    Type '{ children: string; className: string; }' is not assignable to type 'IntrinsicAttributes & IntrinsicClassAttributes<Text> & Readonly<TextProps>'.
      Property 'className' does not exist on type 'IntrinsicAttributes & IntrinsicClassAttributes<Text> & Readonly<TextProps>'.
  Overload 2 of 2, '(props: TextProps, context: any): Text', gave the following error.
    Type '{ children: string; className: string; }' is not assignable to type 'IntrinsicAttributes & IntrinsicClassAttributes<Text> & Readonly<TextProps>'.
      Property 'className' does not exist on type 'IntrinsicAttributes & IntrinsicClassAttributes<Text> & Readonly<TextProps>'.
src/components/design-system/RuvoHeader.tsx(25,19): error TS2769: No overload matches this call.
  Overload 1 of 2, '(props: ViewProps): SafeAreaView', gave the following error.
    Type '{ children: Element; className: string; }' is not assignable to type 'IntrinsicAttributes & IntrinsicClassAttributes<SafeAreaView> & Readonly<ViewProps>'.
      Property 'className' does not exist on type 'IntrinsicAttributes & IntrinsicClassAttributes<SafeAreaView> & Readonly<ViewProps>'.
  Overload 2 of 2, '(props: ViewProps, context: any): SafeAreaView', gave the following error.
    Type '{ children: Element; className: string; }' is not assignable to type 'IntrinsicAttributes & IntrinsicClassAttributes<SafeAreaView> & Readonly<ViewProps>'.
      Property 'className' does not exist on type 'IntrinsicAttributes & IntrinsicClassAttributes<SafeAreaView> & Readonly<ViewProps>'.
src/components/design-system/RuvoHeader.tsx(26,13): error TS2769: No overload matches this call.
  Overload 1 of 2, '(props: ViewProps): View', gave the following error.
    Type '{ children: Element[]; className: string; }' is not assignable to type 'IntrinsicAttributes & IntrinsicClassAttributes<View> & Readonly<ViewProps>'.
      Property 'className' does not exist on type 'IntrinsicAttributes & IntrinsicClassAttributes<View> & Readonly<ViewProps>'.
  Overload 2 of 2, '(props: ViewProps, context: any): View', gave the following error.
    Type '{ children: Element[]; className: string; }' is not assignable to type 'IntrinsicAttributes & IntrinsicClassAttributes<View> & Readonly<ViewProps>'.
      Property 'className' does not exist on type 'IntrinsicAttributes & IntrinsicClassAttributes<View> & Readonly<ViewProps>'.
src/components/design-system/RuvoHeader.tsx(30,13): error TS2322: Type '{ children: Element; onPress: () => void; className: string; }' is not assignable to type 'IntrinsicAttributes & PressableProps & RefAttributes<View>'.
  Property 'className' does not exist on type 'IntrinsicAttributes & PressableProps & RefAttributes<View>'.
src/components/design-system/RuvoHeader.tsx(35,17): error TS2769: No overload matches this call.
  Overload 1 of 2, '(props: ViewProps): View', gave the following error.
    Type '{ className: string; }' is not assignable to type 'IntrinsicAttributes & IntrinsicClassAttributes<View> & Readonly<ViewProps>'.
      Property 'className' does not exist on type 'IntrinsicAttributes & IntrinsicClassAttributes<View> & Readonly<ViewProps>'.
  Overload 2 of 2, '(props: ViewProps, context: any): View', gave the following error.
    Type '{ className: string; }' is not assignable to type 'IntrinsicAttributes & IntrinsicClassAttributes<View> & Readonly<ViewProps>'.
      Property 'className' does not exist on type 'IntrinsicAttributes & IntrinsicClassAttributes<View> & Readonly<ViewProps>'.
src/components/design-system/RuvoHeader.tsx(38,15): error TS2769: No overload matches this call.
  Overload 1 of 2, '(props: ViewProps): View', gave the following error.
    Type '{ children: ("" | Element | undefined)[]; className: string; }' is not assignable to type 'IntrinsicAttributes & IntrinsicClassAttributes<View> & Readonly<ViewProps>'.
      Property 'className' does not exist on type 'IntrinsicAttributes & IntrinsicClassAttributes<View> & Readonly<ViewProps>'.
  Overload 2 of 2, '(props: ViewProps, context: any): View', gave the following error.
    Type '{ children: ("" | Element | undefined)[]; className: string; }' is not assignable to type 'IntrinsicAttributes & IntrinsicClassAttributes<View> & Readonly<ViewProps>'.
      Property 'className' does not exist on type 'IntrinsicAttributes & IntrinsicClassAttributes<View> & Readonly<ViewProps>'.
src/components/design-system/RuvoHeader.tsx(39,17): error TS2769: No overload matches this call.
  Overload 1 of 2, '(props: TextProps): Text', gave the following error.
    Type '{ children: string; className: string; }' is not assignable to type 'IntrinsicAttributes & IntrinsicClassAttributes<Text> & Readonly<TextProps>'.
      Property 'className' does not exist on type 'IntrinsicAttributes & IntrinsicClassAttributes<Text> & Readonly<TextProps>'.
  Overload 2 of 2, '(props: TextProps, context: any): Text', gave the following error.
    Type '{ children: string; className: string; }' is not assignable to type 'IntrinsicAttributes & IntrinsicClassAttributes<Text> & Readonly<TextProps>'.
      Property 'className' does not exist on type 'IntrinsicAttributes & IntrinsicClassAttributes<Text> & Readonly<TextProps>'.
src/components/design-system/RuvoHeader.tsx(43,19): error TS2769: No overload matches this call.
  Overload 1 of 2, '(props: TextProps): Text', gave the following error.
    Type '{ children: string; className: string; }' is not assignable to type 'IntrinsicAttributes & IntrinsicClassAttributes<Text> & Readonly<TextProps>'.
      Property 'className' does not exist on type 'IntrinsicAttributes & IntrinsicClassAttributes<Text> & Readonly<TextProps>'.
  Overload 2 of 2, '(props: TextProps, context: any): Text', gave the following error.
    Type '{ children: string; className: string; }' is not assignable to type 'IntrinsicAttributes & IntrinsicClassAttributes<Text> & Readonly<TextProps>'.
      Property 'className' does not exist on type 'IntrinsicAttributes & IntrinsicClassAttributes<Text> & Readonly<TextProps>'.
src/components/design-system/RuvoHeader.tsx(52,13): error TS2322: Type '{ children: Element; onPress: () => void; className: string; }' is not assignable to type 'IntrinsicAttributes & PressableProps & RefAttributes<View>'.
  Property 'className' does not exist on type 'IntrinsicAttributes & PressableProps & RefAttributes<View>'.
src/components/design-system/RuvoHeader.tsx(57,17): error TS2769: No overload matches this call.
  Overload 1 of 2, '(props: ViewProps): View', gave the following error.
    Type '{ className: string; }' is not assignable to type 'IntrinsicAttributes & IntrinsicClassAttributes<View> & Readonly<ViewProps>'.
      Property 'className' does not exist on type 'IntrinsicAttributes & IntrinsicClassAttributes<View> & Readonly<ViewProps>'.
  Overload 2 of 2, '(props: ViewProps, context: any): View', gave the following error.
    Type '{ className: string; }' is not assignable to type 'IntrinsicAttributes & IntrinsicClassAttributes<View> & Readonly<ViewProps>'.
      Property 'className' does not exist on type 'IntrinsicAttributes & IntrinsicClassAttributes<View> & Readonly<ViewProps>'.
src/components/design-system/RuvoInput.tsx(35,11): error TS2769: No overload matches this call.
  Overload 1 of 2, '(props: ViewProps): View', gave the following error.
    Type '{ children: ("" | Element | undefined)[]; className: string; }' is not assignable to type 'IntrinsicAttributes & IntrinsicClassAttributes<View> & Readonly<ViewProps>'.
      Property 'className' does not exist on type 'IntrinsicAttributes & IntrinsicClassAttributes<View> & Readonly<ViewProps>'.
  Overload 2 of 2, '(props: ViewProps, context: any): View', gave the following error.
    Type '{ children: ("" | Element | undefined)[]; className: string; }' is not assignable to type 'IntrinsicAttributes & IntrinsicClassAttributes<View> & Readonly<ViewProps>'.
      Property 'className' does not exist on type 'IntrinsicAttributes & IntrinsicClassAttributes<View> & Readonly<ViewProps>'.
src/components/design-system/RuvoInput.tsx(37,15): error TS2769: No overload matches this call.
  Overload 1 of 2, '(props: TextProps): Text', gave the following error.
    Type '{ children: string; className: string; }' is not assignable to type 'IntrinsicAttributes & IntrinsicClassAttributes<Text> & Readonly<TextProps>'.
      Property 'className' does not exist on type 'IntrinsicAttributes & IntrinsicClassAttributes<Text> & Readonly<TextProps>'.
  Overload 2 of 2, '(props: TextProps, context: any): Text', gave the following error.
    Type '{ children: string; className: string; }' is not assignable to type 'IntrinsicAttributes & IntrinsicClassAttributes<Text> & Readonly<TextProps>'.
      Property 'className' does not exist on type 'IntrinsicAttributes & IntrinsicClassAttributes<Text> & Readonly<TextProps>'.
src/components/design-system/RuvoInput.tsx(41,13): error TS2769: No overload matches this call.
  Overload 1 of 2, '(props: ViewProps): View', gave the following error.
    Type '{ children: ("" | Element | undefined)[]; className: string; }' is not assignable to type 'IntrinsicAttributes & IntrinsicClassAttributes<View> & Readonly<ViewProps>'.
      Property 'className' does not exist on type 'IntrinsicAttributes & IntrinsicClassAttributes<View> & Readonly<ViewProps>'.
  Overload 2 of 2, '(props: ViewProps, context: any): View', gave the following error.
    Type '{ children: ("" | Element | undefined)[]; className: string; }' is not assignable to type 'IntrinsicAttributes & IntrinsicClassAttributes<View> & Readonly<ViewProps>'.
      Property 'className' does not exist on type 'IntrinsicAttributes & IntrinsicClassAttributes<View> & Readonly<ViewProps>'.
src/components/design-system/RuvoInput.tsx(51,11): error TS2769: No overload matches this call.
  Overload 1 of 2, '(props: TextInputProps): TextInput', gave the following error.
    Type '{ className: string; placeholder: string | undefined; placeholderTextColor: string; value: string; onChangeText: (text: string) => void; keyboardType: "default" | "numeric" | "email-address" | "phone-pad"; ... 4 more ...; style: { ...; }; }' is not assignable to type 'IntrinsicAttributes & IntrinsicClassAttributes<TextInput> & Readonly<TextInputProps>'.
      Property 'className' does not exist on type 'IntrinsicAttributes & IntrinsicClassAttributes<TextInput> & Readonly<TextInputProps>'.
  Overload 2 of 2, '(props: TextInputProps, context: any): TextInput', gave the following error.
    Type '{ className: string; placeholder: string | undefined; placeholderTextColor: string; value: string; onChangeText: (text: string) => void; keyboardType: "default" | "numeric" | "email-address" | "phone-pad"; ... 4 more ...; style: { ...; }; }' is not assignable to type 'IntrinsicAttributes & IntrinsicClassAttributes<TextInput> & Readonly<TextInputProps>'.
      Property 'className' does not exist on type 'IntrinsicAttributes & IntrinsicClassAttributes<TextInput> & Readonly<TextInputProps>'.
src/components/design-system/RuvoInput.tsx(64,44): error TS2322: Type '{ children: Element; onPress: () => void; className: string; }' is not assignable to type 'IntrinsicAttributes & PressableProps & RefAttributes<View>'.
  Property 'className' does not exist on type 'IntrinsicAttributes & PressableProps & RefAttributes<View>'.
src/components/design-system/RuvoInput.tsx(70,15): error TS2769: No overload matches this call.
  Overload 1 of 2, '(props: TextProps): Text', gave the following error.
    Type '{ children: string; className: string; }' is not assignable to type 'IntrinsicAttributes & IntrinsicClassAttributes<Text> & Readonly<TextProps>'.
      Property 'className' does not exist on type 'IntrinsicAttributes & IntrinsicClassAttributes<Text> & Readonly<TextProps>'.
  Overload 2 of 2, '(props: TextProps, context: any): Text', gave the following error.
    Type '{ children: string; className: string; }' is not assignable to type 'IntrinsicAttributes & IntrinsicClassAttributes<Text> & Readonly<TextProps>'.
      Property 'className' does not exist on type 'IntrinsicAttributes & IntrinsicClassAttributes<Text> & Readonly<TextProps>'.
src/components/design-system/SearchBar.tsx(27,11): error TS2769: No overload matches this call.
  Overload 1 of 2, '(props: ViewProps): View', gave the following error.
    Type '{ children: ("" | Element | undefined)[]; className: string; }' is not assignable to type 'IntrinsicAttributes & IntrinsicClassAttributes<View> & Readonly<ViewProps>'.
      Property 'className' does not exist on type 'IntrinsicAttributes & IntrinsicClassAttributes<View> & Readonly<ViewProps>'.
  Overload 2 of 2, '(props: ViewProps, context: any): View', gave the following error.
    Type '{ children: ("" | Element | undefined)[]; className: string; }' is not assignable to type 'IntrinsicAttributes & IntrinsicClassAttributes<View> & Readonly<ViewProps>'.
      Property 'className' does not exist on type 'IntrinsicAttributes & IntrinsicClassAttributes<View> & Readonly<ViewProps>'.
src/components/design-system/SearchBar.tsx(33,9): error TS2769: No overload matches this call.
  Overload 1 of 2, '(props: TextInputProps): TextInput', gave the following error.
    Type '{ className: string; placeholder: string; placeholderTextColor: string; value: string; onChangeText: (text: string) => void; onFocus: (() => void) | undefined; onBlur: (() => void) | undefined; }' is not assignable to type 'IntrinsicAttributes & IntrinsicClassAttributes<TextInput> & Readonly<TextInputProps>'.
      Property 'className' does not exist on type 'IntrinsicAttributes & IntrinsicClassAttributes<TextInput> & Readonly<TextInputProps>'.
  Overload 2 of 2, '(props: TextInputProps, context: any): TextInput', gave the following error.
    Type '{ className: string; placeholder: string; placeholderTextColor: string; value: string; onChangeText: (text: string) => void; onFocus: (() => void) | undefined; onBlur: (() => void) | undefined; }' is not assignable to type 'IntrinsicAttributes & IntrinsicClassAttributes<TextInput> & Readonly<TextInputProps>'.
      Property 'className' does not exist on type 'IntrinsicAttributes & IntrinsicClassAttributes<TextInput> & Readonly<TextInputProps>'.
src/components/design-system/SearchBar.tsx(44,43): error TS2322: Type '{ children: Element; onPress: () => void; className: string; }' is not assignable to type 'IntrinsicAttributes & PressableProps & RefAttributes<View>'.
  Property 'className' does not exist on type 'IntrinsicAttributes & PressableProps & RefAttributes<View>'.
src/components/design-system/SearchBar.tsx(53,11): error TS2322: Type '{ children: Element; onPress: () => void; className: string; }' is not assignable to type 'IntrinsicAttributes & PressableProps & RefAttributes<View>'.
  Property 'className' does not exist on type 'IntrinsicAttributes & PressableProps & RefAttributes<View>'.
src/components/design-system/SectionHeader.tsx(19,11): error TS2769: No overload matches this call.
  Overload 1 of 2, '(props: ViewProps): View', gave the following error.
    Type '{ children: (false | Element | undefined)[]; className: string; }' is not assignable to type 'IntrinsicAttributes & IntrinsicClassAttributes<View> & Readonly<ViewProps>'.
      Property 'className' does not exist on type 'IntrinsicAttributes & IntrinsicClassAttributes<View> & Readonly<ViewProps>'.
  Overload 2 of 2, '(props: ViewProps, context: any): View', gave the following error.
    Type '{ children: (false | Element | undefined)[]; className: string; }' is not assignable to type 'IntrinsicAttributes & IntrinsicClassAttributes<View> & Readonly<ViewProps>'.
      Property 'className' does not exist on type 'IntrinsicAttributes & IntrinsicClassAttributes<View> & Readonly<ViewProps>'.
src/components/design-system/SectionHeader.tsx(20,13): error TS2769: No overload matches this call.
  Overload 1 of 2, '(props: ViewProps): View', gave the following error.
    Type '{ children: ("" | Element | undefined)[]; className: string; }' is not assignable to type 'IntrinsicAttributes & IntrinsicClassAttributes<View> & Readonly<ViewProps>'.
      Property 'className' does not exist on type 'IntrinsicAttributes & IntrinsicClassAttributes<View> & Readonly<ViewProps>'.
  Overload 2 of 2, '(props: ViewProps, context: any): View', gave the following error.
    Type '{ children: ("" | Element | undefined)[]; className: string; }' is not assignable to type 'IntrinsicAttributes & IntrinsicClassAttributes<View> & Readonly<ViewProps>'.
      Property 'className' does not exist on type 'IntrinsicAttributes & IntrinsicClassAttributes<View> & Readonly<ViewProps>'.
src/components/design-system/SectionHeader.tsx(21,15): error TS2769: No overload matches this call.
  Overload 1 of 2, '(props: TextProps): Text', gave the following error.
    Type '{ children: string; className: string; }' is not assignable to type 'IntrinsicAttributes & IntrinsicClassAttributes<Text> & Readonly<TextProps>'.
      Property 'className' does not exist on type 'IntrinsicAttributes & IntrinsicClassAttributes<Text> & Readonly<TextProps>'.
  Overload 2 of 2, '(props: TextProps, context: any): Text', gave the following error.
    Type '{ children: string; className: string; }' is not assignable to type 'IntrinsicAttributes & IntrinsicClassAttributes<Text> & Readonly<TextProps>'.
      Property 'className' does not exist on type 'IntrinsicAttributes & IntrinsicClassAttributes<Text> & Readonly<TextProps>'.
src/components/design-system/SectionHeader.tsx(25,17): error TS2769: No overload matches this call.
  Overload 1 of 2, '(props: TextProps): Text', gave the following error.
    Type '{ children: string; className: string; }' is not assignable to type 'IntrinsicAttributes & IntrinsicClassAttributes<Text> & Readonly<TextProps>'.
      Property 'className' does not exist on type 'IntrinsicAttributes & IntrinsicClassAttributes<Text> & Readonly<TextProps>'.
  Overload 2 of 2, '(props: TextProps, context: any): Text', gave the following error.
    Type '{ children: string; className: string; }' is not assignable to type 'IntrinsicAttributes & IntrinsicClassAttributes<Text> & Readonly<TextProps>'.
      Property 'className' does not exist on type 'IntrinsicAttributes & IntrinsicClassAttributes<Text> & Readonly<TextProps>'.
src/components/design-system/SectionHeader.tsx(34,11): error TS2322: Type '{ children: Element[]; onPress: () => void; className: string; }' is not assignable to type 'IntrinsicAttributes & PressableProps & RefAttributes<View>'.
  Property 'className' does not exist on type 'IntrinsicAttributes & PressableProps & RefAttributes<View>'.
src/components/design-system/SectionHeader.tsx(36,17): error TS2769: No overload matches this call.
  Overload 1 of 2, '(props: TextProps): Text', gave the following error.
    Type '{ children: string; className: string; }' is not assignable to type 'IntrinsicAttributes & IntrinsicClassAttributes<Text> & Readonly<TextProps>'.
      Property 'className' does not exist on type 'IntrinsicAttributes & IntrinsicClassAttributes<Text> & Readonly<TextProps>'.
  Overload 2 of 2, '(props: TextProps, context: any): Text', gave the following error.
    Type '{ children: string; className: string; }' is not assignable to type 'IntrinsicAttributes & IntrinsicClassAttributes<Text> & Readonly<TextProps>'.
      Property 'className' does not exist on type 'IntrinsicAttributes & IntrinsicClassAttributes<Text> & Readonly<TextProps>'.
src/components/design-system/ShopCard.tsx(20,52): error TS2339: Property 'reviewCount' does not exist on type 'Shop'.
src/components/design-system/ShopCard.tsx(25,7): error TS2322: Type '{ children: Element[]; onPress: () => void; className: string; }' is not assignable to type 'IntrinsicAttributes & PressableProps & RefAttributes<View>'.
  Property 'className' does not exist on type 'IntrinsicAttributes & PressableProps & RefAttributes<View>'.
src/components/design-system/ShopCard.tsx(28,13): error TS2769: No overload matches this call.
  Overload 1 of 2, '(props: ViewProps): View', gave the following error.
    Type '{ children: Element; className: string; }' is not assignable to type 'IntrinsicAttributes & IntrinsicClassAttributes<View> & Readonly<ViewProps>'.
      Property 'className' does not exist on type 'IntrinsicAttributes & IntrinsicClassAttributes<View> & Readonly<ViewProps>'.
  Overload 2 of 2, '(props: ViewProps, context: any): View', gave the following error.
    Type '{ children: Element; className: string; }' is not assignable to type 'IntrinsicAttributes & IntrinsicClassAttributes<View> & Readonly<ViewProps>'.
      Property 'className' does not exist on type 'IntrinsicAttributes & IntrinsicClassAttributes<View> & Readonly<ViewProps>'.
src/components/design-system/ShopCard.tsx(29,15): error TS2339: Property 'image' does not exist on type 'Shop'.
src/components/design-system/ShopCard.tsx(31,33): error TS2339: Property 'image' does not exist on type 'Shop'.
src/components/design-system/ShopCard.tsx(32,13): error TS2769: No overload matches this call.
  Overload 1 of 2, '(props: ImageProps): Image', gave the following error.
    Type '{ source: { uri: any; }; className: string; resizeMode: "cover"; }' is not assignable to type 'IntrinsicAttributes & IntrinsicClassAttributes<Image> & Readonly<ImageProps>'.
      Property 'className' does not exist on type 'IntrinsicAttributes & IntrinsicClassAttributes<Image> & Readonly<ImageProps>'.
  Overload 2 of 2, '(props: ImageProps, context: any): Image', gave the following error.
    Type '{ source: { uri: any; }; className: string; resizeMode: "cover"; }' is not assignable to type 'IntrinsicAttributes & IntrinsicClassAttributes<Image> & Readonly<ImageProps>'.
      Property 'className' does not exist on type 'IntrinsicAttributes & IntrinsicClassAttributes<Image> & Readonly<ImageProps>'.
src/components/design-system/ShopCard.tsx(36,17): error TS2769: No overload matches this call.
  Overload 1 of 2, '(props: ViewProps): View', gave the following error.
    Type '{ children: Element; className: string; }' is not assignable to type 'IntrinsicAttributes & IntrinsicClassAttributes<View> & Readonly<ViewProps>'.
      Property 'className' does not exist on type 'IntrinsicAttributes & IntrinsicClassAttributes<View> & Readonly<ViewProps>'.
  Overload 2 of 2, '(props: ViewProps, context: any): View', gave the following error.
    Type '{ children: Element; className: string; }' is not assignable to type 'IntrinsicAttributes & IntrinsicClassAttributes<View> & Readonly<ViewProps>'.
      Property 'className' does not exist on type 'IntrinsicAttributes & IntrinsicClassAttributes<View> & Readonly<ViewProps>'.
src/components/design-system/ShopCard.tsx(43,13): error TS2769: No overload matches this call.
  Overload 1 of 2, '(props: ViewProps): View', gave the following error.
    Type '{ children: any[]; className: string; }' is not assignable to type 'IntrinsicAttributes & IntrinsicClassAttributes<View> & Readonly<ViewProps>'.
      Property 'className' does not exist on type 'IntrinsicAttributes & IntrinsicClassAttributes<View> & Readonly<ViewProps>'.
  Overload 2 of 2, '(props: ViewProps, context: any): View', gave the following error.
    Type '{ children: any[]; className: string; }' is not assignable to type 'IntrinsicAttributes & IntrinsicClassAttributes<View> & Readonly<ViewProps>'.
      Property 'className' does not exist on type 'IntrinsicAttributes & IntrinsicClassAttributes<View> & Readonly<ViewProps>'.
src/components/design-system/ShopCard.tsx(44,15): error TS2769: No overload matches this call.
  Overload 1 of 2, '(props: ViewProps): View', gave the following error.
    Type '{ children: any[]; className: string; }' is not assignable to type 'IntrinsicAttributes & IntrinsicClassAttributes<View> & Readonly<ViewProps>'.
      Property 'className' does not exist on type 'IntrinsicAttributes & IntrinsicClassAttributes<View> & Readonly<ViewProps>'.
  Overload 2 of 2, '(props: ViewProps, context: any): View', gave the following error.
    Type '{ children: any[]; className: string; }' is not assignable to type 'IntrinsicAttributes & IntrinsicClassAttributes<View> & Readonly<ViewProps>'.
      Property 'className' does not exist on type 'IntrinsicAttributes & IntrinsicClassAttributes<View> & Readonly<ViewProps>'.
src/components/design-system/ShopCard.tsx(45,17): error TS2769: No overload matches this call.
  Overload 1 of 2, '(props: ViewProps): View', gave the following error.
    Type '{ children: Element[]; className: string; }' is not assignable to type 'IntrinsicAttributes & IntrinsicClassAttributes<View> & Readonly<ViewProps>'.
      Property 'className' does not exist on type 'IntrinsicAttributes & IntrinsicClassAttributes<View> & Readonly<ViewProps>'.
  Overload 2 of 2, '(props: ViewProps, context: any): View', gave the following error.
    Type '{ children: Element[]; className: string; }' is not assignable to type 'IntrinsicAttributes & IntrinsicClassAttributes<View> & Readonly<ViewProps>'.
      Property 'className' does not exist on type 'IntrinsicAttributes & IntrinsicClassAttributes<View> & Readonly<ViewProps>'.
src/components/design-system/ShopCard.tsx(46,19): error TS2769: No overload matches this call.
  Overload 1 of 2, '(props: TextProps): Text', gave the following error.
    Type '{ children: string; className: string; }' is not assignable to type 'IntrinsicAttributes & IntrinsicClassAttributes<Text> & Readonly<TextProps>'.
      Property 'className' does not exist on type 'IntrinsicAttributes & IntrinsicClassAttributes<Text> & Readonly<TextProps>'.
  Overload 2 of 2, '(props: TextProps, context: any): Text', gave the following error.
    Type '{ children: string; className: string; }' is not assignable to type 'IntrinsicAttributes & IntrinsicClassAttributes<Text> & Readonly<TextProps>'.
      Property 'className' does not exist on type 'IntrinsicAttributes & IntrinsicClassAttributes<Text> & Readonly<TextProps>'.
src/components/design-system/ShopCard.tsx(49,19): error TS2769: No overload matches this call.
  Overload 1 of 2, '(props: TextProps): Text', gave the following error.
    Type '{ children: string; className: string; }' is not assignable to type 'IntrinsicAttributes & IntrinsicClassAttributes<Text> & Readonly<TextProps>'.
      Property 'className' does not exist on type 'IntrinsicAttributes & IntrinsicClassAttributes<Text> & Readonly<TextProps>'.
  Overload 2 of 2, '(props: TextProps, context: any): Text', gave the following error.
    Type '{ children: string; className: string; }' is not assignable to type 'IntrinsicAttributes & IntrinsicClassAttributes<Text> & Readonly<TextProps>'.
      Property 'className' does not exist on type 'IntrinsicAttributes & IntrinsicClassAttributes<Text> & Readonly<TextProps>'.
src/components/design-system/ShopCard.tsx(53,17): error TS2339: Property 'verified' does not exist on type 'Shop'.
src/components/design-system/ShopCard.tsx(54,19): error TS2769: No overload matches this call.
  Overload 1 of 2, '(props: ViewProps): View', gave the following error.
    Type '{ children: Element; className: string; }' is not assignable to type 'IntrinsicAttributes & IntrinsicClassAttributes<View> & Readonly<ViewProps>'.
      Property 'className' does not exist on type 'IntrinsicAttributes & IntrinsicClassAttributes<View> & Readonly<ViewProps>'.
  Overload 2 of 2, '(props: ViewProps, context: any): View', gave the following error.
    Type '{ children: Element; className: string; }' is not assignable to type 'IntrinsicAttributes & IntrinsicClassAttributes<View> & Readonly<ViewProps>'.
      Property 'className' does not exist on type 'IntrinsicAttributes & IntrinsicClassAttributes<View> & Readonly<ViewProps>'.
src/components/design-system/ShopCard.tsx(61,15): error TS2769: No overload matches this call.
  Overload 1 of 2, '(props: ViewProps): View', gave the following error.
    Type '{ children: any[]; className: string; }' is not assignable to type 'IntrinsicAttributes & IntrinsicClassAttributes<View> & Readonly<ViewProps>'.
      Property 'className' does not exist on type 'IntrinsicAttributes & IntrinsicClassAttributes<View> & Readonly<ViewProps>'.
  Overload 2 of 2, '(props: ViewProps, context: any): View', gave the following error.
    Type '{ children: any[]; className: string; }' is not assignable to type 'IntrinsicAttributes & IntrinsicClassAttributes<View> & Readonly<ViewProps>'.
      Property 'className' does not exist on type 'IntrinsicAttributes & IntrinsicClassAttributes<View> & Readonly<ViewProps>'.
src/components/design-system/ShopCard.tsx(63,17): error TS2769: No overload matches this call.
  Overload 1 of 2, '(props: ViewProps): View', gave the following error.
    Type '{ children: Element[]; className: string; }' is not assignable to type 'IntrinsicAttributes & IntrinsicClassAttributes<View> & Readonly<ViewProps>'.
      Property 'className' does not exist on type 'IntrinsicAttributes & IntrinsicClassAttributes<View> & Readonly<ViewProps>'.
  Overload 2 of 2, '(props: ViewProps, context: any): View', gave the following error.
    Type '{ children: Element[]; className: string; }' is not assignable to type 'IntrinsicAttributes & IntrinsicClassAttributes<View> & Readonly<ViewProps>'.
      Property 'className' does not exist on type 'IntrinsicAttributes & IntrinsicClassAttributes<View> & Readonly<ViewProps>'.
src/components/design-system/ShopCard.tsx(65,19): error TS2769: No overload matches this call.
  Overload 1 of 2, '(props: TextProps): Text', gave the following error.
    Type '{ children: string; className: string; }' is not assignable to type 'IntrinsicAttributes & IntrinsicClassAttributes<Text> & Readonly<TextProps>'.
      Property 'className' does not exist on type 'IntrinsicAttributes & IntrinsicClassAttributes<Text> & Readonly<TextProps>'.
  Overload 2 of 2, '(props: TextProps, context: any): Text', gave the following error.
    Type '{ children: string; className: string; }' is not assignable to type 'IntrinsicAttributes & IntrinsicClassAttributes<Text> & Readonly<TextProps>'.
      Property 'className' does not exist on type 'IntrinsicAttributes & IntrinsicClassAttributes<Text> & Readonly<TextProps>'.
src/components/design-system/ShopCard.tsx(72,19): error TS2769: No overload matches this call.
  Overload 1 of 2, '(props: TextProps): Text', gave the following error.
    Type '{ children: string[]; className: string; }' is not assignable to type 'IntrinsicAttributes & IntrinsicClassAttributes<Text> & Readonly<TextProps>'.
      Property 'className' does not exist on type 'IntrinsicAttributes & IntrinsicClassAttributes<Text> & Readonly<TextProps>'.
  Overload 2 of 2, '(props: TextProps, context: any): Text', gave the following error.
    Type '{ children: string[]; className: string; }' is not assignable to type 'IntrinsicAttributes & IntrinsicClassAttributes<Text> & Readonly<TextProps>'.
      Property 'className' does not exist on type 'IntrinsicAttributes & IntrinsicClassAttributes<Text> & Readonly<TextProps>'.
src/components/design-system/ShopCard.tsx(78,17): error TS2339: Property 'deliveryTime' does not exist on type 'Shop'.
src/components/design-system/ShopCard.tsx(79,19): error TS2769: No overload matches this call.
  Overload 1 of 2, '(props: ViewProps): View', gave the following error.
    Type '{ children: Element[]; className: string; }' is not assignable to type 'IntrinsicAttributes & IntrinsicClassAttributes<View> & Readonly<ViewProps>'.
      Property 'className' does not exist on type 'IntrinsicAttributes & IntrinsicClassAttributes<View> & Readonly<ViewProps>'.
  Overload 2 of 2, '(props: ViewProps, context: any): View', gave the following error.
    Type '{ children: Element[]; className: string; }' is not assignable to type 'IntrinsicAttributes & IntrinsicClassAttributes<View> & Readonly<ViewProps>'.
      Property 'className' does not exist on type 'IntrinsicAttributes & IntrinsicClassAttributes<View> & Readonly<ViewProps>'.
src/components/design-system/ShopCard.tsx(81,21): error TS2769: No overload matches this call.
  Overload 1 of 2, '(props: TextProps): Text', gave the following error.
    Type '{ children: any[]; className: string; }' is not assignable to type 'IntrinsicAttributes & IntrinsicClassAttributes<Text> & Readonly<TextProps>'.
      Property 'className' does not exist on type 'IntrinsicAttributes & IntrinsicClassAttributes<Text> & Readonly<TextProps>'.
  Overload 2 of 2, '(props: TextProps, context: any): Text', gave the following error.
    Type '{ children: any[]; className: string; }' is not assignable to type 'IntrinsicAttributes & IntrinsicClassAttributes<Text> & Readonly<TextProps>'.
      Property 'className' does not exist on type 'IntrinsicAttributes & IntrinsicClassAttributes<Text> & Readonly<TextProps>'.
src/components/design-system/ShopCard.tsx(82,23): error TS2339: Property 'deliveryTime' does not exist on type 'Shop'.
src/components/design-system/ShopCard.tsx(89,15): error TS2339: Property 'status' does not exist on type 'Shop'.
src/components/design-system/ShopCard.tsx(90,17): error TS2769: No overload matches this call.
  Overload 1 of 2, '(props: ViewProps): View', gave the following error.
    Type '{ children: Element; className: string; }' is not assignable to type 'IntrinsicAttributes & IntrinsicClassAttributes<View> & Readonly<ViewProps>'.
      Property 'className' does not exist on type 'IntrinsicAttributes & IntrinsicClassAttributes<View> & Readonly<ViewProps>'.
  Overload 2 of 2, '(props: ViewProps, context: any): View', gave the following error.
    Type '{ children: Element; className: string; }' is not assignable to type 'IntrinsicAttributes & IntrinsicClassAttributes<View> & Readonly<ViewProps>'.
      Property 'className' does not exist on type 'IntrinsicAttributes & IntrinsicClassAttributes<View> & Readonly<ViewProps>'.
src/components/design-system/ShopCard.tsx(91,19): error TS2769: No overload matches this call.
  Overload 1 of 2, '(props: ViewProps): View', gave the following error.
    Type '{ children: Element; className: string; }' is not assignable to type 'IntrinsicAttributes & IntrinsicClassAttributes<View> & Readonly<ViewProps>'.
      Property 'className' does not exist on type 'IntrinsicAttributes & IntrinsicClassAttributes<View> & Readonly<ViewProps>'.
  Overload 2 of 2, '(props: ViewProps, context: any): View', gave the following error.
    Type '{ children: Element; className: string; }' is not assignable to type 'IntrinsicAttributes & IntrinsicClassAttributes<View> & Readonly<ViewProps>'.
      Property 'className' does not exist on type 'IntrinsicAttributes & IntrinsicClassAttributes<View> & Readonly<ViewProps>'.
src/components/design-system/ShopCard.tsx(92,20): error TS2339: Property 'status' does not exist on type 'Shop'.
src/components/design-system/ShopCard.tsx(94,21): error TS2769: No overload matches this call.
  Overload 1 of 2, '(props: TextProps): Text', gave the following error.
    Type '{ children: string; className: string; }' is not assignable to type 'IntrinsicAttributes & IntrinsicClassAttributes<Text> & Readonly<TextProps>'.
      Property 'className' does not exist on type 'IntrinsicAttributes & IntrinsicClassAttributes<Text> & Readonly<TextProps>'.
  Overload 2 of 2, '(props: TextProps, context: any): Text', gave the following error.
    Type '{ children: string; className: string; }' is not assignable to type 'IntrinsicAttributes & IntrinsicClassAttributes<Text> & Readonly<TextProps>'.
      Property 'className' does not exist on type 'IntrinsicAttributes & IntrinsicClassAttributes<Text> & Readonly<TextProps>'.
src/components/design-system/ShopCard.tsx(95,22): error TS2339: Property 'status' does not exist on type 'Shop'.
src/components/design-system/ShopCard.tsx(97,23): error TS2339: Property 'status' does not exist on type 'Shop'.
src/screens/home/HomeScreen.tsx(101,19): error TS2769: No overload matches this call.
  Overload 1 of 2, '(props: ViewProps): SafeAreaView', gave the following error.
    Type '{ children: Element[]; className: string; }' is not assignable to type 'IntrinsicAttributes & IntrinsicClassAttributes<SafeAreaView> & Readonly<ViewProps>'.
      Property 'className' does not exist on type 'IntrinsicAttributes & IntrinsicClassAttributes<SafeAreaView> & Readonly<ViewProps>'.
  Overload 2 of 2, '(props: ViewProps, context: any): SafeAreaView', gave the following error.
    Type '{ children: Element[]; className: string; }' is not assignable to type 'IntrinsicAttributes & IntrinsicClassAttributes<SafeAreaView> & Readonly<ViewProps>'.
      Property 'className' does not exist on type 'IntrinsicAttributes & IntrinsicClassAttributes<SafeAreaView> & Readonly<ViewProps>'.
src/screens/home/HomeScreen.tsx(105,13): error TS2769: No overload matches this call.
  Overload 1 of 2, '(props: ViewProps): View', gave the following error.
    Type '{ children: Element[]; className: string; }' is not assignable to type 'IntrinsicAttributes & IntrinsicClassAttributes<View> & Readonly<ViewProps>'.
      Property 'className' does not exist on type 'IntrinsicAttributes & IntrinsicClassAttributes<View> & Readonly<ViewProps>'.
  Overload 2 of 2, '(props: ViewProps, context: any): View', gave the following error.
    Type '{ children: Element[]; className: string; }' is not assignable to type 'IntrinsicAttributes & IntrinsicClassAttributes<View> & Readonly<ViewProps>'.
      Property 'className' does not exist on type 'IntrinsicAttributes & IntrinsicClassAttributes<View> & Readonly<ViewProps>'.
src/screens/home/HomeScreen.tsx(107,15): error TS2769: No overload matches this call.
  Overload 1 of 2, '(props: ViewProps): View', gave the following error.
    Type '{ children: Element[]; className: string; }' is not assignable to type 'IntrinsicAttributes & IntrinsicClassAttributes<View> & Readonly<ViewProps>'.
      Property 'className' does not exist on type 'IntrinsicAttributes & IntrinsicClassAttributes<View> & Readonly<ViewProps>'.
  Overload 2 of 2, '(props: ViewProps, context: any): View', gave the following error.
    Type '{ children: Element[]; className: string; }' is not assignable to type 'IntrinsicAttributes & IntrinsicClassAttributes<View> & Readonly<ViewProps>'.
      Property 'className' does not exist on type 'IntrinsicAttributes & IntrinsicClassAttributes<View> & Readonly<ViewProps>'.
src/screens/home/HomeScreen.tsx(109,17): error TS2769: No overload matches this call.
  Overload 1 of 2, '(props: TextProps): Text', gave the following error.
    Type '{ children: Element[]; className: string; }' is not assignable to type 'IntrinsicAttributes & IntrinsicClassAttributes<Text> & Readonly<TextProps>'.
      Property 'className' does not exist on type 'IntrinsicAttributes & IntrinsicClassAttributes<Text> & Readonly<TextProps>'.
  Overload 2 of 2, '(props: TextProps, context: any): Text', gave the following error.
    Type '{ children: Element[]; className: string; }' is not assignable to type 'IntrinsicAttributes & IntrinsicClassAttributes<Text> & Readonly<TextProps>'.
      Property 'className' does not exist on type 'IntrinsicAttributes & IntrinsicClassAttributes<Text> & Readonly<TextProps>'.
src/screens/home/HomeScreen.tsx(110,19): error TS2769: No overload matches this call.
  Overload 1 of 2, '(props: TextProps): Text', gave the following error.
    Type '{ children: string; className: string; }' is not assignable to type 'IntrinsicAttributes & IntrinsicClassAttributes<Text> & Readonly<TextProps>'.
      Property 'className' does not exist on type 'IntrinsicAttributes & IntrinsicClassAttributes<Text> & Readonly<TextProps>'.
  Overload 2 of 2, '(props: TextProps, context: any): Text', gave the following error.
    Type '{ children: string; className: string; }' is not assignable to type 'IntrinsicAttributes & IntrinsicClassAttributes<Text> & Readonly<TextProps>'.
      Property 'className' does not exist on type 'IntrinsicAttributes & IntrinsicClassAttributes<Text> & Readonly<TextProps>'.
src/screens/home/HomeScreen.tsx(111,19): error TS2769: No overload matches this call.
  Overload 1 of 2, '(props: TextProps): Text', gave the following error.
    Type '{ children: string; className: string; }' is not assignable to type 'IntrinsicAttributes & IntrinsicClassAttributes<Text> & Readonly<TextProps>'.
      Property 'className' does not exist on type 'IntrinsicAttributes & IntrinsicClassAttributes<Text> & Readonly<TextProps>'.
  Overload 2 of 2, '(props: TextProps, context: any): Text', gave the following error.
    Type '{ children: string; className: string; }' is not assignable to type 'IntrinsicAttributes & IntrinsicClassAttributes<Text> & Readonly<TextProps>'.
      Property 'className' does not exist on type 'IntrinsicAttributes & IntrinsicClassAttributes<Text> & Readonly<TextProps>'.
src/screens/home/HomeScreen.tsx(112,19): error TS2769: No overload matches this call.
  Overload 1 of 2, '(props: TextProps): Text', gave the following error.
    Type '{ children: string; className: string; }' is not assignable to type 'IntrinsicAttributes & IntrinsicClassAttributes<Text> & Readonly<TextProps>'.
      Property 'className' does not exist on type 'IntrinsicAttributes & IntrinsicClassAttributes<Text> & Readonly<TextProps>'.
  Overload 2 of 2, '(props: TextProps, context: any): Text', gave the following error.
    Type '{ children: string; className: string; }' is not assignable to type 'IntrinsicAttributes & IntrinsicClassAttributes<Text> & Readonly<TextProps>'.
      Property 'className' does not exist on type 'IntrinsicAttributes & IntrinsicClassAttributes<Text> & Readonly<TextProps>'.
src/screens/home/HomeScreen.tsx(118,13): error TS2322: Type '{ children: Element[]; onPress: () => void; className: string; }' is not assignable to type 'IntrinsicAttributes & PressableProps & RefAttributes<View>'.
  Property 'className' does not exist on type 'IntrinsicAttributes & PressableProps & RefAttributes<View>'.
src/screens/home/HomeScreen.tsx(121,19): error TS2769: No overload matches this call.
  Overload 1 of 2, '(props: ViewProps): View', gave the following error.
    Type '{ children: Element[]; className: string; }' is not assignable to type 'IntrinsicAttributes & IntrinsicClassAttributes<View> & Readonly<ViewProps>'.
      Property 'className' does not exist on type 'IntrinsicAttributes & IntrinsicClassAttributes<View> & Readonly<ViewProps>'.
  Overload 2 of 2, '(props: ViewProps, context: any): View', gave the following error.
    Type '{ children: Element[]; className: string; }' is not assignable to type 'IntrinsicAttributes & IntrinsicClassAttributes<View> & Readonly<ViewProps>'.
      Property 'className' does not exist on type 'IntrinsicAttributes & IntrinsicClassAttributes<View> & Readonly<ViewProps>'.
src/screens/home/HomeScreen.tsx(122,21): error TS2769: No overload matches this call.
  Overload 1 of 2, '(props: TextProps): Text', gave the following error.
    Type '{ children: string; className: string; }' is not assignable to type 'IntrinsicAttributes & IntrinsicClassAttributes<Text> & Readonly<TextProps>'.
      Property 'className' does not exist on type 'IntrinsicAttributes & IntrinsicClassAttributes<Text> & Readonly<TextProps>'.
  Overload 2 of 2, '(props: TextProps, context: any): Text', gave the following error.
    Type '{ children: string; className: string; }' is not assignable to type 'IntrinsicAttributes & IntrinsicClassAttributes<Text> & Readonly<TextProps>'.
      Property 'className' does not exist on type 'IntrinsicAttributes & IntrinsicClassAttributes<Text> & Readonly<TextProps>'.
src/screens/home/HomeScreen.tsx(123,21): error TS2769: No overload matches this call.
  Overload 1 of 2, '(props: ViewProps): View', gave the following error.
    Type '{ children: (false | Element)[]; className: string; }' is not assignable to type 'IntrinsicAttributes & IntrinsicClassAttributes<View> & Readonly<ViewProps>'.
      Property 'className' does not exist on type 'IntrinsicAttributes & IntrinsicClassAttributes<View> & Readonly<ViewProps>'.
  Overload 2 of 2, '(props: ViewProps, context: any): View', gave the following error.
    Type '{ children: (false | Element)[]; className: string; }' is not assignable to type 'IntrinsicAttributes & IntrinsicClassAttributes<View> & Readonly<ViewProps>'.
      Property 'className' does not exist on type 'IntrinsicAttributes & IntrinsicClassAttributes<View> & Readonly<ViewProps>'.
src/screens/home/HomeScreen.tsx(127,23): error TS2769: No overload matches this call.
  Overload 1 of 2, '(props: TextProps): Text', gave the following error.
    Type '{ children: string; className: string; numberOfLines: number; }' is not assignable to type 'IntrinsicAttributes & IntrinsicClassAttributes<Text> & Readonly<TextProps>'.
      Property 'className' does not exist on type 'IntrinsicAttributes & IntrinsicClassAttributes<Text> & Readonly<TextProps>'.
  Overload 2 of 2, '(props: TextProps, context: any): Text', gave the following error.
    Type '{ children: string; className: string; numberOfLines: number; }' is not assignable to type 'IntrinsicAttributes & IntrinsicClassAttributes<Text> & Readonly<TextProps>'.
      Property 'className' does not exist on type 'IntrinsicAttributes & IntrinsicClassAttributes<Text> & Readonly<TextProps>'.
src/screens/home/HomeScreen.tsx(136,17): error TS2769: No overload matches this call.
  Overload 1 of 2, '(props: ViewProps): View', gave the following error.
    Type '{ children: Element[]; className: string; }' is not assignable to type 'IntrinsicAttributes & IntrinsicClassAttributes<View> & Readonly<ViewProps>'.
      Property 'className' does not exist on type 'IntrinsicAttributes & IntrinsicClassAttributes<View> & Readonly<ViewProps>'.
  Overload 2 of 2, '(props: ViewProps, context: any): View', gave the following error.
    Type '{ children: Element[]; className: string; }' is not assignable to type 'IntrinsicAttributes & IntrinsicClassAttributes<View> & Readonly<ViewProps>'.
      Property 'className' does not exist on type 'IntrinsicAttributes & IntrinsicClassAttributes<View> & Readonly<ViewProps>'.
src/screens/home/HomeScreen.tsx(137,24): error TS2322: Type '{ children: Element[]; className: string; }' is not assignable to type 'IntrinsicAttributes & PressableProps & RefAttributes<View>'.
  Property 'className' does not exist on type 'IntrinsicAttributes & PressableProps & RefAttributes<View>'.
src/screens/home/HomeScreen.tsx(139,21): error TS2769: No overload matches this call.
  Overload 1 of 2, '(props: ViewProps): View', gave the following error.
    Type '{ children: Element; className: string; }' is not assignable to type 'IntrinsicAttributes & IntrinsicClassAttributes<View> & Readonly<ViewProps>'.
      Property 'className' does not exist on type 'IntrinsicAttributes & IntrinsicClassAttributes<View> & Readonly<ViewProps>'.
  Overload 2 of 2, '(props: ViewProps, context: any): View', gave the following error.
    Type '{ children: Element; className: string; }' is not assignable to type 'IntrinsicAttributes & IntrinsicClassAttributes<View> & Readonly<ViewProps>'.
      Property 'className' does not exist on type 'IntrinsicAttributes & IntrinsicClassAttributes<View> & Readonly<ViewProps>'.
src/screens/home/HomeScreen.tsx(140,23): error TS2769: No overload matches this call.
  Overload 1 of 2, '(props: TextProps): Text', gave the following error.
    Type '{ children: string; className: string; }' is not assignable to type 'IntrinsicAttributes & IntrinsicClassAttributes<Text> & Readonly<TextProps>'.
      Property 'className' does not exist on type 'IntrinsicAttributes & IntrinsicClassAttributes<Text> & Readonly<TextProps>'.
  Overload 2 of 2, '(props: TextProps, context: any): Text', gave the following error.
    Type '{ children: string; className: string; }' is not assignable to type 'IntrinsicAttributes & IntrinsicClassAttributes<Text> & Readonly<TextProps>'.
      Property 'className' does not exist on type 'IntrinsicAttributes & IntrinsicClassAttributes<Text> & Readonly<TextProps>'.
src/screens/home/HomeScreen.tsx(152,15): error TS2769: No overload matches this call.
  Overload 1 of 2, '(props: ViewProps): View', gave the following error.
    Type '{ children: ("" | Element)[]; className: string; }' is not assignable to type 'IntrinsicAttributes & IntrinsicClassAttributes<View> & Readonly<ViewProps>'.
      Property 'className' does not exist on type 'IntrinsicAttributes & IntrinsicClassAttributes<View> & Readonly<ViewProps>'.
  Overload 2 of 2, '(props: ViewProps, context: any): View', gave the following error.
    Type '{ children: ("" | Element)[]; className: string; }' is not assignable to type 'IntrinsicAttributes & IntrinsicClassAttributes<View> & Readonly<ViewProps>'.
      Property 'className' does not exist on type 'IntrinsicAttributes & IntrinsicClassAttributes<View> & Readonly<ViewProps>'.
src/screens/home/HomeScreen.tsx(155,13): error TS2769: No overload matches this call.
  Overload 1 of 2, '(props: TextInputProps): TextInput', gave the following error.
    Type '{ className: string; placeholder: string; placeholderTextColor: string; value: string; onChangeText: Dispatch<SetStateAction<string>>; onFocus: () => void; onBlur: () => void; }' is not assignable to type 'IntrinsicAttributes & IntrinsicClassAttributes<TextInput> & Readonly<TextInputProps>'.
      Property 'className' does not exist on type 'IntrinsicAttributes & IntrinsicClassAttributes<TextInput> & Readonly<TextInputProps>'.
  Overload 2 of 2, '(props: TextInputProps, context: any): TextInput', gave the following error.
    Type '{ className: string; placeholder: string; placeholderTextColor: string; value: string; onChangeText: Dispatch<SetStateAction<string>>; onFocus: () => void; onBlur: () => void; }' is not assignable to type 'IntrinsicAttributes & IntrinsicClassAttributes<TextInput> & Readonly<TextInputProps>'.
      Property 'className' does not exist on type 'IntrinsicAttributes & IntrinsicClassAttributes<TextInput> & Readonly<TextInputProps>'.
src/screens/home/HomeScreen.tsx(173,9): error TS2769: No overload matches this call.
  Overload 1 of 2, '(props: ScrollViewProps): ScrollView', gave the following error.
    Type '{ children: (false | Element | null)[]; showsVerticalScrollIndicator: false; className: string; contentContainerStyle: { paddingBottom: number; }; }' is not assignable to type 'IntrinsicAttributes & IntrinsicClassAttributes<ScrollView> & Readonly<ScrollViewProps>'.
      Property 'className' does not exist on type 'IntrinsicAttributes & IntrinsicClassAttributes<ScrollView> & Readonly<ScrollViewProps>'.
  Overload 2 of 2, '(props: ScrollViewProps, context: any): ScrollView', gave the following error.
    Type '{ children: (false | Element | null)[]; showsVerticalScrollIndicator: false; className: string; contentContainerStyle: { paddingBottom: number; }; }' is not assignable to type 'IntrinsicAttributes & IntrinsicClassAttributes<ScrollView> & Readonly<ScrollViewProps>'.
      Property 'className' does not exist on type 'IntrinsicAttributes & IntrinsicClassAttributes<ScrollView> & Readonly<ScrollViewProps>'.
src/screens/home/HomeScreen.tsx(180,13): error TS2322: Type '{ children: Element[]; onPress: () => any; className: string; }' is not assignable to type 'IntrinsicAttributes & PressableProps & RefAttributes<View>'.
  Property 'className' does not exist on type 'IntrinsicAttributes & PressableProps & RefAttributes<View>'.
src/screens/home/HomeScreen.tsx(182,19): error TS2769: No overload matches this call.
  Overload 1 of 2, '(props: ViewProps): View', gave the following error.
    Type '{ children: Element; className: string; }' is not assignable to type 'IntrinsicAttributes & IntrinsicClassAttributes<View> & Readonly<ViewProps>'.
      Property 'className' does not exist on type 'IntrinsicAttributes & IntrinsicClassAttributes<View> & Readonly<ViewProps>'.
  Overload 2 of 2, '(props: ViewProps, context: any): View', gave the following error.
    Type '{ children: Element; className: string; }' is not assignable to type 'IntrinsicAttributes & IntrinsicClassAttributes<View> & Readonly<ViewProps>'.
      Property 'className' does not exist on type 'IntrinsicAttributes & IntrinsicClassAttributes<View> & Readonly<ViewProps>'.
src/screens/home/HomeScreen.tsx(185,19): error TS2769: No overload matches this call.
  Overload 1 of 2, '(props: ViewProps): View', gave the following error.
    Type '{ children: Element[]; className: string; }' is not assignable to type 'IntrinsicAttributes & IntrinsicClassAttributes<View> & Readonly<ViewProps>'.
      Property 'className' does not exist on type 'IntrinsicAttributes & IntrinsicClassAttributes<View> & Readonly<ViewProps>'.
  Overload 2 of 2, '(props: ViewProps, context: any): View', gave the following error.
    Type '{ children: Element[]; className: string; }' is not assignable to type 'IntrinsicAttributes & IntrinsicClassAttributes<View> & Readonly<ViewProps>'.
      Property 'className' does not exist on type 'IntrinsicAttributes & IntrinsicClassAttributes<View> & Readonly<ViewProps>'.
src/screens/home/HomeScreen.tsx(186,21): error TS2769: No overload matches this call.
  Overload 1 of 2, '(props: TextProps): Text', gave the following error.
    Type '{ children: (string | undefined)[]; className: string; }' is not assignable to type 'IntrinsicAttributes & IntrinsicClassAttributes<Text> & Readonly<TextProps>'.
      Property 'className' does not exist on type 'IntrinsicAttributes & IntrinsicClassAttributes<Text> & Readonly<TextProps>'.
  Overload 2 of 2, '(props: TextProps, context: any): Text', gave the following error.
    Type '{ children: (string | undefined)[]; className: string; }' is not assignable to type 'IntrinsicAttributes & IntrinsicClassAttributes<Text> & Readonly<TextProps>'.
      Property 'className' does not exist on type 'IntrinsicAttributes & IntrinsicClassAttributes<Text> & Readonly<TextProps>'.
src/screens/home/HomeScreen.tsx(189,21): error TS2769: No overload matches this call.
  Overload 1 of 2, '(props: TextProps): Text', gave the following error.
    Type '{ children: string; className: string; }' is not assignable to type 'IntrinsicAttributes & IntrinsicClassAttributes<Text> & Readonly<TextProps>'.
      Property 'className' does not exist on type 'IntrinsicAttributes & IntrinsicClassAttributes<Text> & Readonly<TextProps>'.
  Overload 2 of 2, '(props: TextProps, context: any): Text', gave the following error.
    Type '{ children: string; className: string; }' is not assignable to type 'IntrinsicAttributes & IntrinsicClassAttributes<Text> & Readonly<TextProps>'.
      Property 'className' does not exist on type 'IntrinsicAttributes & IntrinsicClassAttributes<Text> & Readonly<TextProps>'.
src/screens/home/HomeScreen.tsx(196,15): error TS2769: No overload matches this call.
  Overload 1 of 2, '(props: ViewProps): View', gave the following error.
    Type '{ children: (false | Element)[]; className: string; }' is not assignable to type 'IntrinsicAttributes & IntrinsicClassAttributes<View> & Readonly<ViewProps>'.
      Property 'className' does not exist on type 'IntrinsicAttributes & IntrinsicClassAttributes<View> & Readonly<ViewProps>'.
  Overload 2 of 2, '(props: ViewProps, context: any): View', gave the following error.
    Type '{ children: (false | Element)[]; className: string; }' is not assignable to type 'IntrinsicAttributes & IntrinsicClassAttributes<View> & Readonly<ViewProps>'.
      Property 'className' does not exist on type 'IntrinsicAttributes & IntrinsicClassAttributes<View> & Readonly<ViewProps>'.
src/screens/home/HomeScreen.tsx(197,17): error TS2769: No overload matches this call.
  Overload 1 of 2, '(props: ViewProps): View', gave the following error.
    Type '{ children: Element[]; className: string; }' is not assignable to type 'IntrinsicAttributes & IntrinsicClassAttributes<View> & Readonly<ViewProps>'.
      Property 'className' does not exist on type 'IntrinsicAttributes & IntrinsicClassAttributes<View> & Readonly<ViewProps>'.
  Overload 2 of 2, '(props: ViewProps, context: any): View', gave the following error.
    Type '{ children: Element[]; className: string; }' is not assignable to type 'IntrinsicAttributes & IntrinsicClassAttributes<View> & Readonly<ViewProps>'.
      Property 'className' does not exist on type 'IntrinsicAttributes & IntrinsicClassAttributes<View> & Readonly<ViewProps>'.
src/screens/home/HomeScreen.tsx(198,19): error TS2769: No overload matches this call.
  Overload 1 of 2, '(props: TextProps): Text', gave the following error.
    Type '{ children: string; className: string; }' is not assignable to type 'IntrinsicAttributes & IntrinsicClassAttributes<Text> & Readonly<TextProps>'.
      Property 'className' does not exist on type 'IntrinsicAttributes & IntrinsicClassAttributes<Text> & Readonly<TextProps>'.
  Overload 2 of 2, '(props: TextProps, context: any): Text', gave the following error.
    Type '{ children: string; className: string; }' is not assignable to type 'IntrinsicAttributes & IntrinsicClassAttributes<Text> & Readonly<TextProps>'.
      Property 'className' does not exist on type 'IntrinsicAttributes & IntrinsicClassAttributes<Text> & Readonly<TextProps>'.
src/screens/home/HomeScreen.tsx(201,19): error TS2769: No overload matches this call.
  Overload 1 of 2, '(props: TextProps): Text', gave the following error.
    Type '{ children: string; className: string; }' is not assignable to type 'IntrinsicAttributes & IntrinsicClassAttributes<Text> & Readonly<TextProps>'.
      Property 'className' does not exist on type 'IntrinsicAttributes & IntrinsicClassAttributes<Text> & Readonly<TextProps>'.
  Overload 2 of 2, '(props: TextProps, context: any): Text', gave the following error.
    Type '{ children: string; className: string; }' is not assignable to type 'IntrinsicAttributes & IntrinsicClassAttributes<Text> & Readonly<TextProps>'.
      Property 'className' does not exist on type 'IntrinsicAttributes & IntrinsicClassAttributes<Text> & Readonly<TextProps>'.
src/screens/home/HomeScreen.tsx(204,19): error TS2769: No overload matches this call.
  Overload 1 of 2, '(props: TextProps): Text', gave the following error.
    Type '{ children: string[]; className: string; }' is not assignable to type 'IntrinsicAttributes & IntrinsicClassAttributes<Text> & Readonly<TextProps>'.
      Property 'className' does not exist on type 'IntrinsicAttributes & IntrinsicClassAttributes<Text> & Readonly<TextProps>'.
  Overload 2 of 2, '(props: TextProps, context: any): Text', gave the following error.
    Type '{ children: string[]; className: string; }' is not assignable to type 'IntrinsicAttributes & IntrinsicClassAttributes<Text> & Readonly<TextProps>'.
      Property 'className' does not exist on type 'IntrinsicAttributes & IntrinsicClassAttributes<Text> & Readonly<TextProps>'.
src/screens/home/HomeScreen.tsx(209,15): error TS2322: Type '{ children: Element[]; onPress: () => any; className: string; }' is not assignable to type 'IntrinsicAttributes & PressableProps & RefAttributes<View>'.
  Property 'className' does not exist on type 'IntrinsicAttributes & PressableProps & RefAttributes<View>'.
src/screens/home/HomeScreen.tsx(211,21): error TS2769: No overload matches this call.
  Overload 1 of 2, '(props: TextProps): Text', gave the following error.
    Type '{ children: string; className: string; }' is not assignable to type 'IntrinsicAttributes & IntrinsicClassAttributes<Text> & Readonly<TextProps>'.
      Property 'className' does not exist on type 'IntrinsicAttributes & IntrinsicClassAttributes<Text> & Readonly<TextProps>'.
  Overload 2 of 2, '(props: TextProps, context: any): Text', gave the following error.
    Type '{ children: string; className: string; }' is not assignable to type 'IntrinsicAttributes & IntrinsicClassAttributes<Text> & Readonly<TextProps>'.
      Property 'className' does not exist on type 'IntrinsicAttributes & IntrinsicClassAttributes<Text> & Readonly<TextProps>'.
src/screens/home/HomeScreen.tsx(218,15): error TS2769: No overload matches this call.
  Overload 1 of 2, '(props: ImageProps): Image', gave the following error.
    Type '{ source: { uri: "https://res.cloudinary.com/qbm45y5k/image/upload/v1787637143/grocessorybag.jpg"; }; className: string; resizeMode: "contain"; }' is not assignable to type 'IntrinsicAttributes & IntrinsicClassAttributes<Image> & Readonly<ImageProps>'.
      Property 'className' does not exist on type 'IntrinsicAttributes & IntrinsicClassAttributes<Image> & Readonly<ImageProps>'.
  Overload 2 of 2, '(props: ImageProps, context: any): Image', gave the following error.
    Type '{ source: { uri: "https://res.cloudinary.com/qbm45y5k/image/upload/v1787637143/grocessorybag.jpg"; }; className: string; resizeMode: "contain"; }' is not assignable to type 'IntrinsicAttributes & IntrinsicClassAttributes<Image> & Readonly<ImageProps>'.
      Property 'className' does not exist on type 'IntrinsicAttributes & IntrinsicClassAttributes<Image> & Readonly<ImageProps>'.
src/screens/home/HomeScreen.tsx(240,11): error TS2769: No overload matches this call.
  Overload 1 of 2, '(props: ScrollViewProps): ScrollView', gave the following error.
    Type '{ children: Element[]; horizontal: true; showsHorizontalScrollIndicator: false; className: string; contentContainerStyle: { gap: number; }; }' is not assignable to type 'IntrinsicAttributes & IntrinsicClassAttributes<ScrollView> & Readonly<ScrollViewProps>'.
      Property 'className' does not exist on type 'IntrinsicAttributes & IntrinsicClassAttributes<ScrollView> & Readonly<ScrollViewProps>'.
  Overload 2 of 2, '(props: ScrollViewProps, context: any): ScrollView', gave the following error.
    Type '{ children: Element[]; horizontal: true; showsHorizontalScrollIndicator: false; className: string; contentContainerStyle: { gap: number; }; }' is not assignable to type 'IntrinsicAttributes & IntrinsicClassAttributes<ScrollView> & Readonly<ScrollViewProps>'.
      Property 'className' does not exist on type 'IntrinsicAttributes & IntrinsicClassAttributes<ScrollView> & Readonly<ScrollViewProps>'.
src/screens/home/HomeScreen.tsx(248,16): error TS2741: Property 'onPress' is missing in type '{ name: "Grocery" | "Fashion" | "Electronics" | "Fruits" | "Cafe" | "More"; image: "https://res.cloudinary.com/qbm45y5k/image/upload/v1787637143/freshproducebasket.jpg" | ... 4 more ... | "https://res.cloudinary.com/qbm45y5k/image/upload/v1787657146/ce1254b8-af09-41a6-b5a7-003d3db58941.png"; }' but required in type 'CategoryCardProps'.
src/screens/home/HomeScreen.tsx(279,13): error TS2769: No overload matches this call.
  Overload 1 of 2, '(props: ScrollViewProps): ScrollView', gave the following error.
    Type '{ children: Element[]; horizontal: true; showsHorizontalScrollIndicator: false; className: string; contentContainerStyle: { gap: number; }; }' is not assignable to type 'IntrinsicAttributes & IntrinsicClassAttributes<ScrollView> & Readonly<ScrollViewProps>'.
      Property 'className' does not exist on type 'IntrinsicAttributes & IntrinsicClassAttributes<ScrollView> & Readonly<ScrollViewProps>'.
  Overload 2 of 2, '(props: ScrollViewProps, context: any): ScrollView', gave the following error.
    Type '{ children: Element[]; horizontal: true; showsHorizontalScrollIndicator: false; className: string; contentContainerStyle: { gap: number; }; }' is not assignable to type 'IntrinsicAttributes & IntrinsicClassAttributes<ScrollView> & Readonly<ScrollViewProps>'.
      Property 'className' does not exist on type 'IntrinsicAttributes & IntrinsicClassAttributes<ScrollView> & Readonly<ScrollViewProps>'.
src/screens/home/HomeScreen.tsx(283,43): error TS2769: No overload matches this call.
  Overload 1 of 2, '(props: ViewProps): View', gave the following error.
    Type '{ children: Element; key: string; className: string; }' is not assignable to type 'IntrinsicAttributes & IntrinsicClassAttributes<View> & Readonly<ViewProps>'.
      Property 'className' does not exist on type 'IntrinsicAttributes & IntrinsicClassAttributes<View> & Readonly<ViewProps>'.
  Overload 2 of 2, '(props: ViewProps, context: any): View', gave the following error.
    Type '{ children: Element; key: string; className: string; }' is not assignable to type 'IntrinsicAttributes & IntrinsicClassAttributes<View> & Readonly<ViewProps>'.
      Property 'className' does not exist on type 'IntrinsicAttributes & IntrinsicClassAttributes<View> & Readonly<ViewProps>'.
src/screens/home/HomeScreen.tsx(305,15): error TS2769: No overload matches this call.
  Overload 1 of 2, '(props: ScrollViewProps): ScrollView', gave the following error.
    Type '{ children: Element[]; horizontal: true; showsHorizontalScrollIndicator: false; className: string; contentContainerStyle: { gap: number; }; }' is not assignable to type 'IntrinsicAttributes & IntrinsicClassAttributes<ScrollView> & Readonly<ScrollViewProps>'.
      Property 'className' does not exist on type 'IntrinsicAttributes & IntrinsicClassAttributes<ScrollView> & Readonly<ScrollViewProps>'.
  Overload 2 of 2, '(props: ScrollViewProps, context: any): ScrollView', gave the following error.
    Type '{ children: Element[]; horizontal: true; showsHorizontalScrollIndicator: false; className: string; contentContainerStyle: { gap: number; }; }' is not assignable to type 'IntrinsicAttributes & IntrinsicClassAttributes<ScrollView> & Readonly<ScrollViewProps>'.
      Property 'className' does not exist on type 'IntrinsicAttributes & IntrinsicClassAttributes<ScrollView> & Readonly<ScrollViewProps>'.
src/screens/home/HomeScreen.tsx(311,44): error TS2769: No overload matches this call.
  Overload 1 of 2, '(props: ViewProps): View', gave the following error.
    Type '{ children: Element; key: string; className: string; }' is not assignable to type 'IntrinsicAttributes & IntrinsicClassAttributes<View> & Readonly<ViewProps>'.
      Property 'className' does not exist on type 'IntrinsicAttributes & IntrinsicClassAttributes<View> & Readonly<ViewProps>'.
  Overload 2 of 2, '(props: ViewProps, context: any): View', gave the following error.
    Type '{ children: Element; key: string; className: string; }' is not assignable to type 'IntrinsicAttributes & IntrinsicClassAttributes<View> & Readonly<ViewProps>'.
      Property 'className' does not exist on type 'IntrinsicAttributes & IntrinsicClassAttributes<View> & Readonly<ViewProps>'.
src/screens/home/HomeScreen.tsx(330,15): error TS2769: No overload matches this call.
  Overload 1 of 2, '(props: ViewProps): View', gave the following error.
    Type '{ children: Element[]; className: string; }' is not assignable to type 'IntrinsicAttributes & IntrinsicClassAttributes<View> & Readonly<ViewProps>'.
      Property 'className' does not exist on type 'IntrinsicAttributes & IntrinsicClassAttributes<View> & Readonly<ViewProps>'.
  Overload 2 of 2, '(props: ViewProps, context: any): View', gave the following error.
    Type '{ children: Element[]; className: string; }' is not assignable to type 'IntrinsicAttributes & IntrinsicClassAttributes<View> & Readonly<ViewProps>'.
      Property 'className' does not exist on type 'IntrinsicAttributes & IntrinsicClassAttributes<View> & Readonly<ViewProps>'.
src/screens/home/HomeScreen.tsx(338,15): error TS2769: No overload matches this call.
  Overload 1 of 2, '(props: ViewProps): View', gave the following error.
    Type '{ children: Element[]; key: string; className: string; }' is not assignable to type 'IntrinsicAttributes & IntrinsicClassAttributes<View> & Readonly<ViewProps>'.
      Property 'className' does not exist on type 'IntrinsicAttributes & IntrinsicClassAttributes<View> & Readonly<ViewProps>'.
  Overload 2 of 2, '(props: ViewProps, context: any): View', gave the following error.
    Type '{ children: Element[]; key: string; className: string; }' is not assignable to type 'IntrinsicAttributes & IntrinsicClassAttributes<View> & Readonly<ViewProps>'.
      Property 'className' does not exist on type 'IntrinsicAttributes & IntrinsicClassAttributes<View> & Readonly<ViewProps>'.
src/screens/home/HomeScreen.tsx(340,21): error TS2769: No overload matches this call.
  Overload 1 of 2, '(props: TextProps): Text', gave the following error.
    Type '{ children: string; className: string; }' is not assignable to type 'IntrinsicAttributes & IntrinsicClassAttributes<Text> & Readonly<TextProps>'.
      Property 'className' does not exist on type 'IntrinsicAttributes & IntrinsicClassAttributes<Text> & Readonly<TextProps>'.
  Overload 2 of 2, '(props: TextProps, context: any): Text', gave the following error.
    Type '{ children: string; className: string; }' is not assignable to type 'IntrinsicAttributes & IntrinsicClassAttributes<Text> & Readonly<TextProps>'.
      Property 'className' does not exist on type 'IntrinsicAttributes & IntrinsicClassAttributes<Text> & Readonly<TextProps>'.
src/screens/home/HomeScreen.tsx(341,21): error TS2769: No overload matches this call.
  Overload 1 of 2, '(props: TextProps): Text', gave the following error.
    Type '{ children: string; className: string; }' is not assignable to type 'IntrinsicAttributes & IntrinsicClassAttributes<Text> & Readonly<TextProps>'.
      Property 'className' does not exist on type 'IntrinsicAttributes & IntrinsicClassAttributes<Text> & Readonly<TextProps>'.
  Overload 2 of 2, '(props: TextProps, context: any): Text', gave the following error.
    Type '{ children: string; className: string; }' is not assignable to type 'IntrinsicAttributes & IntrinsicClassAttributes<Text> & Readonly<TextProps>'.
      Property 'className' does not exist on type 'IntrinsicAttributes & IntrinsicClassAttributes<Text> & Readonly<TextProps>'.
src/screens/marketplace/CartScreen.tsx(39,13): error TS2769: No overload matches this call.
  Overload 1 of 2, '(props: ViewProps): View', gave the following error.
    Type '{ children: Element[]; className: string; }' is not assignable to type 'IntrinsicAttributes & IntrinsicClassAttributes<View> & Readonly<ViewProps>'.
      Property 'className' does not exist on type 'IntrinsicAttributes & IntrinsicClassAttributes<View> & Readonly<ViewProps>'.
  Overload 2 of 2, '(props: ViewProps, context: any): View', gave the following error.
    Type '{ children: Element[]; className: string; }' is not assignable to type 'IntrinsicAttributes & IntrinsicClassAttributes<View> & Readonly<ViewProps>'.
      Property 'className' does not exist on type 'IntrinsicAttributes & IntrinsicClassAttributes<View> & Readonly<ViewProps>'.
src/screens/marketplace/CartScreen.tsx(41,15): error TS2769: No overload matches this call.
  Overload 1 of 2, '(props: TextProps): Text', gave the following error.
    Type '{ children: string; className: string; }' is not assignable to type 'IntrinsicAttributes & IntrinsicClassAttributes<Text> & Readonly<TextProps>'.
      Property 'className' does not exist on type 'IntrinsicAttributes & IntrinsicClassAttributes<Text> & Readonly<TextProps>'.
  Overload 2 of 2, '(props: TextProps, context: any): Text', gave the following error.
    Type '{ children: string; className: string; }' is not assignable to type 'IntrinsicAttributes & IntrinsicClassAttributes<Text> & Readonly<TextProps>'.
      Property 'className' does not exist on type 'IntrinsicAttributes & IntrinsicClassAttributes<Text> & Readonly<TextProps>'.
src/screens/marketplace/CartScreen.tsx(44,15): error TS2769: No overload matches this call.
  Overload 1 of 2, '(props: TextProps): Text', gave the following error.
    Type '{ children: string; className: string; }' is not assignable to type 'IntrinsicAttributes & IntrinsicClassAttributes<Text> & Readonly<TextProps>'.
      Property 'className' does not exist on type 'IntrinsicAttributes & IntrinsicClassAttributes<Text> & Readonly<TextProps>'.
  Overload 2 of 2, '(props: TextProps, context: any): Text', gave the following error.
    Type '{ children: string; className: string; }' is not assignable to type 'IntrinsicAttributes & IntrinsicClassAttributes<Text> & Readonly<TextProps>'.
      Property 'className' does not exist on type 'IntrinsicAttributes & IntrinsicClassAttributes<Text> & Readonly<TextProps>'.
src/screens/marketplace/CartScreen.tsx(48,11): error TS2322: Type '{ children: Element; className: string; onPress: () => void; }' is not assignable to type 'IntrinsicAttributes & TouchableOpacityProps & RefAttributes<View>'.
  Property 'className' does not exist on type 'IntrinsicAttributes & TouchableOpacityProps & RefAttributes<View>'.
src/screens/marketplace/CartScreen.tsx(51,17): error TS2769: No overload matches this call.
  Overload 1 of 2, '(props: TextProps): Text', gave the following error.
    Type '{ children: string; className: string; }' is not assignable to type 'IntrinsicAttributes & IntrinsicClassAttributes<Text> & Readonly<TextProps>'.
      Property 'className' does not exist on type 'IntrinsicAttributes & IntrinsicClassAttributes<Text> & Readonly<TextProps>'.
  Overload 2 of 2, '(props: TextProps, context: any): Text', gave the following error.
    Type '{ children: string; className: string; }' is not assignable to type 'IntrinsicAttributes & IntrinsicClassAttributes<Text> & Readonly<TextProps>'.
      Property 'className' does not exist on type 'IntrinsicAttributes & IntrinsicClassAttributes<Text> & Readonly<TextProps>'.
src/screens/marketplace/CartScreen.tsx(60,11): error TS2769: No overload matches this call.
  Overload 1 of 2, '(props: ViewProps): View', gave the following error.
    Type '{ children: Element[]; className: string; }' is not assignable to type 'IntrinsicAttributes & IntrinsicClassAttributes<View> & Readonly<ViewProps>'.
      Property 'className' does not exist on type 'IntrinsicAttributes & IntrinsicClassAttributes<View> & Readonly<ViewProps>'.
  Overload 2 of 2, '(props: ViewProps, context: any): View', gave the following error.
    Type '{ children: Element[]; className: string; }' is not assignable to type 'IntrinsicAttributes & IntrinsicClassAttributes<View> & Readonly<ViewProps>'.
      Property 'className' does not exist on type 'IntrinsicAttributes & IntrinsicClassAttributes<View> & Readonly<ViewProps>'.
src/screens/marketplace/CartScreen.tsx(64,11): error TS2769: No overload matches this call.
  Overload 1 of 2, '(props: ImageProps): Image', gave the following error.
    Type '{ source: { uri: any; }; className: string; }' is not assignable to type 'IntrinsicAttributes & IntrinsicClassAttributes<Image> & Readonly<ImageProps>'.
      Property 'className' does not exist on type 'IntrinsicAttributes & IntrinsicClassAttributes<Image> & Readonly<ImageProps>'.
  Overload 2 of 2, '(props: ImageProps, context: any): Image', gave the following error.
    Type '{ source: { uri: any; }; className: string; }' is not assignable to type 'IntrinsicAttributes & IntrinsicClassAttributes<Image> & Readonly<ImageProps>'.
      Property 'className' does not exist on type 'IntrinsicAttributes & IntrinsicClassAttributes<Image> & Readonly<ImageProps>'.
src/screens/marketplace/CartScreen.tsx(67,15): error TS2769: No overload matches this call.
  Overload 1 of 2, '(props: ViewProps): View', gave the following error.
    Type '{ children: Element; className: string; }' is not assignable to type 'IntrinsicAttributes & IntrinsicClassAttributes<View> & Readonly<ViewProps>'.
      Property 'className' does not exist on type 'IntrinsicAttributes & IntrinsicClassAttributes<View> & Readonly<ViewProps>'.
  Overload 2 of 2, '(props: ViewProps, context: any): View', gave the following error.
    Type '{ children: Element; className: string; }' is not assignable to type 'IntrinsicAttributes & IntrinsicClassAttributes<View> & Readonly<ViewProps>'.
      Property 'className' does not exist on type 'IntrinsicAttributes & IntrinsicClassAttributes<View> & Readonly<ViewProps>'.
src/screens/marketplace/CartScreen.tsx(71,13): error TS2769: No overload matches this call.
  Overload 1 of 2, '(props: ViewProps): View', gave the following error.
    Type '{ children: Element[]; className: string; }' is not assignable to type 'IntrinsicAttributes & IntrinsicClassAttributes<View> & Readonly<ViewProps>'.
      Property 'className' does not exist on type 'IntrinsicAttributes & IntrinsicClassAttributes<View> & Readonly<ViewProps>'.
  Overload 2 of 2, '(props: ViewProps, context: any): View', gave the following error.
    Type '{ children: Element[]; className: string; }' is not assignable to type 'IntrinsicAttributes & IntrinsicClassAttributes<View> & Readonly<ViewProps>'.
      Property 'className' does not exist on type 'IntrinsicAttributes & IntrinsicClassAttributes<View> & Readonly<ViewProps>'.
src/screens/marketplace/CartScreen.tsx(72,15): error TS2769: No overload matches this call.
  Overload 1 of 2, '(props: TextProps): Text', gave the following error.
    Type '{ children: any; className: string; numberOfLines: number; }' is not assignable to type 'IntrinsicAttributes & IntrinsicClassAttributes<Text> & Readonly<TextProps>'.
      Property 'className' does not exist on type 'IntrinsicAttributes & IntrinsicClassAttributes<Text> & Readonly<TextProps>'.
  Overload 2 of 2, '(props: TextProps, context: any): Text', gave the following error.
    Type '{ children: any; className: string; numberOfLines: number; }' is not assignable to type 'IntrinsicAttributes & IntrinsicClassAttributes<Text> & Readonly<TextProps>'.
      Property 'className' does not exist on type 'IntrinsicAttributes & IntrinsicClassAttributes<Text> & Readonly<TextProps>'.
src/screens/marketplace/CartScreen.tsx(75,15): error TS2769: No overload matches this call.
  Overload 1 of 2, '(props: TextProps): Text', gave the following error.
    Type '{ children: any[]; className: string; }' is not assignable to type 'IntrinsicAttributes & IntrinsicClassAttributes<Text> & Readonly<TextProps>'.
      Property 'className' does not exist on type 'IntrinsicAttributes & IntrinsicClassAttributes<Text> & Readonly<TextProps>'.
  Overload 2 of 2, '(props: TextProps, context: any): Text', gave the following error.
    Type '{ children: any[]; className: string; }' is not assignable to type 'IntrinsicAttributes & IntrinsicClassAttributes<Text> & Readonly<TextProps>'.
      Property 'className' does not exist on type 'IntrinsicAttributes & IntrinsicClassAttributes<Text> & Readonly<TextProps>'.
src/screens/marketplace/CartScreen.tsx(79,13): error TS2769: No overload matches this call.
  Overload 1 of 2, '(props: ViewProps): View', gave the following error.
    Type '{ children: Element[]; className: string; }' is not assignable to type 'IntrinsicAttributes & IntrinsicClassAttributes<View> & Readonly<ViewProps>'.
      Property 'className' does not exist on type 'IntrinsicAttributes & IntrinsicClassAttributes<View> & Readonly<ViewProps>'.
  Overload 2 of 2, '(props: ViewProps, context: any): View', gave the following error.
    Type '{ children: Element[]; className: string; }' is not assignable to type 'IntrinsicAttributes & IntrinsicClassAttributes<View> & Readonly<ViewProps>'.
      Property 'className' does not exist on type 'IntrinsicAttributes & IntrinsicClassAttributes<View> & Readonly<ViewProps>'.
src/screens/marketplace/CartScreen.tsx(81,11): error TS2322: Type '{ children: Element; className: string; onPress: () => void; }' is not assignable to type 'IntrinsicAttributes & TouchableOpacityProps & RefAttributes<View>'.
  Property 'className' does not exist on type 'IntrinsicAttributes & TouchableOpacityProps & RefAttributes<View>'.
src/screens/marketplace/CartScreen.tsx(86,15): error TS2769: No overload matches this call.
  Overload 1 of 2, '(props: TextProps): Text', gave the following error.
    Type '{ children: any; className: string; }' is not assignable to type 'IntrinsicAttributes & IntrinsicClassAttributes<Text> & Readonly<TextProps>'.
      Property 'className' does not exist on type 'IntrinsicAttributes & IntrinsicClassAttributes<Text> & Readonly<TextProps>'.
  Overload 2 of 2, '(props: TextProps, context: any): Text', gave the following error.
    Type '{ children: any; className: string; }' is not assignable to type 'IntrinsicAttributes & IntrinsicClassAttributes<Text> & Readonly<TextProps>'.
      Property 'className' does not exist on type 'IntrinsicAttributes & IntrinsicClassAttributes<Text> & Readonly<TextProps>'.
src/screens/marketplace/CartScreen.tsx(90,11): error TS2322: Type '{ children: Element; className: string; onPress: () => void; }' is not assignable to type 'IntrinsicAttributes & TouchableOpacityProps & RefAttributes<View>'.
  Property 'className' does not exist on type 'IntrinsicAttributes & TouchableOpacityProps & RefAttributes<View>'.
src/screens/marketplace/CartScreen.tsx(96,11): error TS2322: Type '{ children: Element; className: string; onPress: () => void; }' is not assignable to type 'IntrinsicAttributes & TouchableOpacityProps & RefAttributes<View>'.
  Property 'className' does not exist on type 'IntrinsicAttributes & TouchableOpacityProps & RefAttributes<View>'.
src/screens/marketplace/CartScreen.tsx(106,11): error TS2769: No overload matches this call.
  Overload 1 of 2, '(props: ViewProps): View', gave the following error.
    Type '{ children: Element[]; className: string; }' is not assignable to type 'IntrinsicAttributes & IntrinsicClassAttributes<View> & Readonly<ViewProps>'.
      Property 'className' does not exist on type 'IntrinsicAttributes & IntrinsicClassAttributes<View> & Readonly<ViewProps>'.
  Overload 2 of 2, '(props: ViewProps, context: any): View', gave the following error.
    Type '{ children: Element[]; className: string; }' is not assignable to type 'IntrinsicAttributes & IntrinsicClassAttributes<View> & Readonly<ViewProps>'.
      Property 'className' does not exist on type 'IntrinsicAttributes & IntrinsicClassAttributes<View> & Readonly<ViewProps>'.
src/screens/marketplace/CartScreen.tsx(108,13): error TS2769: No overload matches this call.
  Overload 1 of 2, '(props: ViewProps): View', gave the following error.
    Type '{ children: Element[]; className: string; }' is not assignable to type 'IntrinsicAttributes & IntrinsicClassAttributes<View> & Readonly<ViewProps>'.
      Property 'className' does not exist on type 'IntrinsicAttributes & IntrinsicClassAttributes<View> & Readonly<ViewProps>'.
  Overload 2 of 2, '(props: ViewProps, context: any): View', gave the following error.
    Type '{ children: Element[]; className: string; }' is not assignable to type 'IntrinsicAttributes & IntrinsicClassAttributes<View> & Readonly<ViewProps>'.
      Property 'className' does not exist on type 'IntrinsicAttributes & IntrinsicClassAttributes<View> & Readonly<ViewProps>'.
src/screens/marketplace/CartScreen.tsx(115,15): error TS2769: No overload matches this call.
  Overload 1 of 2, '(props: TextProps): Text', gave the following error.
    Type '{ children: string; className: string; }' is not assignable to type 'IntrinsicAttributes & IntrinsicClassAttributes<Text> & Readonly<TextProps>'.
      Property 'className' does not exist on type 'IntrinsicAttributes & IntrinsicClassAttributes<Text> & Readonly<TextProps>'.
  Overload 2 of 2, '(props: TextProps, context: any): Text', gave the following error.
    Type '{ children: string; className: string; }' is not assignable to type 'IntrinsicAttributes & IntrinsicClassAttributes<Text> & Readonly<TextProps>'.
      Property 'className' does not exist on type 'IntrinsicAttributes & IntrinsicClassAttributes<Text> & Readonly<TextProps>'.
src/screens/marketplace/CartScreen.tsx(122,17): error TS2769: No overload matches this call.
  Overload 1 of 2, '(props: TextProps): Text', gave the following error.
    Type '{ children: string; className: string; }' is not assignable to type 'IntrinsicAttributes & IntrinsicClassAttributes<Text> & Readonly<TextProps>'.
      Property 'className' does not exist on type 'IntrinsicAttributes & IntrinsicClassAttributes<Text> & Readonly<TextProps>'.
  Overload 2 of 2, '(props: TextProps, context: any): Text', gave the following error.
    Type '{ children: string; className: string; }' is not assignable to type 'IntrinsicAttributes & IntrinsicClassAttributes<Text> & Readonly<TextProps>'.
      Property 'className' does not exist on type 'IntrinsicAttributes & IntrinsicClassAttributes<Text> & Readonly<TextProps>'.
src/screens/marketplace/CartScreen.tsx(138,13): error TS2769: No overload matches this call.
  Overload 1 of 2, '(props: ViewProps): View', gave the following error.
    Type '{ children: Element[]; className: string; }' is not assignable to type 'IntrinsicAttributes & IntrinsicClassAttributes<View> & Readonly<ViewProps>'.
      Property 'className' does not exist on type 'IntrinsicAttributes & IntrinsicClassAttributes<View> & Readonly<ViewProps>'.
  Overload 2 of 2, '(props: ViewProps, context: any): View', gave the following error.
    Type '{ children: Element[]; className: string; }' is not assignable to type 'IntrinsicAttributes & IntrinsicClassAttributes<View> & Readonly<ViewProps>'.
      Property 'className' does not exist on type 'IntrinsicAttributes & IntrinsicClassAttributes<View> & Readonly<ViewProps>'.
src/screens/marketplace/CartScreen.tsx(140,11): error TS2322: Type '{ children: Element[]; className: string; onPress: () => void; }' is not assignable to type 'IntrinsicAttributes & TouchableOpacityProps & RefAttributes<View>'.
  Property 'className' does not exist on type 'IntrinsicAttributes & TouchableOpacityProps & RefAttributes<View>'.
src/screens/marketplace/CartScreen.tsx(144,17): error TS2769: No overload matches this call.
  Overload 1 of 2, '(props: ViewProps): View', gave the following error.
    Type '{ children: Element[]; className: string; }' is not assignable to type 'IntrinsicAttributes & IntrinsicClassAttributes<View> & Readonly<ViewProps>'.
      Property 'className' does not exist on type 'IntrinsicAttributes & IntrinsicClassAttributes<View> & Readonly<ViewProps>'.
  Overload 2 of 2, '(props: ViewProps, context: any): View', gave the following error.
    Type '{ children: Element[]; className: string; }' is not assignable to type 'IntrinsicAttributes & IntrinsicClassAttributes<View> & Readonly<ViewProps>'.
      Property 'className' does not exist on type 'IntrinsicAttributes & IntrinsicClassAttributes<View> & Readonly<ViewProps>'.
src/screens/marketplace/CartScreen.tsx(145,19): error TS2769: No overload matches this call.
  Overload 1 of 2, '(props: TextProps): Text', gave the following error.
    Type '{ children: string; className: string; }' is not assignable to type 'IntrinsicAttributes & IntrinsicClassAttributes<Text> & Readonly<TextProps>'.
      Property 'className' does not exist on type 'IntrinsicAttributes & IntrinsicClassAttributes<Text> & Readonly<TextProps>'.
  Overload 2 of 2, '(props: TextProps, context: any): Text', gave the following error.
    Type '{ children: string; className: string; }' is not assignable to type 'IntrinsicAttributes & IntrinsicClassAttributes<Text> & Readonly<TextProps>'.
      Property 'className' does not exist on type 'IntrinsicAttributes & IntrinsicClassAttributes<Text> & Readonly<TextProps>'.
src/screens/marketplace/CartScreen.tsx(151,15): error TS2769: No overload matches this call.
  Overload 1 of 2, '(props: TextProps): Text', gave the following error.
    Type '{ children: string; className: string; numberOfLines: number; }' is not assignable to type 'IntrinsicAttributes & IntrinsicClassAttributes<Text> & Readonly<TextProps>'.
      Property 'className' does not exist on type 'IntrinsicAttributes & IntrinsicClassAttributes<Text> & Readonly<TextProps>'.
  Overload 2 of 2, '(props: TextProps, context: any): Text', gave the following error.
    Type '{ children: string; className: string; numberOfLines: number; }' is not assignable to type 'IntrinsicAttributes & IntrinsicClassAttributes<Text> & Readonly<TextProps>'.
      Property 'className' does not exist on type 'IntrinsicAttributes & IntrinsicClassAttributes<Text> & Readonly<TextProps>'.
src/screens/marketplace/CartScreen.tsx(162,15): error TS2769: No overload matches this call.
  Overload 1 of 2, '(props: ViewProps): View', gave the following error.
    Type '{ children: Element[]; className: string; }' is not assignable to type 'IntrinsicAttributes & IntrinsicClassAttributes<View> & Readonly<ViewProps>'.
      Property 'className' does not exist on type 'IntrinsicAttributes & IntrinsicClassAttributes<View> & Readonly<ViewProps>'.
  Overload 2 of 2, '(props: ViewProps, context: any): View', gave the following error.
    Type '{ children: Element[]; className: string; }' is not assignable to type 'IntrinsicAttributes & IntrinsicClassAttributes<View> & Readonly<ViewProps>'.
      Property 'className' does not exist on type 'IntrinsicAttributes & IntrinsicClassAttributes<View> & Readonly<ViewProps>'.
src/screens/marketplace/CartScreen.tsx(163,17): error TS2769: No overload matches this call.
  Overload 1 of 2, '(props: TextProps): Text', gave the following error.
    Type '{ children: string; className: string; }' is not assignable to type 'IntrinsicAttributes & IntrinsicClassAttributes<Text> & Readonly<TextProps>'.
      Property 'className' does not exist on type 'IntrinsicAttributes & IntrinsicClassAttributes<Text> & Readonly<TextProps>'.
  Overload 2 of 2, '(props: TextProps, context: any): Text', gave the following error.
    Type '{ children: string; className: string; }' is not assignable to type 'IntrinsicAttributes & IntrinsicClassAttributes<Text> & Readonly<TextProps>'.
      Property 'className' does not exist on type 'IntrinsicAttributes & IntrinsicClassAttributes<Text> & Readonly<TextProps>'.
src/screens/marketplace/CartScreen.tsx(164,17): error TS2769: No overload matches this call.
  Overload 1 of 2, '(props: TextProps): Text', gave the following error.
    Type '{ children: (string | number)[]; className: string; }' is not assignable to type 'IntrinsicAttributes & IntrinsicClassAttributes<Text> & Readonly<TextProps>'.
      Property 'className' does not exist on type 'IntrinsicAttributes & IntrinsicClassAttributes<Text> & Readonly<TextProps>'.
  Overload 2 of 2, '(props: TextProps, context: any): Text', gave the following error.
    Type '{ children: (string | number)[]; className: string; }' is not assignable to type 'IntrinsicAttributes & IntrinsicClassAttributes<Text> & Readonly<TextProps>'.
      Property 'className' does not exist on type 'IntrinsicAttributes & IntrinsicClassAttributes<Text> & Readonly<TextProps>'.
src/screens/marketplace/CartScreen.tsx(170,11): error TS2322: Type '{ children: Element; className: string; onPress: () => void; disabled: boolean; }' is not assignable to type 'IntrinsicAttributes & TouchableOpacityProps & RefAttributes<View>'.
  Property 'className' does not exist on type 'IntrinsicAttributes & TouchableOpacityProps & RefAttributes<View>'.
src/screens/marketplace/CartScreen.tsx(178,17): error TS2769: No overload matches this call.
  Overload 1 of 2, '(props: TextProps): Text', gave the following error.
    Type '{ children: string; className: string; }' is not assignable to type 'IntrinsicAttributes & IntrinsicClassAttributes<Text> & Readonly<TextProps>'.
      Property 'className' does not exist on type 'IntrinsicAttributes & IntrinsicClassAttributes<Text> & Readonly<TextProps>'.
  Overload 2 of 2, '(props: TextProps, context: any): Text', gave the following error.
    Type '{ children: string; className: string; }' is not assignable to type 'IntrinsicAttributes & IntrinsicClassAttributes<Text> & Readonly<TextProps>'.
      Property 'className' does not exist on type 'IntrinsicAttributes & IntrinsicClassAttributes<Text> & Readonly<TextProps>'.
src/screens/marketplace/CheckoutScreen.tsx(172,34): error TS2339: Property 'email' does not exist on type 'User'.
src/screens/marketplace/CheckoutScreen.tsx(219,21): error TS2769: No overload matches this call.
  Overload 1 of 2, '(props: ViewProps): SafeAreaView', gave the following error.
    Type '{ children: Element; className: string; }' is not assignable to type 'IntrinsicAttributes & IntrinsicClassAttributes<SafeAreaView> & Readonly<ViewProps>'.
      Property 'className' does not exist on type 'IntrinsicAttributes & IntrinsicClassAttributes<SafeAreaView> & Readonly<ViewProps>'.
  Overload 2 of 2, '(props: ViewProps, context: any): SafeAreaView', gave the following error.
    Type '{ children: Element; className: string; }' is not assignable to type 'IntrinsicAttributes & IntrinsicClassAttributes<SafeAreaView> & Readonly<ViewProps>'.
      Property 'className' does not exist on type 'IntrinsicAttributes & IntrinsicClassAttributes<SafeAreaView> & Readonly<ViewProps>'.
src/screens/marketplace/CheckoutScreen.tsx(220,15): error TS2769: No overload matches this call.
  Overload 1 of 2, '(props: ViewProps): View', gave the following error.
    Type '{ children: Element[]; className: string; }' is not assignable to type 'IntrinsicAttributes & IntrinsicClassAttributes<View> & Readonly<ViewProps>'.
      Property 'className' does not exist on type 'IntrinsicAttributes & IntrinsicClassAttributes<View> & Readonly<ViewProps>'.
  Overload 2 of 2, '(props: ViewProps, context: any): View', gave the following error.
    Type '{ children: Element[]; className: string; }' is not assignable to type 'IntrinsicAttributes & IntrinsicClassAttributes<View> & Readonly<ViewProps>'.
      Property 'className' does not exist on type 'IntrinsicAttributes & IntrinsicClassAttributes<View> & Readonly<ViewProps>'.
src/screens/marketplace/CheckoutScreen.tsx(222,17): error TS2769: No overload matches this call.
  Overload 1 of 2, '(props: TextProps): Text', gave the following error.
    Type '{ children: string; className: string; }' is not assignable to type 'IntrinsicAttributes & IntrinsicClassAttributes<Text> & Readonly<TextProps>'.
      Property 'className' does not exist on type 'IntrinsicAttributes & IntrinsicClassAttributes<Text> & Readonly<TextProps>'.
  Overload 2 of 2, '(props: TextProps, context: any): Text', gave the following error.
    Type '{ children: string; className: string; }' is not assignable to type 'IntrinsicAttributes & IntrinsicClassAttributes<Text> & Readonly<TextProps>'.
      Property 'className' does not exist on type 'IntrinsicAttributes & IntrinsicClassAttributes<Text> & Readonly<TextProps>'.
src/screens/marketplace/CheckoutScreen.tsx(226,13): error TS2322: Type '{ children: Element; className: string; onPress: () => any; }' is not assignable to type 'IntrinsicAttributes & TouchableOpacityProps & RefAttributes<View>'.
  Property 'className' does not exist on type 'IntrinsicAttributes & TouchableOpacityProps & RefAttributes<View>'.
src/screens/marketplace/CheckoutScreen.tsx(229,19): error TS2769: No overload matches this call.
  Overload 1 of 2, '(props: TextProps): Text', gave the following error.
    Type '{ children: string; className: string; }' is not assignable to type 'IntrinsicAttributes & IntrinsicClassAttributes<Text> & Readonly<TextProps>'.
      Property 'className' does not exist on type 'IntrinsicAttributes & IntrinsicClassAttributes<Text> & Readonly<TextProps>'.
  Overload 2 of 2, '(props: TextProps, context: any): Text', gave the following error.
    Type '{ children: string; className: string; }' is not assignable to type 'IntrinsicAttributes & IntrinsicClassAttributes<Text> & Readonly<TextProps>'.
      Property 'className' does not exist on type 'IntrinsicAttributes & IntrinsicClassAttributes<Text> & Readonly<TextProps>'.
src/screens/marketplace/CheckoutScreen.tsx(237,19): error TS2769: No overload matches this call.
  Overload 1 of 2, '(props: ViewProps): SafeAreaView', gave the following error.
    Type '{ children: Element[]; className: string; }' is not assignable to type 'IntrinsicAttributes & IntrinsicClassAttributes<SafeAreaView> & Readonly<ViewProps>'.
      Property 'className' does not exist on type 'IntrinsicAttributes & IntrinsicClassAttributes<SafeAreaView> & Readonly<ViewProps>'.
  Overload 2 of 2, '(props: ViewProps, context: any): SafeAreaView', gave the following error.
    Type '{ children: Element[]; className: string; }' is not assignable to type 'IntrinsicAttributes & IntrinsicClassAttributes<SafeAreaView> & Readonly<ViewProps>'.
      Property 'className' does not exist on type 'IntrinsicAttributes & IntrinsicClassAttributes<SafeAreaView> & Readonly<ViewProps>'.
src/screens/marketplace/CheckoutScreen.tsx(239,13): error TS2769: No overload matches this call.
  Overload 1 of 2, '(props: ViewProps): View', gave the following error.
    Type '{ children: Element[]; className: string; }' is not assignable to type 'IntrinsicAttributes & IntrinsicClassAttributes<View> & Readonly<ViewProps>'.
      Property 'className' does not exist on type 'IntrinsicAttributes & IntrinsicClassAttributes<View> & Readonly<ViewProps>'.
  Overload 2 of 2, '(props: ViewProps, context: any): View', gave the following error.
    Type '{ children: Element[]; className: string; }' is not assignable to type 'IntrinsicAttributes & IntrinsicClassAttributes<View> & Readonly<ViewProps>'.
      Property 'className' does not exist on type 'IntrinsicAttributes & IntrinsicClassAttributes<View> & Readonly<ViewProps>'.
src/screens/marketplace/CheckoutScreen.tsx(240,27): error TS2322: Type '{ children: Element; className: string; onPress: () => any; }' is not assignable to type 'IntrinsicAttributes & TouchableOpacityProps & RefAttributes<View>'.
  Property 'className' does not exist on type 'IntrinsicAttributes & TouchableOpacityProps & RefAttributes<View>'.
src/screens/marketplace/CheckoutScreen.tsx(243,15): error TS2769: No overload matches this call.
  Overload 1 of 2, '(props: TextProps): Text', gave the following error.
    Type '{ children: string; className: string; }' is not assignable to type 'IntrinsicAttributes & IntrinsicClassAttributes<Text> & Readonly<TextProps>'.
      Property 'className' does not exist on type 'IntrinsicAttributes & IntrinsicClassAttributes<Text> & Readonly<TextProps>'.
  Overload 2 of 2, '(props: TextProps, context: any): Text', gave the following error.
    Type '{ children: string; className: string; }' is not assignable to type 'IntrinsicAttributes & IntrinsicClassAttributes<Text> & Readonly<TextProps>'.
      Property 'className' does not exist on type 'IntrinsicAttributes & IntrinsicClassAttributes<Text> & Readonly<TextProps>'.
src/screens/marketplace/CheckoutScreen.tsx(244,15): error TS2769: No overload matches this call.
  Overload 1 of 2, '(props: ViewProps): View', gave the following error.
    Type '{ className: string; }' is not assignable to type 'IntrinsicAttributes & IntrinsicClassAttributes<View> & Readonly<ViewProps>'.
      Property 'className' does not exist on type 'IntrinsicAttributes & IntrinsicClassAttributes<View> & Readonly<ViewProps>'.
  Overload 2 of 2, '(props: ViewProps, context: any): View', gave the following error.
    Type '{ className: string; }' is not assignable to type 'IntrinsicAttributes & IntrinsicClassAttributes<View> & Readonly<ViewProps>'.
      Property 'className' does not exist on type 'IntrinsicAttributes & IntrinsicClassAttributes<View> & Readonly<ViewProps>'.
src/screens/marketplace/CheckoutScreen.tsx(252,15): error TS2769: No overload matches this call.
  Overload 1 of 2, '(props: ViewProps): View', gave the following error.
    Type '{ children: (Element | Element[])[]; className: string; }' is not assignable to type 'IntrinsicAttributes & IntrinsicClassAttributes<View> & Readonly<ViewProps>'.
      Property 'className' does not exist on type 'IntrinsicAttributes & IntrinsicClassAttributes<View> & Readonly<ViewProps>'.
  Overload 2 of 2, '(props: ViewProps, context: any): View', gave the following error.
    Type '{ children: (Element | Element[])[]; className: string; }' is not assignable to type 'IntrinsicAttributes & IntrinsicClassAttributes<View> & Readonly<ViewProps>'.
      Property 'className' does not exist on type 'IntrinsicAttributes & IntrinsicClassAttributes<View> & Readonly<ViewProps>'.
src/screens/marketplace/CheckoutScreen.tsx(253,17): error TS2769: No overload matches this call.
  Overload 1 of 2, '(props: TextProps): Text', gave the following error.
    Type '{ children: (string | number)[]; className: string; }' is not assignable to type 'IntrinsicAttributes & IntrinsicClassAttributes<Text> & Readonly<TextProps>'.
      Property 'className' does not exist on type 'IntrinsicAttributes & IntrinsicClassAttributes<Text> & Readonly<TextProps>'.
  Overload 2 of 2, '(props: TextProps, context: any): Text', gave the following error.
    Type '{ children: (string | number)[]; className: string; }' is not assignable to type 'IntrinsicAttributes & IntrinsicClassAttributes<Text> & Readonly<TextProps>'.
      Property 'className' does not exist on type 'IntrinsicAttributes & IntrinsicClassAttributes<Text> & Readonly<TextProps>'.
src/screens/marketplace/CheckoutScreen.tsx(257,41): error TS2769: No overload matches this call.
  Overload 1 of 2, '(props: ViewProps): View', gave the following error.
    Type '{ children: Element[]; key: number | undefined; className: string; }' is not assignable to type 'IntrinsicAttributes & IntrinsicClassAttributes<View> & Readonly<ViewProps>'.
      Property 'className' does not exist on type 'IntrinsicAttributes & IntrinsicClassAttributes<View> & Readonly<ViewProps>'.
  Overload 2 of 2, '(props: ViewProps, context: any): View', gave the following error.
    Type '{ children: Element[]; key: number | undefined; className: string; }' is not assignable to type 'IntrinsicAttributes & IntrinsicClassAttributes<View> & Readonly<ViewProps>'.
      Property 'className' does not exist on type 'IntrinsicAttributes & IntrinsicClassAttributes<View> & Readonly<ViewProps>'.
src/screens/marketplace/CheckoutScreen.tsx(261,19): error TS2769: No overload matches this call.
  Overload 1 of 2, '(props: ImageProps): Image', gave the following error.
    Type '{ source: { uri: string; }; className: string; }' is not assignable to type 'IntrinsicAttributes & IntrinsicClassAttributes<Image> & Readonly<ImageProps>'.
      Property 'className' does not exist on type 'IntrinsicAttributes & IntrinsicClassAttributes<Image> & Readonly<ImageProps>'.
  Overload 2 of 2, '(props: ImageProps, context: any): Image', gave the following error.
    Type '{ source: { uri: string; }; className: string; }' is not assignable to type 'IntrinsicAttributes & IntrinsicClassAttributes<Image> & Readonly<ImageProps>'.
      Property 'className' does not exist on type 'IntrinsicAttributes & IntrinsicClassAttributes<Image> & Readonly<ImageProps>'.
src/screens/marketplace/CheckoutScreen.tsx(264,23): error TS2769: No overload matches this call.
  Overload 1 of 2, '(props: ViewProps): View', gave the following error.
    Type '{ children: Element; className: string; }' is not assignable to type 'IntrinsicAttributes & IntrinsicClassAttributes<View> & Readonly<ViewProps>'.
      Property 'className' does not exist on type 'IntrinsicAttributes & IntrinsicClassAttributes<View> & Readonly<ViewProps>'.
  Overload 2 of 2, '(props: ViewProps, context: any): View', gave the following error.
    Type '{ children: Element; className: string; }' is not assignable to type 'IntrinsicAttributes & IntrinsicClassAttributes<View> & Readonly<ViewProps>'.
      Property 'className' does not exist on type 'IntrinsicAttributes & IntrinsicClassAttributes<View> & Readonly<ViewProps>'.
src/screens/marketplace/CheckoutScreen.tsx(268,21): error TS2769: No overload matches this call.
  Overload 1 of 2, '(props: ViewProps): View', gave the following error.
    Type '{ children: (Element | null)[]; className: string; }' is not assignable to type 'IntrinsicAttributes & IntrinsicClassAttributes<View> & Readonly<ViewProps>'.
      Property 'className' does not exist on type 'IntrinsicAttributes & IntrinsicClassAttributes<View> & Readonly<ViewProps>'.
  Overload 2 of 2, '(props: ViewProps, context: any): View', gave the following error.
    Type '{ children: (Element | null)[]; className: string; }' is not assignable to type 'IntrinsicAttributes & IntrinsicClassAttributes<View> & Readonly<ViewProps>'.
      Property 'className' does not exist on type 'IntrinsicAttributes & IntrinsicClassAttributes<View> & Readonly<ViewProps>'.
src/screens/marketplace/CheckoutScreen.tsx(270,19): error TS2769: No overload matches this call.
  Overload 1 of 2, '(props: TextProps): Text', gave the following error.
    Type '{ children: string; className: string; numberOfLines: number; }' is not assignable to type 'IntrinsicAttributes & IntrinsicClassAttributes<Text> & Readonly<TextProps>'.
      Property 'className' does not exist on type 'IntrinsicAttributes & IntrinsicClassAttributes<Text> & Readonly<TextProps>'.
  Overload 2 of 2, '(props: TextProps, context: any): Text', gave the following error.
    Type '{ children: string; className: string; numberOfLines: number; }' is not assignable to type 'IntrinsicAttributes & IntrinsicClassAttributes<Text> & Readonly<TextProps>'.
      Property 'className' does not exist on type 'IntrinsicAttributes & IntrinsicClassAttributes<Text> & Readonly<TextProps>'.
src/screens/marketplace/CheckoutScreen.tsx(276,25): error TS2769: No overload matches this call.
  Overload 1 of 2, '(props: TextProps): Text', gave the following error.
    Type '{ children: string; className: string; }' is not assignable to type 'IntrinsicAttributes & IntrinsicClassAttributes<Text> & Readonly<TextProps>'.
      Property 'className' does not exist on type 'IntrinsicAttributes & IntrinsicClassAttributes<Text> & Readonly<TextProps>'.
  Overload 2 of 2, '(props: TextProps, context: any): Text', gave the following error.
    Type '{ children: string; className: string; }' is not assignable to type 'IntrinsicAttributes & IntrinsicClassAttributes<Text> & Readonly<TextProps>'.
      Property 'className' does not exist on type 'IntrinsicAttributes & IntrinsicClassAttributes<Text> & Readonly<TextProps>'.
src/screens/marketplace/CheckoutScreen.tsx(280,23): error TS2769: No overload matches this call.
  Overload 1 of 2, '(props: TextProps): Text', gave the following error.
    Type '{ children: (string | number)[]; className: string; }' is not assignable to type 'IntrinsicAttributes & IntrinsicClassAttributes<Text> & Readonly<TextProps>'.
      Property 'className' does not exist on type 'IntrinsicAttributes & IntrinsicClassAttributes<Text> & Readonly<TextProps>'.
  Overload 2 of 2, '(props: TextProps, context: any): Text', gave the following error.
    Type '{ children: (string | number)[]; className: string; }' is not assignable to type 'IntrinsicAttributes & IntrinsicClassAttributes<Text> & Readonly<TextProps>'.
      Property 'className' does not exist on type 'IntrinsicAttributes & IntrinsicClassAttributes<Text> & Readonly<TextProps>'.
src/screens/marketplace/CheckoutScreen.tsx(284,21): error TS2769: No overload matches this call.
  Overload 1 of 2, '(props: TextProps): Text', gave the following error.
    Type '{ children: (string | number)[]; className: string; }' is not assignable to type 'IntrinsicAttributes & IntrinsicClassAttributes<Text> & Readonly<TextProps>'.
      Property 'className' does not exist on type 'IntrinsicAttributes & IntrinsicClassAttributes<Text> & Readonly<TextProps>'.
  Overload 2 of 2, '(props: TextProps, context: any): Text', gave the following error.
    Type '{ children: (string | number)[]; className: string; }' is not assignable to type 'IntrinsicAttributes & IntrinsicClassAttributes<Text> & Readonly<TextProps>'.
      Property 'className' does not exist on type 'IntrinsicAttributes & IntrinsicClassAttributes<Text> & Readonly<TextProps>'.
src/screens/marketplace/CheckoutScreen.tsx(292,15): error TS2769: No overload matches this call.
  Overload 1 of 2, '(props: ViewProps): View', gave the following error.
    Type '{ children: Element[]; className: string; }' is not assignable to type 'IntrinsicAttributes & IntrinsicClassAttributes<View> & Readonly<ViewProps>'.
      Property 'className' does not exist on type 'IntrinsicAttributes & IntrinsicClassAttributes<View> & Readonly<ViewProps>'.
  Overload 2 of 2, '(props: ViewProps, context: any): View', gave the following error.
    Type '{ children: Element[]; className: string; }' is not assignable to type 'IntrinsicAttributes & IntrinsicClassAttributes<View> & Readonly<ViewProps>'.
      Property 'className' does not exist on type 'IntrinsicAttributes & IntrinsicClassAttributes<View> & Readonly<ViewProps>'.
src/screens/marketplace/CheckoutScreen.tsx(293,17): error TS2769: No overload matches this call.
  Overload 1 of 2, '(props: ViewProps): View', gave the following error.
    Type '{ children: Element[]; className: string; }' is not assignable to type 'IntrinsicAttributes & IntrinsicClassAttributes<View> & Readonly<ViewProps>'.
      Property 'className' does not exist on type 'IntrinsicAttributes & IntrinsicClassAttributes<View> & Readonly<ViewProps>'.
  Overload 2 of 2, '(props: ViewProps, context: any): View', gave the following error.
    Type '{ children: Element[]; className: string; }' is not assignable to type 'IntrinsicAttributes & IntrinsicClassAttributes<View> & Readonly<ViewProps>'.
      Property 'className' does not exist on type 'IntrinsicAttributes & IntrinsicClassAttributes<View> & Readonly<ViewProps>'.
src/screens/marketplace/CheckoutScreen.tsx(294,19): error TS2769: No overload matches this call.
  Overload 1 of 2, '(props: TextProps): Text', gave the following error.
    Type '{ children: string; className: string; }' is not assignable to type 'IntrinsicAttributes & IntrinsicClassAttributes<Text> & Readonly<TextProps>'.
      Property 'className' does not exist on type 'IntrinsicAttributes & IntrinsicClassAttributes<Text> & Readonly<TextProps>'.
  Overload 2 of 2, '(props: TextProps, context: any): Text', gave the following error.
    Type '{ children: string; className: string; }' is not assignable to type 'IntrinsicAttributes & IntrinsicClassAttributes<Text> & Readonly<TextProps>'.
      Property 'className' does not exist on type 'IntrinsicAttributes & IntrinsicClassAttributes<Text> & Readonly<TextProps>'.
src/screens/marketplace/CheckoutScreen.tsx(298,21): error TS2769: No overload matches this call.
  Overload 1 of 2, '(props: TextProps): Text', gave the following error.
    Type '{ children: string; className: string; }' is not assignable to type 'IntrinsicAttributes & IntrinsicClassAttributes<Text> & Readonly<TextProps>'.
      Property 'className' does not exist on type 'IntrinsicAttributes & IntrinsicClassAttributes<Text> & Readonly<TextProps>'.
  Overload 2 of 2, '(props: TextProps, context: any): Text', gave the following error.
    Type '{ children: string; className: string; }' is not assignable to type 'IntrinsicAttributes & IntrinsicClassAttributes<Text> & Readonly<TextProps>'.
      Property 'className' does not exist on type 'IntrinsicAttributes & IntrinsicClassAttributes<Text> & Readonly<TextProps>'.
src/screens/marketplace/CheckoutScreen.tsx(302,13): error TS2322: Type '{ children: Element[]; className: string; onPress: () => void; }' is not assignable to type 'IntrinsicAttributes & TouchableOpacityProps & RefAttributes<View>'.
  Property 'className' does not exist on type 'IntrinsicAttributes & TouchableOpacityProps & RefAttributes<View>'.
src/screens/marketplace/CheckoutScreen.tsx(306,19): error TS2769: No overload matches this call.
  Overload 1 of 2, '(props: ViewProps): View', gave the following error.
    Type '{ children: (Element | null)[]; className: string; }' is not assignable to type 'IntrinsicAttributes & IntrinsicClassAttributes<View> & Readonly<ViewProps>'.
      Property 'className' does not exist on type 'IntrinsicAttributes & IntrinsicClassAttributes<View> & Readonly<ViewProps>'.
  Overload 2 of 2, '(props: ViewProps, context: any): View', gave the following error.
    Type '{ children: (Element | null)[]; className: string; }' is not assignable to type 'IntrinsicAttributes & IntrinsicClassAttributes<View> & Readonly<ViewProps>'.
      Property 'className' does not exist on type 'IntrinsicAttributes & IntrinsicClassAttributes<View> & Readonly<ViewProps>'.
src/screens/marketplace/CheckoutScreen.tsx(307,21): error TS2769: No overload matches this call.
  Overload 1 of 2, '(props: TextProps): Text', gave the following error.
    Type '{ children: string; className: string; }' is not assignable to type 'IntrinsicAttributes & IntrinsicClassAttributes<Text> & Readonly<TextProps>'.
      Property 'className' does not exist on type 'IntrinsicAttributes & IntrinsicClassAttributes<Text> & Readonly<TextProps>'.
  Overload 2 of 2, '(props: TextProps, context: any): Text', gave the following error.
    Type '{ children: string; className: string; }' is not assignable to type 'IntrinsicAttributes & IntrinsicClassAttributes<Text> & Readonly<TextProps>'.
      Property 'className' does not exist on type 'IntrinsicAttributes & IntrinsicClassAttributes<Text> & Readonly<TextProps>'.
src/screens/marketplace/CheckoutScreen.tsx(310,21): error TS2769: No overload matches this call.
  Overload 1 of 2, '(props: TextProps): Text', gave the following error.
    Type '{ children: string; className: string; }' is not assignable to type 'IntrinsicAttributes & IntrinsicClassAttributes<Text> & Readonly<TextProps>'.
      Property 'className' does not exist on type 'IntrinsicAttributes & IntrinsicClassAttributes<Text> & Readonly<TextProps>'.
  Overload 2 of 2, '(props: TextProps, context: any): Text', gave the following error.
    Type '{ children: string; className: string; }' is not assignable to type 'IntrinsicAttributes & IntrinsicClassAttributes<Text> & Readonly<TextProps>'.
      Property 'className' does not exist on type 'IntrinsicAttributes & IntrinsicClassAttributes<Text> & Readonly<TextProps>'.
src/screens/marketplace/CheckoutScreen.tsx(314,23): error TS2769: No overload matches this call.
  Overload 1 of 2, '(props: TextProps): Text', gave the following error.
    Type '{ children: string[]; className: string; }' is not assignable to type 'IntrinsicAttributes & IntrinsicClassAttributes<Text> & Readonly<TextProps>'.
      Property 'className' does not exist on type 'IntrinsicAttributes & IntrinsicClassAttributes<Text> & Readonly<TextProps>'.
  Overload 2 of 2, '(props: TextProps, context: any): Text', gave the following error.
    Type '{ children: string[]; className: string; }' is not assignable to type 'IntrinsicAttributes & IntrinsicClassAttributes<Text> & Readonly<TextProps>'.
      Property 'className' does not exist on type 'IntrinsicAttributes & IntrinsicClassAttributes<Text> & Readonly<TextProps>'.
src/screens/marketplace/CheckoutScreen.tsx(324,15): error TS2769: No overload matches this call.
  Overload 1 of 2, '(props: ViewProps): View', gave the following error.
    Type '{ children: Element[]; className: string; }' is not assignable to type 'IntrinsicAttributes & IntrinsicClassAttributes<View> & Readonly<ViewProps>'.
      Property 'className' does not exist on type 'IntrinsicAttributes & IntrinsicClassAttributes<View> & Readonly<ViewProps>'.
  Overload 2 of 2, '(props: ViewProps, context: any): View', gave the following error.
    Type '{ children: Element[]; className: string; }' is not assignable to type 'IntrinsicAttributes & IntrinsicClassAttributes<View> & Readonly<ViewProps>'.
      Property 'className' does not exist on type 'IntrinsicAttributes & IntrinsicClassAttributes<View> & Readonly<ViewProps>'.
src/screens/marketplace/CheckoutScreen.tsx(325,17): error TS2769: No overload matches this call.
  Overload 1 of 2, '(props: TextProps): Text', gave the following error.
    Type '{ children: string; className: string; }' is not assignable to type 'IntrinsicAttributes & IntrinsicClassAttributes<Text> & Readonly<TextProps>'.
      Property 'className' does not exist on type 'IntrinsicAttributes & IntrinsicClassAttributes<Text> & Readonly<TextProps>'.
  Overload 2 of 2, '(props: TextProps, context: any): Text', gave the following error.
    Type '{ children: string; className: string; }' is not assignable to type 'IntrinsicAttributes & IntrinsicClassAttributes<Text> & Readonly<TextProps>'.
      Property 'className' does not exist on type 'IntrinsicAttributes & IntrinsicClassAttributes<Text> & Readonly<TextProps>'.
src/screens/marketplace/CheckoutScreen.tsx(330,13): error TS2322: Type '{ children: Element[]; className: string; activeOpacity: number; onPress: () => void; }' is not assignable to type 'IntrinsicAttributes & TouchableOpacityProps & RefAttributes<View>'.
  Property 'className' does not exist on type 'IntrinsicAttributes & TouchableOpacityProps & RefAttributes<View>'.
src/screens/marketplace/CheckoutScreen.tsx(339,19): error TS2769: No overload matches this call.
  Overload 1 of 2, '(props: ViewProps): View', gave the following error.
    Type '{ children: Element[]; className: string; }' is not assignable to type 'IntrinsicAttributes & IntrinsicClassAttributes<View> & Readonly<ViewProps>'.
      Property 'className' does not exist on type 'IntrinsicAttributes & IntrinsicClassAttributes<View> & Readonly<ViewProps>'.
  Overload 2 of 2, '(props: ViewProps, context: any): View', gave the following error.
    Type '{ children: Element[]; className: string; }' is not assignable to type 'IntrinsicAttributes & IntrinsicClassAttributes<View> & Readonly<ViewProps>'.
      Property 'className' does not exist on type 'IntrinsicAttributes & IntrinsicClassAttributes<View> & Readonly<ViewProps>'.
src/screens/marketplace/CheckoutScreen.tsx(340,21): error TS2769: No overload matches this call.
  Overload 1 of 2, '(props: TextProps): Text', gave the following error.
    Type '{ children: string; className: string; }' is not assignable to type 'IntrinsicAttributes & IntrinsicClassAttributes<Text> & Readonly<TextProps>'.
      Property 'className' does not exist on type 'IntrinsicAttributes & IntrinsicClassAttributes<Text> & Readonly<TextProps>'.
  Overload 2 of 2, '(props: TextProps, context: any): Text', gave the following error.
    Type '{ children: string; className: string; }' is not assignable to type 'IntrinsicAttributes & IntrinsicClassAttributes<Text> & Readonly<TextProps>'.
      Property 'className' does not exist on type 'IntrinsicAttributes & IntrinsicClassAttributes<Text> & Readonly<TextProps>'.
src/screens/marketplace/CheckoutScreen.tsx(343,21): error TS2769: No overload matches this call.
  Overload 1 of 2, '(props: TextProps): Text', gave the following error.
    Type '{ children: string; className: string; }' is not assignable to type 'IntrinsicAttributes & IntrinsicClassAttributes<Text> & Readonly<TextProps>'.
      Property 'className' does not exist on type 'IntrinsicAttributes & IntrinsicClassAttributes<Text> & Readonly<TextProps>'.
  Overload 2 of 2, '(props: TextProps, context: any): Text', gave the following error.
    Type '{ children: string; className: string; }' is not assignable to type 'IntrinsicAttributes & IntrinsicClassAttributes<Text> & Readonly<TextProps>'.
      Property 'className' does not exist on type 'IntrinsicAttributes & IntrinsicClassAttributes<Text> & Readonly<TextProps>'.
src/screens/marketplace/CheckoutScreen.tsx(350,13): error TS2322: Type '{ children: Element[]; className: string; activeOpacity: number; onPress: () => void; }' is not assignable to type 'IntrinsicAttributes & TouchableOpacityProps & RefAttributes<View>'.
  Property 'className' does not exist on type 'IntrinsicAttributes & TouchableOpacityProps & RefAttributes<View>'.
src/screens/marketplace/CheckoutScreen.tsx(359,19): error TS2769: No overload matches this call.
  Overload 1 of 2, '(props: ViewProps): View', gave the following error.
    Type '{ children: Element[]; className: string; }' is not assignable to type 'IntrinsicAttributes & IntrinsicClassAttributes<View> & Readonly<ViewProps>'.
      Property 'className' does not exist on type 'IntrinsicAttributes & IntrinsicClassAttributes<View> & Readonly<ViewProps>'.
  Overload 2 of 2, '(props: ViewProps, context: any): View', gave the following error.
    Type '{ children: Element[]; className: string; }' is not assignable to type 'IntrinsicAttributes & IntrinsicClassAttributes<View> & Readonly<ViewProps>'.
      Property 'className' does not exist on type 'IntrinsicAttributes & IntrinsicClassAttributes<View> & Readonly<ViewProps>'.
src/screens/marketplace/CheckoutScreen.tsx(360,21): error TS2769: No overload matches this call.
  Overload 1 of 2, '(props: TextProps): Text', gave the following error.
    Type '{ children: string; className: string; }' is not assignable to type 'IntrinsicAttributes & IntrinsicClassAttributes<Text> & Readonly<TextProps>'.
      Property 'className' does not exist on type 'IntrinsicAttributes & IntrinsicClassAttributes<Text> & Readonly<TextProps>'.
  Overload 2 of 2, '(props: TextProps, context: any): Text', gave the following error.
    Type '{ children: string; className: string; }' is not assignable to type 'IntrinsicAttributes & IntrinsicClassAttributes<Text> & Readonly<TextProps>'.
      Property 'className' does not exist on type 'IntrinsicAttributes & IntrinsicClassAttributes<Text> & Readonly<TextProps>'.
src/screens/marketplace/CheckoutScreen.tsx(363,21): error TS2769: No overload matches this call.
  Overload 1 of 2, '(props: TextProps): Text', gave the following error.
    Type '{ children: string; className: string; }' is not assignable to type 'IntrinsicAttributes & IntrinsicClassAttributes<Text> & Readonly<TextProps>'.
      Property 'className' does not exist on type 'IntrinsicAttributes & IntrinsicClassAttributes<Text> & Readonly<TextProps>'.
  Overload 2 of 2, '(props: TextProps, context: any): Text', gave the following error.
    Type '{ children: string; className: string; }' is not assignable to type 'IntrinsicAttributes & IntrinsicClassAttributes<Text> & Readonly<TextProps>'.
      Property 'className' does not exist on type 'IntrinsicAttributes & IntrinsicClassAttributes<Text> & Readonly<TextProps>'.
src/screens/marketplace/CheckoutScreen.tsx(371,15): error TS2769: No overload matches this call.
  Overload 1 of 2, '(props: ViewProps): View', gave the following error.
    Type '{ children: (false | Element)[]; className: string; }' is not assignable to type 'IntrinsicAttributes & IntrinsicClassAttributes<View> & Readonly<ViewProps>'.
      Property 'className' does not exist on type 'IntrinsicAttributes & IntrinsicClassAttributes<View> & Readonly<ViewProps>'.
  Overload 2 of 2, '(props: ViewProps, context: any): View', gave the following error.
    Type '{ children: (false | Element)[]; className: string; }' is not assignable to type 'IntrinsicAttributes & IntrinsicClassAttributes<View> & Readonly<ViewProps>'.
      Property 'className' does not exist on type 'IntrinsicAttributes & IntrinsicClassAttributes<View> & Readonly<ViewProps>'.
src/screens/marketplace/CheckoutScreen.tsx(372,17): error TS2769: No overload matches this call.
  Overload 1 of 2, '(props: ViewProps): View', gave the following error.
    Type '{ children: (false | Element)[]; className: string; }' is not assignable to type 'IntrinsicAttributes & IntrinsicClassAttributes<View> & Readonly<ViewProps>'.
      Property 'className' does not exist on type 'IntrinsicAttributes & IntrinsicClassAttributes<View> & Readonly<ViewProps>'.
  Overload 2 of 2, '(props: ViewProps, context: any): View', gave the following error.
    Type '{ children: (false | Element)[]; className: string; }' is not assignable to type 'IntrinsicAttributes & IntrinsicClassAttributes<View> & Readonly<ViewProps>'.
      Property 'className' does not exist on type 'IntrinsicAttributes & IntrinsicClassAttributes<View> & Readonly<ViewProps>'.
src/screens/marketplace/CheckoutScreen.tsx(373,19): error TS2769: No overload matches this call.
  Overload 1 of 2, '(props: TextProps): Text', gave the following error.
    Type '{ children: string; className: string; }' is not assignable to type 'IntrinsicAttributes & IntrinsicClassAttributes<Text> & Readonly<TextProps>'.
      Property 'className' does not exist on type 'IntrinsicAttributes & IntrinsicClassAttributes<Text> & Readonly<TextProps>'.
  Overload 2 of 2, '(props: TextProps, context: any): Text', gave the following error.
    Type '{ children: string; className: string; }' is not assignable to type 'IntrinsicAttributes & IntrinsicClassAttributes<Text> & Readonly<TextProps>'.
      Property 'className' does not exist on type 'IntrinsicAttributes & IntrinsicClassAttributes<Text> & Readonly<TextProps>'.
src/screens/marketplace/CheckoutScreen.tsx(377,21): error TS2769: No overload matches this call.
  Overload 1 of 2, '(props: ViewProps): View', gave the following error.
    Type '{ children: Element[]; className: string; }' is not assignable to type 'IntrinsicAttributes & IntrinsicClassAttributes<View> & Readonly<ViewProps>'.
      Property 'className' does not exist on type 'IntrinsicAttributes & IntrinsicClassAttributes<View> & Readonly<ViewProps>'.
  Overload 2 of 2, '(props: ViewProps, context: any): View', gave the following error.
    Type '{ children: Element[]; className: string; }' is not assignable to type 'IntrinsicAttributes & IntrinsicClassAttributes<View> & Readonly<ViewProps>'.
      Property 'className' does not exist on type 'IntrinsicAttributes & IntrinsicClassAttributes<View> & Readonly<ViewProps>'.
src/screens/marketplace/CheckoutScreen.tsx(379,23): error TS2769: No overload matches this call.
  Overload 1 of 2, '(props: TextProps): Text', gave the following error.
    Type '{ children: (string | number)[]; className: string; }' is not assignable to type 'IntrinsicAttributes & IntrinsicClassAttributes<Text> & Readonly<TextProps>'.
      Property 'className' does not exist on type 'IntrinsicAttributes & IntrinsicClassAttributes<Text> & Readonly<TextProps>'.
  Overload 2 of 2, '(props: TextProps, context: any): Text', gave the following error.
    Type '{ children: (string | number)[]; className: string; }' is not assignable to type 'IntrinsicAttributes & IntrinsicClassAttributes<Text> & Readonly<TextProps>'.
      Property 'className' does not exist on type 'IntrinsicAttributes & IntrinsicClassAttributes<Text> & Readonly<TextProps>'.
src/screens/marketplace/CheckoutScreen.tsx(387,19): error TS2769: No overload matches this call.
  Overload 1 of 2, '(props: ViewProps): View', gave the following error.
    Type '{ children: Element[]; className: string; }' is not assignable to type 'IntrinsicAttributes & IntrinsicClassAttributes<View> & Readonly<ViewProps>'.
      Property 'className' does not exist on type 'IntrinsicAttributes & IntrinsicClassAttributes<View> & Readonly<ViewProps>'.
  Overload 2 of 2, '(props: ViewProps, context: any): View', gave the following error.
    Type '{ children: Element[]; className: string; }' is not assignable to type 'IntrinsicAttributes & IntrinsicClassAttributes<View> & Readonly<ViewProps>'.
      Property 'className' does not exist on type 'IntrinsicAttributes & IntrinsicClassAttributes<View> & Readonly<ViewProps>'.
src/screens/marketplace/CheckoutScreen.tsx(389,21): error TS2769: No overload matches this call.
  Overload 1 of 2, '(props: TextProps): Text', gave the following error.
    Type '{ children: string; className: string; }' is not assignable to type 'IntrinsicAttributes & IntrinsicClassAttributes<Text> & Readonly<TextProps>'.
      Property 'className' does not exist on type 'IntrinsicAttributes & IntrinsicClassAttributes<Text> & Readonly<TextProps>'.
  Overload 2 of 2, '(props: TextProps, context: any): Text', gave the following error.
    Type '{ children: string; className: string; }' is not assignable to type 'IntrinsicAttributes & IntrinsicClassAttributes<Text> & Readonly<TextProps>'.
      Property 'className' does not exist on type 'IntrinsicAttributes & IntrinsicClassAttributes<Text> & Readonly<TextProps>'.
src/screens/marketplace/CheckoutScreen.tsx(396,19): error TS2769: No overload matches this call.
  Overload 1 of 2, '(props: ViewProps): View', gave the following error.
    Type '{ children: Element[]; className: string; }' is not assignable to type 'IntrinsicAttributes & IntrinsicClassAttributes<View> & Readonly<ViewProps>'.
      Property 'className' does not exist on type 'IntrinsicAttributes & IntrinsicClassAttributes<View> & Readonly<ViewProps>'.
  Overload 2 of 2, '(props: ViewProps, context: any): View', gave the following error.
    Type '{ children: Element[]; className: string; }' is not assignable to type 'IntrinsicAttributes & IntrinsicClassAttributes<View> & Readonly<ViewProps>'.
      Property 'className' does not exist on type 'IntrinsicAttributes & IntrinsicClassAttributes<View> & Readonly<ViewProps>'.
src/screens/marketplace/CheckoutScreen.tsx(398,21): error TS2769: No overload matches this call.
  Overload 1 of 2, '(props: TextProps): Text', gave the following error.
    Type '{ children: string; className: string; }' is not assignable to type 'IntrinsicAttributes & IntrinsicClassAttributes<Text> & Readonly<TextProps>'.
      Property 'className' does not exist on type 'IntrinsicAttributes & IntrinsicClassAttributes<Text> & Readonly<TextProps>'.
  Overload 2 of 2, '(props: TextProps, context: any): Text', gave the following error.
    Type '{ children: string; className: string; }' is not assignable to type 'IntrinsicAttributes & IntrinsicClassAttributes<Text> & Readonly<TextProps>'.
      Property 'className' does not exist on type 'IntrinsicAttributes & IntrinsicClassAttributes<Text> & Readonly<TextProps>'.
src/screens/marketplace/CheckoutScreen.tsx(404,21): error TS2769: No overload matches this call.
  Overload 1 of 2, '(props: ViewProps): View', gave the following error.
    Type '{ children: Element[]; className: string; }' is not assignable to type 'IntrinsicAttributes & IntrinsicClassAttributes<View> & Readonly<ViewProps>'.
      Property 'className' does not exist on type 'IntrinsicAttributes & IntrinsicClassAttributes<View> & Readonly<ViewProps>'.
  Overload 2 of 2, '(props: ViewProps, context: any): View', gave the following error.
    Type '{ children: Element[]; className: string; }' is not assignable to type 'IntrinsicAttributes & IntrinsicClassAttributes<View> & Readonly<ViewProps>'.
      Property 'className' does not exist on type 'IntrinsicAttributes & IntrinsicClassAttributes<View> & Readonly<ViewProps>'.
src/screens/marketplace/CheckoutScreen.tsx(405,23): error TS2769: No overload matches this call.
  Overload 1 of 2, '(props: TextProps): Text', gave the following error.
    Type '{ children: string; className: string; }' is not assignable to type 'IntrinsicAttributes & IntrinsicClassAttributes<Text> & Readonly<TextProps>'.
      Property 'className' does not exist on type 'IntrinsicAttributes & IntrinsicClassAttributes<Text> & Readonly<TextProps>'.
  Overload 2 of 2, '(props: TextProps, context: any): Text', gave the following error.
    Type '{ children: string; className: string; }' is not assignable to type 'IntrinsicAttributes & IntrinsicClassAttributes<Text> & Readonly<TextProps>'.
      Property 'className' does not exist on type 'IntrinsicAttributes & IntrinsicClassAttributes<Text> & Readonly<TextProps>'.
src/screens/marketplace/CheckoutScreen.tsx(406,23): error TS2769: No overload matches this call.
  Overload 1 of 2, '(props: TextProps): Text', gave the following error.
    Type '{ children: (string | number)[]; className: string; }' is not assignable to type 'IntrinsicAttributes & IntrinsicClassAttributes<Text> & Readonly<TextProps>'.
      Property 'className' does not exist on type 'IntrinsicAttributes & IntrinsicClassAttributes<Text> & Readonly<TextProps>'.
  Overload 2 of 2, '(props: TextProps, context: any): Text', gave the following error.
    Type '{ children: (string | number)[]; className: string; }' is not assignable to type 'IntrinsicAttributes & IntrinsicClassAttributes<Text> & Readonly<TextProps>'.
      Property 'className' does not exist on type 'IntrinsicAttributes & IntrinsicClassAttributes<Text> & Readonly<TextProps>'.
src/screens/marketplace/CheckoutScreen.tsx(408,21): error TS2769: No overload matches this call.
  Overload 1 of 2, '(props: ViewProps): View', gave the following error.
    Type '{ children: Element[]; className: string; }' is not assignable to type 'IntrinsicAttributes & IntrinsicClassAttributes<View> & Readonly<ViewProps>'.
      Property 'className' does not exist on type 'IntrinsicAttributes & IntrinsicClassAttributes<View> & Readonly<ViewProps>'.
  Overload 2 of 2, '(props: ViewProps, context: any): View', gave the following error.
    Type '{ children: Element[]; className: string; }' is not assignable to type 'IntrinsicAttributes & IntrinsicClassAttributes<View> & Readonly<ViewProps>'.
      Property 'className' does not exist on type 'IntrinsicAttributes & IntrinsicClassAttributes<View> & Readonly<ViewProps>'.
src/screens/marketplace/CheckoutScreen.tsx(409,23): error TS2769: No overload matches this call.
  Overload 1 of 2, '(props: TextProps): Text', gave the following error.
    Type '{ children: string; className: string; }' is not assignable to type 'IntrinsicAttributes & IntrinsicClassAttributes<Text> & Readonly<TextProps>'.
      Property 'className' does not exist on type 'IntrinsicAttributes & IntrinsicClassAttributes<Text> & Readonly<TextProps>'.
  Overload 2 of 2, '(props: TextProps, context: any): Text', gave the following error.
    Type '{ children: string; className: string; }' is not assignable to type 'IntrinsicAttributes & IntrinsicClassAttributes<Text> & Readonly<TextProps>'.
      Property 'className' does not exist on type 'IntrinsicAttributes & IntrinsicClassAttributes<Text> & Readonly<TextProps>'.
src/screens/marketplace/CheckoutScreen.tsx(410,23): error TS2769: No overload matches this call.
  Overload 1 of 2, '(props: TextProps): Text', gave the following error.
    Type '{ children: (string | number)[]; className: string; }' is not assignable to type 'IntrinsicAttributes & IntrinsicClassAttributes<Text> & Readonly<TextProps>'.
      Property 'className' does not exist on type 'IntrinsicAttributes & IntrinsicClassAttributes<Text> & Readonly<TextProps>'.
  Overload 2 of 2, '(props: TextProps, context: any): Text', gave the following error.
    Type '{ children: (string | number)[]; className: string; }' is not assignable to type 'IntrinsicAttributes & IntrinsicClassAttributes<Text> & Readonly<TextProps>'.
      Property 'className' does not exist on type 'IntrinsicAttributes & IntrinsicClassAttributes<Text> & Readonly<TextProps>'.
src/screens/marketplace/CheckoutScreen.tsx(412,21): error TS2769: No overload matches this call.
  Overload 1 of 2, '(props: ViewProps): View', gave the following error.
    Type '{ children: Element[]; className: string; }' is not assignable to type 'IntrinsicAttributes & IntrinsicClassAttributes<View> & Readonly<ViewProps>'.
      Property 'className' does not exist on type 'IntrinsicAttributes & IntrinsicClassAttributes<View> & Readonly<ViewProps>'.
  Overload 2 of 2, '(props: ViewProps, context: any): View', gave the following error.
    Type '{ children: Element[]; className: string; }' is not assignable to type 'IntrinsicAttributes & IntrinsicClassAttributes<View> & Readonly<ViewProps>'.
      Property 'className' does not exist on type 'IntrinsicAttributes & IntrinsicClassAttributes<View> & Readonly<ViewProps>'.
src/screens/marketplace/CheckoutScreen.tsx(413,23): error TS2769: No overload matches this call.
  Overload 1 of 2, '(props: TextProps): Text', gave the following error.
    Type '{ children: string[]; className: string; }' is not assignable to type 'IntrinsicAttributes & IntrinsicClassAttributes<Text> & Readonly<TextProps>'.
      Property 'className' does not exist on type 'IntrinsicAttributes & IntrinsicClassAttributes<Text> & Readonly<TextProps>'.
  Overload 2 of 2, '(props: TextProps, context: any): Text', gave the following error.
    Type '{ children: string[]; className: string; }' is not assignable to type 'IntrinsicAttributes & IntrinsicClassAttributes<Text> & Readonly<TextProps>'.
      Property 'className' does not exist on type 'IntrinsicAttributes & IntrinsicClassAttributes<Text> & Readonly<TextProps>'.
src/screens/marketplace/CheckoutScreen.tsx(416,23): error TS2769: No overload matches this call.
  Overload 1 of 2, '(props: TextProps): Text', gave the following error.
    Type '{ children: (string | number)[]; className: string; }' is not assignable to type 'IntrinsicAttributes & IntrinsicClassAttributes<Text> & Readonly<TextProps>'.
      Property 'className' does not exist on type 'IntrinsicAttributes & IntrinsicClassAttributes<Text> & Readonly<TextProps>'.
  Overload 2 of 2, '(props: TextProps, context: any): Text', gave the following error.
    Type '{ children: (string | number)[]; className: string; }' is not assignable to type 'IntrinsicAttributes & IntrinsicClassAttributes<Text> & Readonly<TextProps>'.
      Property 'className' does not exist on type 'IntrinsicAttributes & IntrinsicClassAttributes<Text> & Readonly<TextProps>'.
src/screens/marketplace/CheckoutScreen.tsx(418,21): error TS2769: No overload matches this call.
  Overload 1 of 2, '(props: ViewProps): View', gave the following error.
    Type '{ children: Element[]; className: string; }' is not assignable to type 'IntrinsicAttributes & IntrinsicClassAttributes<View> & Readonly<ViewProps>'.
      Property 'className' does not exist on type 'IntrinsicAttributes & IntrinsicClassAttributes<View> & Readonly<ViewProps>'.
  Overload 2 of 2, '(props: ViewProps, context: any): View', gave the following error.
    Type '{ children: Element[]; className: string; }' is not assignable to type 'IntrinsicAttributes & IntrinsicClassAttributes<View> & Readonly<ViewProps>'.
      Property 'className' does not exist on type 'IntrinsicAttributes & IntrinsicClassAttributes<View> & Readonly<ViewProps>'.
src/screens/marketplace/CheckoutScreen.tsx(419,23): error TS2769: No overload matches this call.
  Overload 1 of 2, '(props: TextProps): Text', gave the following error.
    Type '{ children: string; className: string; }' is not assignable to type 'IntrinsicAttributes & IntrinsicClassAttributes<Text> & Readonly<TextProps>'.
      Property 'className' does not exist on type 'IntrinsicAttributes & IntrinsicClassAttributes<Text> & Readonly<TextProps>'.
  Overload 2 of 2, '(props: TextProps, context: any): Text', gave the following error.
    Type '{ children: string; className: string; }' is not assignable to type 'IntrinsicAttributes & IntrinsicClassAttributes<Text> & Readonly<TextProps>'.
      Property 'className' does not exist on type 'IntrinsicAttributes & IntrinsicClassAttributes<Text> & Readonly<TextProps>'.
src/screens/marketplace/CheckoutScreen.tsx(422,23): error TS2769: No overload matches this call.
  Overload 1 of 2, '(props: TextProps): Text', gave the following error.
    Type '{ children: (string | number)[]; className: string; }' is not assignable to type 'IntrinsicAttributes & IntrinsicClassAttributes<Text> & Readonly<TextProps>'.
      Property 'className' does not exist on type 'IntrinsicAttributes & IntrinsicClassAttributes<Text> & Readonly<TextProps>'.
  Overload 2 of 2, '(props: TextProps, context: any): Text', gave the following error.
    Type '{ children: (string | number)[]; className: string; }' is not assignable to type 'IntrinsicAttributes & IntrinsicClassAttributes<Text> & Readonly<TextProps>'.
      Property 'className' does not exist on type 'IntrinsicAttributes & IntrinsicClassAttributes<Text> & Readonly<TextProps>'.
src/screens/marketplace/CheckoutScreen.tsx(432,13): error TS2769: No overload matches this call.
  Overload 1 of 2, '(props: ViewProps): View', gave the following error.
    Type '{ children: Element[]; className: string; }' is not assignable to type 'IntrinsicAttributes & IntrinsicClassAttributes<View> & Readonly<ViewProps>'.
      Property 'className' does not exist on type 'IntrinsicAttributes & IntrinsicClassAttributes<View> & Readonly<ViewProps>'.
  Overload 2 of 2, '(props: ViewProps, context: any): View', gave the following error.
    Type '{ children: Element[]; className: string; }' is not assignable to type 'IntrinsicAttributes & IntrinsicClassAttributes<View> & Readonly<ViewProps>'.
      Property 'className' does not exist on type 'IntrinsicAttributes & IntrinsicClassAttributes<View> & Readonly<ViewProps>'.
src/screens/marketplace/CheckoutScreen.tsx(434,17): error TS2769: No overload matches this call.
  Overload 1 of 2, '(props: TextProps): Text', gave the following error.
    Type '{ children: string; className: string; }' is not assignable to type 'IntrinsicAttributes & IntrinsicClassAttributes<Text> & Readonly<TextProps>'.
      Property 'className' does not exist on type 'IntrinsicAttributes & IntrinsicClassAttributes<Text> & Readonly<TextProps>'.
  Overload 2 of 2, '(props: TextProps, context: any): Text', gave the following error.
    Type '{ children: string; className: string; }' is not assignable to type 'IntrinsicAttributes & IntrinsicClassAttributes<Text> & Readonly<TextProps>'.
      Property 'className' does not exist on type 'IntrinsicAttributes & IntrinsicClassAttributes<Text> & Readonly<TextProps>'.
src/screens/marketplace/CheckoutScreen.tsx(435,17): error TS2769: No overload matches this call.
  Overload 1 of 2, '(props: TextProps): Text', gave the following error.
    Type '{ children: string; className: string; }' is not assignable to type 'IntrinsicAttributes & IntrinsicClassAttributes<Text> & Readonly<TextProps>'.
      Property 'className' does not exist on type 'IntrinsicAttributes & IntrinsicClassAttributes<Text> & Readonly<TextProps>'.
  Overload 2 of 2, '(props: TextProps, context: any): Text', gave the following error.
    Type '{ children: string; className: string; }' is not assignable to type 'IntrinsicAttributes & IntrinsicClassAttributes<Text> & Readonly<TextProps>'.
      Property 'className' does not exist on type 'IntrinsicAttributes & IntrinsicClassAttributes<Text> & Readonly<TextProps>'.
src/screens/marketplace/CheckoutScreen.tsx(441,11): error TS2322: Type '{ children: Element; className: string; disabled: boolean; onPress: () => void; }' is not assignable to type 'IntrinsicAttributes & TouchableOpacityProps & RefAttributes<View>'.
  Property 'className' does not exist on type 'IntrinsicAttributes & TouchableOpacityProps & RefAttributes<View>'.
src/screens/marketplace/CheckoutScreen.tsx(459,21): error TS2769: No overload matches this call.
  Overload 1 of 2, '(props: TextProps): Text', gave the following error.
    Type '{ children: string; className: string; }' is not assignable to type 'IntrinsicAttributes & IntrinsicClassAttributes<Text> & Readonly<TextProps>'.
      Property 'className' does not exist on type 'IntrinsicAttributes & IntrinsicClassAttributes<Text> & Readonly<TextProps>'.
  Overload 2 of 2, '(props: TextProps, context: any): Text', gave the following error.
    Type '{ children: string; className: string; }' is not assignable to type 'IntrinsicAttributes & IntrinsicClassAttributes<Text> & Readonly<TextProps>'.
      Property 'className' does not exist on type 'IntrinsicAttributes & IntrinsicClassAttributes<Text> & Readonly<TextProps>'.
src/screens/marketplace/NearbyShopsScreen.tsx(108,23): error TS2339: Property 'rating' does not exist on type 'Product'.
src/screens/marketplace/NearbyShopsScreen.tsx(109,28): error TS2339: Property 'reviewCount' does not exist on type 'Product'.
src/screens/marketplace/NearbyShopsScreen.tsx(177,11): error TS2769: No overload matches this call.
  Overload 1 of 2, '(props: ViewProps): View', gave the following error.
    Type '{ children: (false | "" | Element | undefined)[]; className: string; }' is not assignable to type 'IntrinsicAttributes & IntrinsicClassAttributes<View> & Readonly<ViewProps>'.
      Property 'className' does not exist on type 'IntrinsicAttributes & IntrinsicClassAttributes<View> & Readonly<ViewProps>'.
  Overload 2 of 2, '(props: ViewProps, context: any): View', gave the following error.
    Type '{ children: (false | "" | Element | undefined)[]; className: string; }' is not assignable to type 'IntrinsicAttributes & IntrinsicClassAttributes<View> & Readonly<ViewProps>'.
      Property 'className' does not exist on type 'IntrinsicAttributes & IntrinsicClassAttributes<View> & Readonly<ViewProps>'.
src/screens/marketplace/NearbyShopsScreen.tsx(181,13): error TS2769: No overload matches this call.
  Overload 1 of 2, '(props: ViewProps): View', gave the following error.
    Type '{ children: Element[]; className: string; }' is not assignable to type 'IntrinsicAttributes & IntrinsicClassAttributes<View> & Readonly<ViewProps>'.
      Property 'className' does not exist on type 'IntrinsicAttributes & IntrinsicClassAttributes<View> & Readonly<ViewProps>'.
  Overload 2 of 2, '(props: ViewProps, context: any): View', gave the following error.
    Type '{ children: Element[]; className: string; }' is not assignable to type 'IntrinsicAttributes & IntrinsicClassAttributes<View> & Readonly<ViewProps>'.
      Property 'className' does not exist on type 'IntrinsicAttributes & IntrinsicClassAttributes<View> & Readonly<ViewProps>'.
src/screens/marketplace/NearbyShopsScreen.tsx(182,15): error TS2769: No overload matches this call.
  Overload 1 of 2, '(props: ViewProps): View', gave the following error.
    Type '{ children: Element[]; className: string; }' is not assignable to type 'IntrinsicAttributes & IntrinsicClassAttributes<View> & Readonly<ViewProps>'.
      Property 'className' does not exist on type 'IntrinsicAttributes & IntrinsicClassAttributes<View> & Readonly<ViewProps>'.
  Overload 2 of 2, '(props: ViewProps, context: any): View', gave the following error.
    Type '{ children: Element[]; className: string; }' is not assignable to type 'IntrinsicAttributes & IntrinsicClassAttributes<View> & Readonly<ViewProps>'.
      Property 'className' does not exist on type 'IntrinsicAttributes & IntrinsicClassAttributes<View> & Readonly<ViewProps>'.
src/screens/marketplace/NearbyShopsScreen.tsx(185,13): error TS2322: Type '{ children: Element; onPress: () => any; className: string; }' is not assignable to type 'IntrinsicAttributes & PressableProps & RefAttributes<View>'.
  Property 'className' does not exist on type 'IntrinsicAttributes & PressableProps & RefAttributes<View>'.
src/screens/marketplace/NearbyShopsScreen.tsx(190,17): error TS2769: No overload matches this call.
  Overload 1 of 2, '(props: TextProps): Text', gave the following error.
    Type '{ children: Element; className: string; }' is not assignable to type 'IntrinsicAttributes & IntrinsicClassAttributes<Text> & Readonly<TextProps>'.
      Property 'className' does not exist on type 'IntrinsicAttributes & IntrinsicClassAttributes<Text> & Readonly<TextProps>'.
  Overload 2 of 2, '(props: TextProps, context: any): Text', gave the following error.
    Type '{ children: Element; className: string; }' is not assignable to type 'IntrinsicAttributes & IntrinsicClassAttributes<Text> & Readonly<TextProps>'.
      Property 'className' does not exist on type 'IntrinsicAttributes & IntrinsicClassAttributes<Text> & Readonly<TextProps>'.
src/screens/marketplace/NearbyShopsScreen.tsx(191,19): error TS2769: No overload matches this call.
  Overload 1 of 2, '(props: TextProps): Text', gave the following error.
    Type '{ children: string; className: string; }' is not assignable to type 'IntrinsicAttributes & IntrinsicClassAttributes<Text> & Readonly<TextProps>'.
      Property 'className' does not exist on type 'IntrinsicAttributes & IntrinsicClassAttributes<Text> & Readonly<TextProps>'.
  Overload 2 of 2, '(props: TextProps, context: any): Text', gave the following error.
    Type '{ children: string; className: string; }' is not assignable to type 'IntrinsicAttributes & IntrinsicClassAttributes<Text> & Readonly<TextProps>'.
      Property 'className' does not exist on type 'IntrinsicAttributes & IntrinsicClassAttributes<Text> & Readonly<TextProps>'.
src/screens/marketplace/NearbyShopsScreen.tsx(196,13): error TS2322: Type '{ children: (false | Element)[]; onPress: () => any; className: string; }' is not assignable to type 'IntrinsicAttributes & PressableProps & RefAttributes<View>'.
  Property 'className' does not exist on type 'IntrinsicAttributes & PressableProps & RefAttributes<View>'.
src/screens/marketplace/NearbyShopsScreen.tsx(200,21): error TS2769: No overload matches this call.
  Overload 1 of 2, '(props: ViewProps): View', gave the following error.
    Type '{ children: Element; className: string; }' is not assignable to type 'IntrinsicAttributes & IntrinsicClassAttributes<View> & Readonly<ViewProps>'.
      Property 'className' does not exist on type 'IntrinsicAttributes & IntrinsicClassAttributes<View> & Readonly<ViewProps>'.
  Overload 2 of 2, '(props: ViewProps, context: any): View', gave the following error.
    Type '{ children: Element; className: string; }' is not assignable to type 'IntrinsicAttributes & IntrinsicClassAttributes<View> & Readonly<ViewProps>'.
      Property 'className' does not exist on type 'IntrinsicAttributes & IntrinsicClassAttributes<View> & Readonly<ViewProps>'.
src/screens/marketplace/NearbyShopsScreen.tsx(201,23): error TS2769: No overload matches this call.
  Overload 1 of 2, '(props: TextProps): Text', gave the following error.
    Type '{ children: number; className: string; }' is not assignable to type 'IntrinsicAttributes & IntrinsicClassAttributes<Text> & Readonly<TextProps>'.
      Property 'className' does not exist on type 'IntrinsicAttributes & IntrinsicClassAttributes<Text> & Readonly<TextProps>'.
  Overload 2 of 2, '(props: TextProps, context: any): Text', gave the following error.
    Type '{ children: number; className: string; }' is not assignable to type 'IntrinsicAttributes & IntrinsicClassAttributes<Text> & Readonly<TextProps>'.
      Property 'className' does not exist on type 'IntrinsicAttributes & IntrinsicClassAttributes<Text> & Readonly<TextProps>'.
src/screens/marketplace/NearbyShopsScreen.tsx(208,15): error TS2769: No overload matches this call.
  Overload 1 of 2, '(props: ViewProps): View', gave the following error.
    Type '{ children: ("" | Element)[]; className: string; }' is not assignable to type 'IntrinsicAttributes & IntrinsicClassAttributes<View> & Readonly<ViewProps>'.
      Property 'className' does not exist on type 'IntrinsicAttributes & IntrinsicClassAttributes<View> & Readonly<ViewProps>'.
  Overload 2 of 2, '(props: ViewProps, context: any): View', gave the following error.
    Type '{ children: ("" | Element)[]; className: string; }' is not assignable to type 'IntrinsicAttributes & IntrinsicClassAttributes<View> & Readonly<ViewProps>'.
      Property 'className' does not exist on type 'IntrinsicAttributes & IntrinsicClassAttributes<View> & Readonly<ViewProps>'.
src/screens/marketplace/NearbyShopsScreen.tsx(211,13): error TS2769: No overload matches this call.
  Overload 1 of 2, '(props: TextInputProps): TextInput', gave the following error.
    Type '{ className: string; placeholder: string; placeholderTextColor: string; value: string; onChangeText: Dispatch<SetStateAction<string>>; }' is not assignable to type 'IntrinsicAttributes & IntrinsicClassAttributes<TextInput> & Readonly<TextInputProps>'.
      Property 'className' does not exist on type 'IntrinsicAttributes & IntrinsicClassAttributes<TextInput> & Readonly<TextInputProps>'.
  Overload 2 of 2, '(props: TextInputProps, context: any): TextInput', gave the following error.
    Type '{ className: string; placeholder: string; placeholderTextColor: string; value: string; onChangeText: Dispatch<SetStateAction<string>>; }' is not assignable to type 'IntrinsicAttributes & IntrinsicClassAttributes<TextInput> & Readonly<TextInputProps>'.
      Property 'className' does not exist on type 'IntrinsicAttributes & IntrinsicClassAttributes<TextInput> & Readonly<TextInputProps>'.
src/screens/marketplace/NearbyShopsScreen.tsx(227,15): error TS2769: No overload matches this call.
  Overload 1 of 2, '(props: ViewProps): View', gave the following error.
    Type '{ children: Element[]; className: string; }' is not assignable to type 'IntrinsicAttributes & IntrinsicClassAttributes<View> & Readonly<ViewProps>'.
      Property 'className' does not exist on type 'IntrinsicAttributes & IntrinsicClassAttributes<View> & Readonly<ViewProps>'.
  Overload 2 of 2, '(props: ViewProps, context: any): View', gave the following error.
    Type '{ children: Element[]; className: string; }' is not assignable to type 'IntrinsicAttributes & IntrinsicClassAttributes<View> & Readonly<ViewProps>'.
      Property 'className' does not exist on type 'IntrinsicAttributes & IntrinsicClassAttributes<View> & Readonly<ViewProps>'.
src/screens/marketplace/NearbyShopsScreen.tsx(229,17): error TS2769: No overload matches this call.
  Overload 1 of 2, '(props: TextProps): Text', gave the following error.
    Type '{ children: (string | Element)[]; className: string; }' is not assignable to type 'IntrinsicAttributes & IntrinsicClassAttributes<Text> & Readonly<TextProps>'.
      Property 'className' does not exist on type 'IntrinsicAttributes & IntrinsicClassAttributes<Text> & Readonly<TextProps>'.
  Overload 2 of 2, '(props: TextProps, context: any): Text', gave the following error.
    Type '{ children: (string | Element)[]; className: string; }' is not assignable to type 'IntrinsicAttributes & IntrinsicClassAttributes<Text> & Readonly<TextProps>'.
      Property 'className' does not exist on type 'IntrinsicAttributes & IntrinsicClassAttributes<Text> & Readonly<TextProps>'.
src/screens/marketplace/NearbyShopsScreen.tsx(230,28): error TS2769: No overload matches this call.
  Overload 1 of 2, '(props: TextProps): Text', gave the following error.
    Type '{ children: string; className: string; }' is not assignable to type 'IntrinsicAttributes & IntrinsicClassAttributes<Text> & Readonly<TextProps>'.
      Property 'className' does not exist on type 'IntrinsicAttributes & IntrinsicClassAttributes<Text> & Readonly<TextProps>'.
  Overload 2 of 2, '(props: TextProps, context: any): Text', gave the following error.
    Type '{ children: string; className: string; }' is not assignable to type 'IntrinsicAttributes & IntrinsicClassAttributes<Text> & Readonly<TextProps>'.
      Property 'className' does not exist on type 'IntrinsicAttributes & IntrinsicClassAttributes<Text> & Readonly<TextProps>'.
src/screens/marketplace/NearbyShopsScreen.tsx(251,11): error TS2769: No overload matches this call.
  Overload 1 of 2, '(props: ScrollViewProps): ScrollView', gave the following error.
    Type '{ children: Element[]; horizontal: true; showsHorizontalScrollIndicator: false; className: string; contentContainerStyle: { gap: number; }; }' is not assignable to type 'IntrinsicAttributes & IntrinsicClassAttributes<ScrollView> & Readonly<ScrollViewProps>'.
      Property 'className' does not exist on type 'IntrinsicAttributes & IntrinsicClassAttributes<ScrollView> & Readonly<ScrollViewProps>'.
  Overload 2 of 2, '(props: ScrollViewProps, context: any): ScrollView', gave the following error.
    Type '{ children: Element[]; horizontal: true; showsHorizontalScrollIndicator: false; className: string; contentContainerStyle: { gap: number; }; }' is not assignable to type 'IntrinsicAttributes & IntrinsicClassAttributes<ScrollView> & Readonly<ScrollViewProps>'.
      Property 'className' does not exist on type 'IntrinsicAttributes & IntrinsicClassAttributes<ScrollView> & Readonly<ScrollViewProps>'.
src/screens/marketplace/NearbyShopsScreen.tsx(258,15): error TS2322: Type '{ children: Element; key: string; onPress: () => void; className: string; }' is not assignable to type 'IntrinsicAttributes & PressableProps & RefAttributes<View>'.
  Property 'className' does not exist on type 'IntrinsicAttributes & PressableProps & RefAttributes<View>'.
src/screens/marketplace/NearbyShopsScreen.tsx(260,21): error TS2769: No overload matches this call.
  Overload 1 of 2, '(props: ViewProps): View', gave the following error.
    Type '{ children: Element; className: string; }' is not assignable to type 'IntrinsicAttributes & IntrinsicClassAttributes<View> & Readonly<ViewProps>'.
      Property 'className' does not exist on type 'IntrinsicAttributes & IntrinsicClassAttributes<View> & Readonly<ViewProps>'.
  Overload 2 of 2, '(props: ViewProps, context: any): View', gave the following error.
    Type '{ children: Element; className: string; }' is not assignable to type 'IntrinsicAttributes & IntrinsicClassAttributes<View> & Readonly<ViewProps>'.
      Property 'className' does not exist on type 'IntrinsicAttributes & IntrinsicClassAttributes<View> & Readonly<ViewProps>'.
src/screens/marketplace/NearbyShopsScreen.tsx(273,19): error TS2769: No overload matches this call.
  Overload 1 of 2, '(props: ViewProps): View', gave the following error.
    Type '{ children: Element[]; className: string; }' is not assignable to type 'IntrinsicAttributes & IntrinsicClassAttributes<View> & Readonly<ViewProps>'.
      Property 'className' does not exist on type 'IntrinsicAttributes & IntrinsicClassAttributes<View> & Readonly<ViewProps>'.
  Overload 2 of 2, '(props: ViewProps, context: any): View', gave the following error.
    Type '{ children: Element[]; className: string; }' is not assignable to type 'IntrinsicAttributes & IntrinsicClassAttributes<View> & Readonly<ViewProps>'.
      Property 'className' does not exist on type 'IntrinsicAttributes & IntrinsicClassAttributes<View> & Readonly<ViewProps>'.
src/screens/marketplace/NearbyShopsScreen.tsx(274,21): error TS2769: No overload matches this call.
  Overload 1 of 2, '(props: ViewProps): View', gave the following error.
    Type '{ children: Element[]; className: string; }' is not assignable to type 'IntrinsicAttributes & IntrinsicClassAttributes<View> & Readonly<ViewProps>'.
      Property 'className' does not exist on type 'IntrinsicAttributes & IntrinsicClassAttributes<View> & Readonly<ViewProps>'.
  Overload 2 of 2, '(props: ViewProps, context: any): View', gave the following error.
    Type '{ children: Element[]; className: string; }' is not assignable to type 'IntrinsicAttributes & IntrinsicClassAttributes<View> & Readonly<ViewProps>'.
      Property 'className' does not exist on type 'IntrinsicAttributes & IntrinsicClassAttributes<View> & Readonly<ViewProps>'.
src/screens/marketplace/NearbyShopsScreen.tsx(278,21): error TS2769: No overload matches this call.
  Overload 1 of 2, '(props: ImageProps): Image', gave the following error.
    Type '{ source: { uri: string | undefined; }; className: string; resizeMode: "cover"; }' is not assignable to type 'IntrinsicAttributes & IntrinsicClassAttributes<Image> & Readonly<ImageProps>'.
      Property 'className' does not exist on type 'IntrinsicAttributes & IntrinsicClassAttributes<Image> & Readonly<ImageProps>'.
  Overload 2 of 2, '(props: ImageProps, context: any): Image', gave the following error.
    Type '{ source: { uri: string | undefined; }; className: string; resizeMode: "cover"; }' is not assignable to type 'IntrinsicAttributes & IntrinsicClassAttributes<Image> & Readonly<ImageProps>'.
      Property 'className' does not exist on type 'IntrinsicAttributes & IntrinsicClassAttributes<Image> & Readonly<ImageProps>'.
src/screens/marketplace/NearbyShopsScreen.tsx(282,25): error TS2769: No overload matches this call.
  Overload 1 of 2, '(props: ViewProps): View', gave the following error.
    Type '{ children: Element; className: string; }' is not assignable to type 'IntrinsicAttributes & IntrinsicClassAttributes<View> & Readonly<ViewProps>'.
      Property 'className' does not exist on type 'IntrinsicAttributes & IntrinsicClassAttributes<View> & Readonly<ViewProps>'.
  Overload 2 of 2, '(props: ViewProps, context: any): View', gave the following error.
    Type '{ children: Element; className: string; }' is not assignable to type 'IntrinsicAttributes & IntrinsicClassAttributes<View> & Readonly<ViewProps>'.
      Property 'className' does not exist on type 'IntrinsicAttributes & IntrinsicClassAttributes<View> & Readonly<ViewProps>'.
src/screens/marketplace/NearbyShopsScreen.tsx(287,23): error TS2769: No overload matches this call.
  Overload 1 of 2, '(props: ViewProps): View', gave the following error.
    Type '{ children: Element[]; className: string; }' is not assignable to type 'IntrinsicAttributes & IntrinsicClassAttributes<View> & Readonly<ViewProps>'.
      Property 'className' does not exist on type 'IntrinsicAttributes & IntrinsicClassAttributes<View> & Readonly<ViewProps>'.
  Overload 2 of 2, '(props: ViewProps, context: any): View', gave the following error.
    Type '{ children: Element[]; className: string; }' is not assignable to type 'IntrinsicAttributes & IntrinsicClassAttributes<View> & Readonly<ViewProps>'.
      Property 'className' does not exist on type 'IntrinsicAttributes & IntrinsicClassAttributes<View> & Readonly<ViewProps>'.
src/screens/marketplace/NearbyShopsScreen.tsx(288,25): error TS2769: No overload matches this call.
  Overload 1 of 2, '(props: TextProps): Text', gave the following error.
    Type '{ children: string; className: string; }' is not assignable to type 'IntrinsicAttributes & IntrinsicClassAttributes<Text> & Readonly<TextProps>'.
      Property 'className' does not exist on type 'IntrinsicAttributes & IntrinsicClassAttributes<Text> & Readonly<TextProps>'.
  Overload 2 of 2, '(props: TextProps, context: any): Text', gave the following error.
    Type '{ children: string; className: string; }' is not assignable to type 'IntrinsicAttributes & IntrinsicClassAttributes<Text> & Readonly<TextProps>'.
      Property 'className' does not exist on type 'IntrinsicAttributes & IntrinsicClassAttributes<Text> & Readonly<TextProps>'.
src/screens/marketplace/NearbyShopsScreen.tsx(291,25): error TS2769: No overload matches this call.
  Overload 1 of 2, '(props: TextProps): Text', gave the following error.
    Type '{ children: string; className: string; }' is not assignable to type 'IntrinsicAttributes & IntrinsicClassAttributes<Text> & Readonly<TextProps>'.
      Property 'className' does not exist on type 'IntrinsicAttributes & IntrinsicClassAttributes<Text> & Readonly<TextProps>'.
  Overload 2 of 2, '(props: TextProps, context: any): Text', gave the following error.
    Type '{ children: string; className: string; }' is not assignable to type 'IntrinsicAttributes & IntrinsicClassAttributes<Text> & Readonly<TextProps>'.
      Property 'className' does not exist on type 'IntrinsicAttributes & IntrinsicClassAttributes<Text> & Readonly<TextProps>'.
src/screens/marketplace/NearbyShopsScreen.tsx(294,25): error TS2769: No overload matches this call.
  Overload 1 of 2, '(props: ViewProps): View', gave the following error.
    Type '{ children: Element[]; className: string; }' is not assignable to type 'IntrinsicAttributes & IntrinsicClassAttributes<View> & Readonly<ViewProps>'.
      Property 'className' does not exist on type 'IntrinsicAttributes & IntrinsicClassAttributes<View> & Readonly<ViewProps>'.
  Overload 2 of 2, '(props: ViewProps, context: any): View', gave the following error.
    Type '{ children: Element[]; className: string; }' is not assignable to type 'IntrinsicAttributes & IntrinsicClassAttributes<View> & Readonly<ViewProps>'.
      Property 'className' does not exist on type 'IntrinsicAttributes & IntrinsicClassAttributes<View> & Readonly<ViewProps>'.
src/screens/marketplace/NearbyShopsScreen.tsx(296,27): error TS2769: No overload matches this call.
  Overload 1 of 2, '(props: TextProps): Text', gave the following error.
    Type '{ children: any[]; className: string; }' is not assignable to type 'IntrinsicAttributes & IntrinsicClassAttributes<Text> & Readonly<TextProps>'.
      Property 'className' does not exist on type 'IntrinsicAttributes & IntrinsicClassAttributes<Text> & Readonly<TextProps>'.
  Overload 2 of 2, '(props: TextProps, context: any): Text', gave the following error.
    Type '{ children: any[]; className: string; }' is not assignable to type 'IntrinsicAttributes & IntrinsicClassAttributes<Text> & Readonly<TextProps>'.
      Property 'className' does not exist on type 'IntrinsicAttributes & IntrinsicClassAttributes<Text> & Readonly<TextProps>'.
src/screens/marketplace/NearbyShopsScreen.tsx(297,67): error TS2339: Property 'reviewCount' does not exist on type 'Shop'.
src/screens/marketplace/NearbyShopsScreen.tsx(300,25): error TS2769: No overload matches this call.
  Overload 1 of 2, '(props: TextProps): Text', gave the following error.
    Type '{ children: string[]; className: string; }' is not assignable to type 'IntrinsicAttributes & IntrinsicClassAttributes<Text> & Readonly<TextProps>'.
      Property 'className' does not exist on type 'IntrinsicAttributes & IntrinsicClassAttributes<Text> & Readonly<TextProps>'.
  Overload 2 of 2, '(props: TextProps, context: any): Text', gave the following error.
    Type '{ children: string[]; className: string; }' is not assignable to type 'IntrinsicAttributes & IntrinsicClassAttributes<Text> & Readonly<TextProps>'.
      Property 'className' does not exist on type 'IntrinsicAttributes & IntrinsicClassAttributes<Text> & Readonly<TextProps>'.
src/screens/marketplace/NearbyShopsScreen.tsx(307,21): error TS2769: No overload matches this call.
  Overload 1 of 2, '(props: ViewProps): View', gave the following error.
    Type '{ children: Element[]; className: string; }' is not assignable to type 'IntrinsicAttributes & IntrinsicClassAttributes<View> & Readonly<ViewProps>'.
      Property 'className' does not exist on type 'IntrinsicAttributes & IntrinsicClassAttributes<View> & Readonly<ViewProps>'.
  Overload 2 of 2, '(props: ViewProps, context: any): View', gave the following error.
    Type '{ children: Element[]; className: string; }' is not assignable to type 'IntrinsicAttributes & IntrinsicClassAttributes<View> & Readonly<ViewProps>'.
      Property 'className' does not exist on type 'IntrinsicAttributes & IntrinsicClassAttributes<View> & Readonly<ViewProps>'.
src/screens/marketplace/NearbyShopsScreen.tsx(309,23): error TS2769: No overload matches this call.
  Overload 1 of 2, '(props: TextProps): Text', gave the following error.
    Type '{ children: string; className: string; }' is not assignable to type 'IntrinsicAttributes & IntrinsicClassAttributes<Text> & Readonly<TextProps>'.
      Property 'className' does not exist on type 'IntrinsicAttributes & IntrinsicClassAttributes<Text> & Readonly<TextProps>'.
  Overload 2 of 2, '(props: TextProps, context: any): Text', gave the following error.
    Type '{ children: string; className: string; }' is not assignable to type 'IntrinsicAttributes & IntrinsicClassAttributes<Text> & Readonly<TextProps>'.
      Property 'className' does not exist on type 'IntrinsicAttributes & IntrinsicClassAttributes<Text> & Readonly<TextProps>'.
src/screens/marketplace/NearbyShopsScreen.tsx(319,15): error TS2769: No overload matches this call.
  Overload 1 of 2, '(props: ScrollViewProps): ScrollView', gave the following error.
    Type '{ children: Element[]; horizontal: true; showsHorizontalScrollIndicator: false; className: string; contentContainerStyle: { gap: number; }; }' is not assignable to type 'IntrinsicAttributes & IntrinsicClassAttributes<ScrollView> & Readonly<ScrollViewProps>'.
      Property 'className' does not exist on type 'IntrinsicAttributes & IntrinsicClassAttributes<ScrollView> & Readonly<ScrollViewProps>'.
  Overload 2 of 2, '(props: ScrollViewProps, context: any): ScrollView', gave the following error.
    Type '{ children: Element[]; horizontal: true; showsHorizontalScrollIndicator: false; className: string; contentContainerStyle: { gap: number; }; }' is not assignable to type 'IntrinsicAttributes & IntrinsicClassAttributes<ScrollView> & Readonly<ScrollViewProps>'.
      Property 'className' does not exist on type 'IntrinsicAttributes & IntrinsicClassAttributes<ScrollView> & Readonly<ScrollViewProps>'.
src/screens/marketplace/NearbyShopsScreen.tsx(326,19): error TS2322: Type '{ children: Element; key: string; onPress: () => void; className: string; }' is not assignable to type 'IntrinsicAttributes & PressableProps & RefAttributes<View>'.
  Property 'className' does not exist on type 'IntrinsicAttributes & PressableProps & RefAttributes<View>'.
src/screens/marketplace/NearbyShopsScreen.tsx(333,21): error TS2769: No overload matches this call.
  Overload 1 of 2, '(props: TextProps): Text', gave the following error.
    Type '{ children: string; className: string; }' is not assignable to type 'IntrinsicAttributes & IntrinsicClassAttributes<Text> & Readonly<TextProps>'.
      Property 'className' does not exist on type 'IntrinsicAttributes & IntrinsicClassAttributes<Text> & Readonly<TextProps>'.
  Overload 2 of 2, '(props: TextProps, context: any): Text', gave the following error.
    Type '{ children: string; className: string; }' is not assignable to type 'IntrinsicAttributes & IntrinsicClassAttributes<Text> & Readonly<TextProps>'.
      Property 'className' does not exist on type 'IntrinsicAttributes & IntrinsicClassAttributes<Text> & Readonly<TextProps>'.
src/screens/marketplace/NearbyShopsScreen.tsx(353,21): error TS2769: No overload matches this call.
  Overload 1 of 2, '(props: ViewProps): View', gave the following error.
    Type '{ children: Element; className: string; }' is not assignable to type 'IntrinsicAttributes & IntrinsicClassAttributes<View> & Readonly<ViewProps>'.
      Property 'className' does not exist on type 'IntrinsicAttributes & IntrinsicClassAttributes<View> & Readonly<ViewProps>'.
  Overload 2 of 2, '(props: ViewProps, context: any): View', gave the following error.
    Type '{ children: Element; className: string; }' is not assignable to type 'IntrinsicAttributes & IntrinsicClassAttributes<View> & Readonly<ViewProps>'.
      Property 'className' does not exist on type 'IntrinsicAttributes & IntrinsicClassAttributes<View> & Readonly<ViewProps>'.
src/screens/marketplace/NearbyShopsScreen.tsx(354,23): error TS2769: No overload matches this call.
  Overload 1 of 2, '(props: ViewProps): View', gave the following error.
    Type '{ children: Element[]; className: string; }' is not assignable to type 'IntrinsicAttributes & IntrinsicClassAttributes<View> & Readonly<ViewProps>'.
      Property 'className' does not exist on type 'IntrinsicAttributes & IntrinsicClassAttributes<View> & Readonly<ViewProps>'.
  Overload 2 of 2, '(props: ViewProps, context: any): View', gave the following error.
    Type '{ children: Element[]; className: string; }' is not assignable to type 'IntrinsicAttributes & IntrinsicClassAttributes<View> & Readonly<ViewProps>'.
      Property 'className' does not exist on type 'IntrinsicAttributes & IntrinsicClassAttributes<View> & Readonly<ViewProps>'.
src/screens/marketplace/NearbyShopsScreen.tsx(356,52): error TS2769: No overload matches this call.
  Overload 1 of 2, '(props: ViewProps): View', gave the following error.
    Type '{ children: Element; key: string; className: string; }' is not assignable to type 'IntrinsicAttributes & IntrinsicClassAttributes<View> & Readonly<ViewProps>'.
      Property 'className' does not exist on type 'IntrinsicAttributes & IntrinsicClassAttributes<View> & Readonly<ViewProps>'.
  Overload 2 of 2, '(props: ViewProps, context: any): View', gave the following error.
    Type '{ children: Element; key: string; className: string; }' is not assignable to type 'IntrinsicAttributes & IntrinsicClassAttributes<View> & Readonly<ViewProps>'.
      Property 'className' does not exist on type 'IntrinsicAttributes & IntrinsicClassAttributes<View> & Readonly<ViewProps>'.
src/screens/marketplace/NearbyShopsScreen.tsx(373,15): error TS2769: No overload matches this call.
  Overload 1 of 2, '(props: ViewProps): View', gave the following error.
    Type '{ children: Element[]; className: string; }' is not assignable to type 'IntrinsicAttributes & IntrinsicClassAttributes<View> & Readonly<ViewProps>'.
      Property 'className' does not exist on type 'IntrinsicAttributes & IntrinsicClassAttributes<View> & Readonly<ViewProps>'.
  Overload 2 of 2, '(props: ViewProps, context: any): View', gave the following error.
    Type '{ children: Element[]; className: string; }' is not assignable to type 'IntrinsicAttributes & IntrinsicClassAttributes<View> & Readonly<ViewProps>'.
      Property 'className' does not exist on type 'IntrinsicAttributes & IntrinsicClassAttributes<View> & Readonly<ViewProps>'.
src/screens/marketplace/NearbyShopsScreen.tsx(374,17): error TS2769: No overload matches this call.
  Overload 1 of 2, '(props: ViewProps): View', gave the following error.
    Type '{ children: Element[]; className: string; }' is not assignable to type 'IntrinsicAttributes & IntrinsicClassAttributes<View> & Readonly<ViewProps>'.
      Property 'className' does not exist on type 'IntrinsicAttributes & IntrinsicClassAttributes<View> & Readonly<ViewProps>'.
  Overload 2 of 2, '(props: ViewProps, context: any): View', gave the following error.
    Type '{ children: Element[]; className: string; }' is not assignable to type 'IntrinsicAttributes & IntrinsicClassAttributes<View> & Readonly<ViewProps>'.
      Property 'className' does not exist on type 'IntrinsicAttributes & IntrinsicClassAttributes<View> & Readonly<ViewProps>'.
src/screens/marketplace/NearbyShopsScreen.tsx(377,21): error TS2769: No overload matches this call.
  Overload 1 of 2, '(props: TextProps): Text', gave the following error.
    Type '{ children: (string | number)[]; className: string; }' is not assignable to type 'IntrinsicAttributes & IntrinsicClassAttributes<Text> & Readonly<TextProps>'.
      Property 'className' does not exist on type 'IntrinsicAttributes & IntrinsicClassAttributes<Text> & Readonly<TextProps>'.
  Overload 2 of 2, '(props: TextProps, context: any): Text', gave the following error.
    Type '{ children: (string | number)[]; className: string; }' is not assignable to type 'IntrinsicAttributes & IntrinsicClassAttributes<Text> & Readonly<TextProps>'.
      Property 'className' does not exist on type 'IntrinsicAttributes & IntrinsicClassAttributes<Text> & Readonly<TextProps>'.
src/screens/marketplace/NearbyShopsScreen.tsx(381,23): error TS2769: No overload matches this call.
  Overload 1 of 2, '(props: TextProps): Text', gave the following error.
    Type '{ children: string; className: string; }' is not assignable to type 'IntrinsicAttributes & IntrinsicClassAttributes<Text> & Readonly<TextProps>'.
      Property 'className' does not exist on type 'IntrinsicAttributes & IntrinsicClassAttributes<Text> & Readonly<TextProps>'.
  Overload 2 of 2, '(props: TextProps, context: any): Text', gave the following error.
    Type '{ children: string; className: string; }' is not assignable to type 'IntrinsicAttributes & IntrinsicClassAttributes<Text> & Readonly<TextProps>'.
      Property 'className' does not exist on type 'IntrinsicAttributes & IntrinsicClassAttributes<Text> & Readonly<TextProps>'.
src/screens/marketplace/NearbyShopsScreen.tsx(390,13): error TS2322: Type '{ children: Element[]; onPress: () => any; className: string; }' is not assignable to type 'IntrinsicAttributes & PressableProps & RefAttributes<View>'.
  Property 'className' does not exist on type 'IntrinsicAttributes & PressableProps & RefAttributes<View>'.
src/screens/marketplace/NearbyShopsScreen.tsx(392,19): error TS2769: No overload matches this call.
  Overload 1 of 2, '(props: TextProps): Text', gave the following error.
    Type '{ children: (string | number)[]; className: string; }' is not assignable to type 'IntrinsicAttributes & IntrinsicClassAttributes<Text> & Readonly<TextProps>'.
      Property 'className' does not exist on type 'IntrinsicAttributes & IntrinsicClassAttributes<Text> & Readonly<TextProps>'.
  Overload 2 of 2, '(props: TextProps, context: any): Text', gave the following error.
    Type '{ children: (string | number)[]; className: string; }' is not assignable to type 'IntrinsicAttributes & IntrinsicClassAttributes<Text> & Readonly<TextProps>'.
      Property 'className' does not exist on type 'IntrinsicAttributes & IntrinsicClassAttributes<Text> & Readonly<TextProps>'.
src/screens/marketplace/PaymentFailureScreen.tsx(19,33): error TS2339: Property 'orderId' does not exist on type 'never'.
src/screens/marketplace/PaymentFailureScreen.tsx(20,32): error TS2339: Property 'reason' does not exist on type 'never'.
src/screens/marketplace/PaymentFailureScreen.tsx(57,64): error TS2345: Argument of type '{ screen: "Home"; }' is not assignable to parameter of type 'undefined'.
src/screens/marketplace/ProductDetailsScreen.tsx(46,9): error TS2769: No overload matches this call.
  Overload 1 of 2, '(props: ViewProps): View', gave the following error.
    Type '{ children: Element[]; className: string; }' is not assignable to type 'IntrinsicAttributes & IntrinsicClassAttributes<View> & Readonly<ViewProps>'.
      Property 'className' does not exist on type 'IntrinsicAttributes & IntrinsicClassAttributes<View> & Readonly<ViewProps>'.
  Overload 2 of 2, '(props: ViewProps, context: any): View', gave the following error.
    Type '{ children: Element[]; className: string; }' is not assignable to type 'IntrinsicAttributes & IntrinsicClassAttributes<View> & Readonly<ViewProps>'.
      Property 'className' does not exist on type 'IntrinsicAttributes & IntrinsicClassAttributes<View> & Readonly<ViewProps>'.
src/screens/marketplace/ProductDetailsScreen.tsx(53,13): error TS2769: No overload matches this call.
  Overload 1 of 2, '(props: TextProps): Text', gave the following error.
    Type '{ children: string; className: string; }' is not assignable to type 'IntrinsicAttributes & IntrinsicClassAttributes<Text> & Readonly<TextProps>'.
      Property 'className' does not exist on type 'IntrinsicAttributes & IntrinsicClassAttributes<Text> & Readonly<TextProps>'.
  Overload 2 of 2, '(props: TextProps, context: any): Text', gave the following error.
    Type '{ children: string; className: string; }' is not assignable to type 'IntrinsicAttributes & IntrinsicClassAttributes<Text> & Readonly<TextProps>'.
      Property 'className' does not exist on type 'IntrinsicAttributes & IntrinsicClassAttributes<Text> & Readonly<TextProps>'.
src/screens/marketplace/ProductDetailsScreen.tsx(56,13): error TS2769: No overload matches this call.
  Overload 1 of 2, '(props: TextProps): Text', gave the following error.
    Type '{ children: string; className: string; }' is not assignable to type 'IntrinsicAttributes & IntrinsicClassAttributes<Text> & Readonly<TextProps>'.
      Property 'className' does not exist on type 'IntrinsicAttributes & IntrinsicClassAttributes<Text> & Readonly<TextProps>'.
  Overload 2 of 2, '(props: TextProps, context: any): Text', gave the following error.
    Type '{ children: string; className: string; }' is not assignable to type 'IntrinsicAttributes & IntrinsicClassAttributes<Text> & Readonly<TextProps>'.
      Property 'className' does not exist on type 'IntrinsicAttributes & IntrinsicClassAttributes<Text> & Readonly<TextProps>'.
src/screens/marketplace/ProductDetailsScreen.tsx(72,9): error TS2769: No overload matches this call.
  Overload 1 of 2, '(props: ViewProps): View', gave the following error.
    Type '{ children: Element[]; className: string; }' is not assignable to type 'IntrinsicAttributes & IntrinsicClassAttributes<View> & Readonly<ViewProps>'.
      Property 'className' does not exist on type 'IntrinsicAttributes & IntrinsicClassAttributes<View> & Readonly<ViewProps>'.
  Overload 2 of 2, '(props: ViewProps, context: any): View', gave the following error.
    Type '{ children: Element[]; className: string; }' is not assignable to type 'IntrinsicAttributes & IntrinsicClassAttributes<View> & Readonly<ViewProps>'.
      Property 'className' does not exist on type 'IntrinsicAttributes & IntrinsicClassAttributes<View> & Readonly<ViewProps>'.
src/screens/marketplace/ProductDetailsScreen.tsx(73,11): error TS2769: No overload matches this call.
  Overload 1 of 2, '(props: ViewProps): View', gave the following error.
    Type '{ children: Element; className: string; }' is not assignable to type 'IntrinsicAttributes & IntrinsicClassAttributes<View> & Readonly<ViewProps>'.
      Property 'className' does not exist on type 'IntrinsicAttributes & IntrinsicClassAttributes<View> & Readonly<ViewProps>'.
  Overload 2 of 2, '(props: ViewProps, context: any): View', gave the following error.
    Type '{ children: Element; className: string; }' is not assignable to type 'IntrinsicAttributes & IntrinsicClassAttributes<View> & Readonly<ViewProps>'.
      Property 'className' does not exist on type 'IntrinsicAttributes & IntrinsicClassAttributes<View> & Readonly<ViewProps>'.
src/screens/marketplace/ProductDetailsScreen.tsx(80,11): error TS2769: No overload matches this call.
  Overload 1 of 2, '(props: TextProps): Text', gave the following error.
    Type '{ children: string; className: string; }' is not assignable to type 'IntrinsicAttributes & IntrinsicClassAttributes<Text> & Readonly<TextProps>'.
      Property 'className' does not exist on type 'IntrinsicAttributes & IntrinsicClassAttributes<Text> & Readonly<TextProps>'.
  Overload 2 of 2, '(props: TextProps, context: any): Text', gave the following error.
    Type '{ children: string; className: string; }' is not assignable to type 'IntrinsicAttributes & IntrinsicClassAttributes<Text> & Readonly<TextProps>'.
      Property 'className' does not exist on type 'IntrinsicAttributes & IntrinsicClassAttributes<Text> & Readonly<TextProps>'.
src/screens/marketplace/ProductDetailsScreen.tsx(84,7): error TS2769: No overload matches this call.
  Overload 1 of 2, '(props: TextProps): Text', gave the following error.
    Type '{ children: string; className: string; numberOfLines: number; }' is not assignable to type 'IntrinsicAttributes & IntrinsicClassAttributes<Text> & Readonly<TextProps>'.
      Property 'className' does not exist on type 'IntrinsicAttributes & IntrinsicClassAttributes<Text> & Readonly<TextProps>'.
  Overload 2 of 2, '(props: TextProps, context: any): Text', gave the following error.
    Type '{ children: string; className: string; numberOfLines: number; }' is not assignable to type 'IntrinsicAttributes & IntrinsicClassAttributes<Text> & Readonly<TextProps>'.
      Property 'className' does not exist on type 'IntrinsicAttributes & IntrinsicClassAttributes<Text> & Readonly<TextProps>'.
src/screens/marketplace/ProductDetailsScreen.tsx(162,13): error TS2769: No overload matches this call.
  Overload 1 of 2, '(props: ViewProps): View', gave the following error.
    Type '{ children: Element[]; className: string; }' is not assignable to type 'IntrinsicAttributes & IntrinsicClassAttributes<View> & Readonly<ViewProps>'.
      Property 'className' does not exist on type 'IntrinsicAttributes & IntrinsicClassAttributes<View> & Readonly<ViewProps>'.
  Overload 2 of 2, '(props: ViewProps, context: any): View', gave the following error.
    Type '{ children: Element[]; className: string; }' is not assignable to type 'IntrinsicAttributes & IntrinsicClassAttributes<View> & Readonly<ViewProps>'.
      Property 'className' does not exist on type 'IntrinsicAttributes & IntrinsicClassAttributes<View> & Readonly<ViewProps>'.
src/screens/marketplace/ProductDetailsScreen.tsx(169,15): error TS2769: No overload matches this call.
  Overload 1 of 2, '(props: TextProps): Text', gave the following error.
    Type '{ children: string; className: string; }' is not assignable to type 'IntrinsicAttributes & IntrinsicClassAttributes<Text> & Readonly<TextProps>'.
      Property 'className' does not exist on type 'IntrinsicAttributes & IntrinsicClassAttributes<Text> & Readonly<TextProps>'.
  Overload 2 of 2, '(props: TextProps, context: any): Text', gave the following error.
    Type '{ children: string; className: string; }' is not assignable to type 'IntrinsicAttributes & IntrinsicClassAttributes<Text> & Readonly<TextProps>'.
      Property 'className' does not exist on type 'IntrinsicAttributes & IntrinsicClassAttributes<Text> & Readonly<TextProps>'.
src/screens/marketplace/ProductDetailsScreen.tsx(174,11): error TS2322: Type '{ children: Element; className: string; onPress: () => any; }' is not assignable to type 'IntrinsicAttributes & TouchableOpacityProps & RefAttributes<View>'.
  Property 'className' does not exist on type 'IntrinsicAttributes & TouchableOpacityProps & RefAttributes<View>'.
src/screens/marketplace/ProductDetailsScreen.tsx(177,17): error TS2769: No overload matches this call.
  Overload 1 of 2, '(props: TextProps): Text', gave the following error.
    Type '{ children: string; className: string; }' is not assignable to type 'IntrinsicAttributes & IntrinsicClassAttributes<Text> & Readonly<TextProps>'.
      Property 'className' does not exist on type 'IntrinsicAttributes & IntrinsicClassAttributes<Text> & Readonly<TextProps>'.
  Overload 2 of 2, '(props: TextProps, context: any): Text', gave the following error.
    Type '{ children: string; className: string; }' is not assignable to type 'IntrinsicAttributes & IntrinsicClassAttributes<Text> & Readonly<TextProps>'.
      Property 'className' does not exist on type 'IntrinsicAttributes & IntrinsicClassAttributes<Text> & Readonly<TextProps>'.
src/screens/marketplace/ProductDetailsScreen.tsx(202,11): error TS2769: No overload matches this call.
  Overload 1 of 2, '(props: ViewProps): View', gave the following error.
    Type '{ children: Element[]; className: string; }' is not assignable to type 'IntrinsicAttributes & IntrinsicClassAttributes<View> & Readonly<ViewProps>'.
      Property 'className' does not exist on type 'IntrinsicAttributes & IntrinsicClassAttributes<View> & Readonly<ViewProps>'.
  Overload 2 of 2, '(props: ViewProps, context: any): View', gave the following error.
    Type '{ children: Element[]; className: string; }' is not assignable to type 'IntrinsicAttributes & IntrinsicClassAttributes<View> & Readonly<ViewProps>'.
      Property 'className' does not exist on type 'IntrinsicAttributes & IntrinsicClassAttributes<View> & Readonly<ViewProps>'.
src/screens/marketplace/ProductDetailsScreen.tsx(205,13): error TS2769: No overload matches this call.
  Overload 1 of 2, '(props: ViewProps): View', gave the following error.
    Type '{ children: Element[]; className: string; }' is not assignable to type 'IntrinsicAttributes & IntrinsicClassAttributes<View> & Readonly<ViewProps>'.
      Property 'className' does not exist on type 'IntrinsicAttributes & IntrinsicClassAttributes<View> & Readonly<ViewProps>'.
  Overload 2 of 2, '(props: ViewProps, context: any): View', gave the following error.
    Type '{ children: Element[]; className: string; }' is not assignable to type 'IntrinsicAttributes & IntrinsicClassAttributes<View> & Readonly<ViewProps>'.
      Property 'className' does not exist on type 'IntrinsicAttributes & IntrinsicClassAttributes<View> & Readonly<ViewProps>'.
src/screens/marketplace/ProductDetailsScreen.tsx(207,11): error TS2322: Type '{ children: Element; className: string; activeOpacity: number; onPress: () => any; }' is not assignable to type 'IntrinsicAttributes & TouchableOpacityProps & RefAttributes<View>'.
  Property 'className' does not exist on type 'IntrinsicAttributes & TouchableOpacityProps & RefAttributes<View>'.
src/screens/marketplace/ProductDetailsScreen.tsx(218,15): error TS2769: No overload matches this call.
  Overload 1 of 2, '(props: ViewProps): View', gave the following error.
    Type '{ children: Element[]; className: string; }' is not assignable to type 'IntrinsicAttributes & IntrinsicClassAttributes<View> & Readonly<ViewProps>'.
      Property 'className' does not exist on type 'IntrinsicAttributes & IntrinsicClassAttributes<View> & Readonly<ViewProps>'.
  Overload 2 of 2, '(props: ViewProps, context: any): View', gave the following error.
    Type '{ children: Element[]; className: string; }' is not assignable to type 'IntrinsicAttributes & IntrinsicClassAttributes<View> & Readonly<ViewProps>'.
      Property 'className' does not exist on type 'IntrinsicAttributes & IntrinsicClassAttributes<View> & Readonly<ViewProps>'.
src/screens/marketplace/ProductDetailsScreen.tsx(220,13): error TS2322: Type '{ children: Element; className: string; activeOpacity: number; onPress: () => void; }' is not assignable to type 'IntrinsicAttributes & TouchableOpacityProps & RefAttributes<View>'.
  Property 'className' does not exist on type 'IntrinsicAttributes & TouchableOpacityProps & RefAttributes<View>'.
src/screens/marketplace/ProductDetailsScreen.tsx(232,13): error TS2322: Type '{ children: Element; className: string; activeOpacity: number; }' is not assignable to type 'IntrinsicAttributes & TouchableOpacityProps & RefAttributes<View>'.
  Property 'className' does not exist on type 'IntrinsicAttributes & TouchableOpacityProps & RefAttributes<View>'.
src/screens/marketplace/ProductDetailsScreen.tsx(249,15): error TS2769: No overload matches this call.
  Overload 1 of 2, '(props: ViewProps): View', gave the following error.
    Type '{ children: (false | Element)[]; className: string; }' is not assignable to type 'IntrinsicAttributes & IntrinsicClassAttributes<View> & Readonly<ViewProps>'.
      Property 'className' does not exist on type 'IntrinsicAttributes & IntrinsicClassAttributes<View> & Readonly<ViewProps>'.
  Overload 2 of 2, '(props: ViewProps, context: any): View', gave the following error.
    Type '{ children: (false | Element)[]; className: string; }' is not assignable to type 'IntrinsicAttributes & IntrinsicClassAttributes<View> & Readonly<ViewProps>'.
      Property 'className' does not exist on type 'IntrinsicAttributes & IntrinsicClassAttributes<View> & Readonly<ViewProps>'.
src/screens/marketplace/ProductDetailsScreen.tsx(253,15): error TS2769: No overload matches this call.
  Overload 1 of 2, '(props: ImageProps): Image', gave the following error.
    Type '{ source: { uri: string; }; className: string; resizeMode: "contain"; }' is not assignable to type 'IntrinsicAttributes & IntrinsicClassAttributes<Image> & Readonly<ImageProps>'.
      Property 'className' does not exist on type 'IntrinsicAttributes & IntrinsicClassAttributes<Image> & Readonly<ImageProps>'.
  Overload 2 of 2, '(props: ImageProps, context: any): Image', gave the following error.
    Type '{ source: { uri: string; }; className: string; resizeMode: "contain"; }' is not assignable to type 'IntrinsicAttributes & IntrinsicClassAttributes<Image> & Readonly<ImageProps>'.
      Property 'className' does not exist on type 'IntrinsicAttributes & IntrinsicClassAttributes<Image> & Readonly<ImageProps>'.
src/screens/marketplace/ProductDetailsScreen.tsx(257,19): error TS2769: No overload matches this call.
  Overload 1 of 2, '(props: ViewProps): View', gave the following error.
    Type '{ children: Element[]; className: string; }' is not assignable to type 'IntrinsicAttributes & IntrinsicClassAttributes<View> & Readonly<ViewProps>'.
      Property 'className' does not exist on type 'IntrinsicAttributes & IntrinsicClassAttributes<View> & Readonly<ViewProps>'.
  Overload 2 of 2, '(props: ViewProps, context: any): View', gave the following error.
    Type '{ children: Element[]; className: string; }' is not assignable to type 'IntrinsicAttributes & IntrinsicClassAttributes<View> & Readonly<ViewProps>'.
      Property 'className' does not exist on type 'IntrinsicAttributes & IntrinsicClassAttributes<View> & Readonly<ViewProps>'.
src/screens/marketplace/ProductDetailsScreen.tsx(263,21): error TS2769: No overload matches this call.
  Overload 1 of 2, '(props: TextProps): Text', gave the following error.
    Type '{ children: string; className: string; }' is not assignable to type 'IntrinsicAttributes & IntrinsicClassAttributes<Text> & Readonly<TextProps>'.
      Property 'className' does not exist on type 'IntrinsicAttributes & IntrinsicClassAttributes<Text> & Readonly<TextProps>'.
  Overload 2 of 2, '(props: TextProps, context: any): Text', gave the following error.
    Type '{ children: string; className: string; }' is not assignable to type 'IntrinsicAttributes & IntrinsicClassAttributes<Text> & Readonly<TextProps>'.
      Property 'className' does not exist on type 'IntrinsicAttributes & IntrinsicClassAttributes<Text> & Readonly<TextProps>'.
src/screens/marketplace/ProductDetailsScreen.tsx(270,19): error TS2769: No overload matches this call.
  Overload 1 of 2, '(props: ViewProps): View', gave the following error.
    Type '{ children: Element; className: string; }' is not assignable to type 'IntrinsicAttributes & IntrinsicClassAttributes<View> & Readonly<ViewProps>'.
      Property 'className' does not exist on type 'IntrinsicAttributes & IntrinsicClassAttributes<View> & Readonly<ViewProps>'.
  Overload 2 of 2, '(props: ViewProps, context: any): View', gave the following error.
    Type '{ children: Element; className: string; }' is not assignable to type 'IntrinsicAttributes & IntrinsicClassAttributes<View> & Readonly<ViewProps>'.
      Property 'className' does not exist on type 'IntrinsicAttributes & IntrinsicClassAttributes<View> & Readonly<ViewProps>'.
src/screens/marketplace/ProductDetailsScreen.tsx(271,21): error TS2769: No overload matches this call.
  Overload 1 of 2, '(props: TextProps): Text', gave the following error.
    Type '{ children: (string | number)[]; className: string; }' is not assignable to type 'IntrinsicAttributes & IntrinsicClassAttributes<Text> & Readonly<TextProps>'.
      Property 'className' does not exist on type 'IntrinsicAttributes & IntrinsicClassAttributes<Text> & Readonly<TextProps>'.
  Overload 2 of 2, '(props: TextProps, context: any): Text', gave the following error.
    Type '{ children: (string | number)[]; className: string; }' is not assignable to type 'IntrinsicAttributes & IntrinsicClassAttributes<Text> & Readonly<TextProps>'.
      Property 'className' does not exist on type 'IntrinsicAttributes & IntrinsicClassAttributes<Text> & Readonly<TextProps>'.
src/screens/marketplace/ProductDetailsScreen.tsx(277,17): error TS2769: No overload matches this call.
  Overload 1 of 2, '(props: ViewProps): View', gave the following error.
    Type '{ children: Element; className: string; }' is not assignable to type 'IntrinsicAttributes & IntrinsicClassAttributes<View> & Readonly<ViewProps>'.
      Property 'className' does not exist on type 'IntrinsicAttributes & IntrinsicClassAttributes<View> & Readonly<ViewProps>'.
  Overload 2 of 2, '(props: ViewProps, context: any): View', gave the following error.
    Type '{ children: Element; className: string; }' is not assignable to type 'IntrinsicAttributes & IntrinsicClassAttributes<View> & Readonly<ViewProps>'.
      Property 'className' does not exist on type 'IntrinsicAttributes & IntrinsicClassAttributes<View> & Readonly<ViewProps>'.
src/screens/marketplace/ProductDetailsScreen.tsx(278,19): error TS2769: No overload matches this call.
  Overload 1 of 2, '(props: TextProps): Text', gave the following error.
    Type '{ children: string; className: string; }' is not assignable to type 'IntrinsicAttributes & IntrinsicClassAttributes<Text> & Readonly<TextProps>'.
      Property 'className' does not exist on type 'IntrinsicAttributes & IntrinsicClassAttributes<Text> & Readonly<TextProps>'.
  Overload 2 of 2, '(props: TextProps, context: any): Text', gave the following error.
    Type '{ children: string; className: string; }' is not assignable to type 'IntrinsicAttributes & IntrinsicClassAttributes<Text> & Readonly<TextProps>'.
      Property 'className' does not exist on type 'IntrinsicAttributes & IntrinsicClassAttributes<Text> & Readonly<TextProps>'.
src/screens/marketplace/ProductDetailsScreen.tsx(285,15): error TS2769: No overload matches this call.
  Overload 1 of 2, '(props: ViewProps): View', gave the following error.
    Type '{ children: ("" | Element | undefined)[]; className: string; }' is not assignable to type 'IntrinsicAttributes & IntrinsicClassAttributes<View> & Readonly<ViewProps>'.
      Property 'className' does not exist on type 'IntrinsicAttributes & IntrinsicClassAttributes<View> & Readonly<ViewProps>'.
  Overload 2 of 2, '(props: ViewProps, context: any): View', gave the following error.
    Type '{ children: ("" | Element | undefined)[]; className: string; }' is not assignable to type 'IntrinsicAttributes & IntrinsicClassAttributes<View> & Readonly<ViewProps>'.
      Property 'className' does not exist on type 'IntrinsicAttributes & IntrinsicClassAttributes<View> & Readonly<ViewProps>'.
src/screens/marketplace/ProductDetailsScreen.tsx(286,17): error TS2769: No overload matches this call.
  Overload 1 of 2, '(props: ViewProps): View', gave the following error.
    Type '{ children: Element[]; className: string; }' is not assignable to type 'IntrinsicAttributes & IntrinsicClassAttributes<View> & Readonly<ViewProps>'.
      Property 'className' does not exist on type 'IntrinsicAttributes & IntrinsicClassAttributes<View> & Readonly<ViewProps>'.
  Overload 2 of 2, '(props: ViewProps, context: any): View', gave the following error.
    Type '{ children: Element[]; className: string; }' is not assignable to type 'IntrinsicAttributes & IntrinsicClassAttributes<View> & Readonly<ViewProps>'.
      Property 'className' does not exist on type 'IntrinsicAttributes & IntrinsicClassAttributes<View> & Readonly<ViewProps>'.
src/screens/marketplace/ProductDetailsScreen.tsx(287,19): error TS2769: No overload matches this call.
  Overload 1 of 2, '(props: ViewProps): View', gave the following error.
    Type '{ children: ("" | Element | undefined)[]; className: string; }' is not assignable to type 'IntrinsicAttributes & IntrinsicClassAttributes<View> & Readonly<ViewProps>'.
      Property 'className' does not exist on type 'IntrinsicAttributes & IntrinsicClassAttributes<View> & Readonly<ViewProps>'.
  Overload 2 of 2, '(props: ViewProps, context: any): View', gave the following error.
    Type '{ children: ("" | Element | undefined)[]; className: string; }' is not assignable to type 'IntrinsicAttributes & IntrinsicClassAttributes<View> & Readonly<ViewProps>'.
      Property 'className' does not exist on type 'IntrinsicAttributes & IntrinsicClassAttributes<View> & Readonly<ViewProps>'.
src/screens/marketplace/ProductDetailsScreen.tsx(288,21): error TS2769: No overload matches this call.
  Overload 1 of 2, '(props: TextProps): Text', gave the following error.
    Type '{ children: string; className: string; }' is not assignable to type 'IntrinsicAttributes & IntrinsicClassAttributes<Text> & Readonly<TextProps>'.
      Property 'className' does not exist on type 'IntrinsicAttributes & IntrinsicClassAttributes<Text> & Readonly<TextProps>'.
  Overload 2 of 2, '(props: TextProps, context: any): Text', gave the following error.
    Type '{ children: string; className: string; }' is not assignable to type 'IntrinsicAttributes & IntrinsicClassAttributes<Text> & Readonly<TextProps>'.
      Property 'className' does not exist on type 'IntrinsicAttributes & IntrinsicClassAttributes<Text> & Readonly<TextProps>'.
src/screens/marketplace/ProductDetailsScreen.tsx(293,23): error TS2769: No overload matches this call.
  Overload 1 of 2, '(props: TextProps): Text', gave the following error.
    Type '{ children: string; className: string; }' is not assignable to type 'IntrinsicAttributes & IntrinsicClassAttributes<Text> & Readonly<TextProps>'.
      Property 'className' does not exist on type 'IntrinsicAttributes & IntrinsicClassAttributes<Text> & Readonly<TextProps>'.
  Overload 2 of 2, '(props: TextProps, context: any): Text', gave the following error.
    Type '{ children: string; className: string; }' is not assignable to type 'IntrinsicAttributes & IntrinsicClassAttributes<Text> & Readonly<TextProps>'.
      Property 'className' does not exist on type 'IntrinsicAttributes & IntrinsicClassAttributes<Text> & Readonly<TextProps>'.
src/screens/marketplace/ProductDetailsScreen.tsx(300,15): error TS2769: No overload matches this call.
  Overload 1 of 2, '(props: ViewProps): View', gave the following error.
    Type '{ children: Element; className: string; }' is not assignable to type 'IntrinsicAttributes & IntrinsicClassAttributes<View> & Readonly<ViewProps>'.
      Property 'className' does not exist on type 'IntrinsicAttributes & IntrinsicClassAttributes<View> & Readonly<ViewProps>'.
  Overload 2 of 2, '(props: ViewProps, context: any): View', gave the following error.
    Type '{ children: Element; className: string; }' is not assignable to type 'IntrinsicAttributes & IntrinsicClassAttributes<View> & Readonly<ViewProps>'.
      Property 'className' does not exist on type 'IntrinsicAttributes & IntrinsicClassAttributes<View> & Readonly<ViewProps>'.
src/screens/marketplace/ProductDetailsScreen.tsx(307,17): error TS2769: No overload matches this call.
  Overload 1 of 2, '(props: TextProps): Text', gave the following error.
    Type '{ children: string; className: string; }' is not assignable to type 'IntrinsicAttributes & IntrinsicClassAttributes<Text> & Readonly<TextProps>'.
      Property 'className' does not exist on type 'IntrinsicAttributes & IntrinsicClassAttributes<Text> & Readonly<TextProps>'.
  Overload 2 of 2, '(props: TextProps, context: any): Text', gave the following error.
    Type '{ children: string; className: string; }' is not assignable to type 'IntrinsicAttributes & IntrinsicClassAttributes<Text> & Readonly<TextProps>'.
      Property 'className' does not exist on type 'IntrinsicAttributes & IntrinsicClassAttributes<Text> & Readonly<TextProps>'.
src/screens/marketplace/ProductDetailsScreen.tsx(321,17): error TS2769: No overload matches this call.
  Overload 1 of 2, '(props: ViewProps): View', gave the following error.
    Type '{ children: Element[]; className: string; }' is not assignable to type 'IntrinsicAttributes & IntrinsicClassAttributes<View> & Readonly<ViewProps>'.
      Property 'className' does not exist on type 'IntrinsicAttributes & IntrinsicClassAttributes<View> & Readonly<ViewProps>'.
  Overload 2 of 2, '(props: ViewProps, context: any): View', gave the following error.
    Type '{ children: Element[]; className: string; }' is not assignable to type 'IntrinsicAttributes & IntrinsicClassAttributes<View> & Readonly<ViewProps>'.
      Property 'className' does not exist on type 'IntrinsicAttributes & IntrinsicClassAttributes<View> & Readonly<ViewProps>'.
src/screens/marketplace/ProductDetailsScreen.tsx(322,19): error TS2769: No overload matches this call.
  Overload 1 of 2, '(props: ViewProps): View', gave the following error.
    Type '{ children: Element[]; className: string; }' is not assignable to type 'IntrinsicAttributes & IntrinsicClassAttributes<View> & Readonly<ViewProps>'.
      Property 'className' does not exist on type 'IntrinsicAttributes & IntrinsicClassAttributes<View> & Readonly<ViewProps>'.
  Overload 2 of 2, '(props: ViewProps, context: any): View', gave the following error.
    Type '{ children: Element[]; className: string; }' is not assignable to type 'IntrinsicAttributes & IntrinsicClassAttributes<View> & Readonly<ViewProps>'.
      Property 'className' does not exist on type 'IntrinsicAttributes & IntrinsicClassAttributes<View> & Readonly<ViewProps>'.
src/screens/marketplace/ProductDetailsScreen.tsx(328,21): error TS2769: No overload matches this call.
  Overload 1 of 2, '(props: TextProps): Text', gave the following error.
    Type '{ children: string; className: string; }' is not assignable to type 'IntrinsicAttributes & IntrinsicClassAttributes<Text> & Readonly<TextProps>'.
      Property 'className' does not exist on type 'IntrinsicAttributes & IntrinsicClassAttributes<Text> & Readonly<TextProps>'.
  Overload 2 of 2, '(props: TextProps, context: any): Text', gave the following error.
    Type '{ children: string; className: string; }' is not assignable to type 'IntrinsicAttributes & IntrinsicClassAttributes<Text> & Readonly<TextProps>'.
      Property 'className' does not exist on type 'IntrinsicAttributes & IntrinsicClassAttributes<Text> & Readonly<TextProps>'.
src/screens/marketplace/ProductDetailsScreen.tsx(333,19): error TS2769: No overload matches this call.
  Overload 1 of 2, '(props: TextProps): Text', gave the following error.
    Type '{ children: string; className: string; }' is not assignable to type 'IntrinsicAttributes & IntrinsicClassAttributes<Text> & Readonly<TextProps>'.
      Property 'className' does not exist on type 'IntrinsicAttributes & IntrinsicClassAttributes<Text> & Readonly<TextProps>'.
  Overload 2 of 2, '(props: TextProps, context: any): Text', gave the following error.
    Type '{ children: string; className: string; }' is not assignable to type 'IntrinsicAttributes & IntrinsicClassAttributes<Text> & Readonly<TextProps>'.
      Property 'className' does not exist on type 'IntrinsicAttributes & IntrinsicClassAttributes<Text> & Readonly<TextProps>'.
src/screens/marketplace/ProductDetailsScreen.tsx(339,17): error TS2769: No overload matches this call.
  Overload 1 of 2, '(props: ViewProps): View', gave the following error.
    Type '{ children: (false | Element)[]; className: string; }' is not assignable to type 'IntrinsicAttributes & IntrinsicClassAttributes<View> & Readonly<ViewProps>'.
      Property 'className' does not exist on type 'IntrinsicAttributes & IntrinsicClassAttributes<View> & Readonly<ViewProps>'.
  Overload 2 of 2, '(props: ViewProps, context: any): View', gave the following error.
    Type '{ children: (false | Element)[]; className: string; }' is not assignable to type 'IntrinsicAttributes & IntrinsicClassAttributes<View> & Readonly<ViewProps>'.
      Property 'className' does not exist on type 'IntrinsicAttributes & IntrinsicClassAttributes<View> & Readonly<ViewProps>'.
src/screens/marketplace/ProductDetailsScreen.tsx(340,19): error TS2769: No overload matches this call.
  Overload 1 of 2, '(props: TextProps): Text', gave the following error.
    Type '{ children: (string | number)[]; className: string; }' is not assignable to type 'IntrinsicAttributes & IntrinsicClassAttributes<Text> & Readonly<TextProps>'.
      Property 'className' does not exist on type 'IntrinsicAttributes & IntrinsicClassAttributes<Text> & Readonly<TextProps>'.
  Overload 2 of 2, '(props: TextProps, context: any): Text', gave the following error.
    Type '{ children: (string | number)[]; className: string; }' is not assignable to type 'IntrinsicAttributes & IntrinsicClassAttributes<Text> & Readonly<TextProps>'.
      Property 'className' does not exist on type 'IntrinsicAttributes & IntrinsicClassAttributes<Text> & Readonly<TextProps>'.
src/screens/marketplace/ProductDetailsScreen.tsx(346,21): error TS2769: No overload matches this call.
  Overload 1 of 2, '(props: TextProps): Text', gave the following error.
    Type '{ children: (string | number)[]; className: string; }' is not assignable to type 'IntrinsicAttributes & IntrinsicClassAttributes<Text> & Readonly<TextProps>'.
      Property 'className' does not exist on type 'IntrinsicAttributes & IntrinsicClassAttributes<Text> & Readonly<TextProps>'.
  Overload 2 of 2, '(props: TextProps, context: any): Text', gave the following error.
    Type '{ children: (string | number)[]; className: string; }' is not assignable to type 'IntrinsicAttributes & IntrinsicClassAttributes<Text> & Readonly<TextProps>'.
      Property 'className' does not exist on type 'IntrinsicAttributes & IntrinsicClassAttributes<Text> & Readonly<TextProps>'.
src/screens/marketplace/ProductDetailsScreen.tsx(352,21): error TS2769: No overload matches this call.
  Overload 1 of 2, '(props: ViewProps): View', gave the following error.
    Type '{ children: Element; className: string; }' is not assignable to type 'IntrinsicAttributes & IntrinsicClassAttributes<View> & Readonly<ViewProps>'.
      Property 'className' does not exist on type 'IntrinsicAttributes & IntrinsicClassAttributes<View> & Readonly<ViewProps>'.
  Overload 2 of 2, '(props: ViewProps, context: any): View', gave the following error.
    Type '{ children: Element; className: string; }' is not assignable to type 'IntrinsicAttributes & IntrinsicClassAttributes<View> & Readonly<ViewProps>'.
      Property 'className' does not exist on type 'IntrinsicAttributes & IntrinsicClassAttributes<View> & Readonly<ViewProps>'.
src/screens/marketplace/ProductDetailsScreen.tsx(353,23): error TS2769: No overload matches this call.
  Overload 1 of 2, '(props: TextProps): Text', gave the following error.
    Type '{ children: (string | number)[]; className: string; }' is not assignable to type 'IntrinsicAttributes & IntrinsicClassAttributes<Text> & Readonly<TextProps>'.
      Property 'className' does not exist on type 'IntrinsicAttributes & IntrinsicClassAttributes<Text> & Readonly<TextProps>'.
  Overload 2 of 2, '(props: TextProps, context: any): Text', gave the following error.
    Type '{ children: (string | number)[]; className: string; }' is not assignable to type 'IntrinsicAttributes & IntrinsicClassAttributes<Text> & Readonly<TextProps>'.
      Property 'className' does not exist on type 'IntrinsicAttributes & IntrinsicClassAttributes<Text> & Readonly<TextProps>'.
src/screens/marketplace/ProductDetailsScreen.tsx(361,19): error TS2769: No overload matches this call.
  Overload 1 of 2, '(props: TextProps): Text', gave the following error.
    Type '{ children: string[]; className: string; }' is not assignable to type 'IntrinsicAttributes & IntrinsicClassAttributes<Text> & Readonly<TextProps>'.
      Property 'className' does not exist on type 'IntrinsicAttributes & IntrinsicClassAttributes<Text> & Readonly<TextProps>'.
  Overload 2 of 2, '(props: TextProps, context: any): Text', gave the following error.
    Type '{ children: string[]; className: string; }' is not assignable to type 'IntrinsicAttributes & IntrinsicClassAttributes<Text> & Readonly<TextProps>'.
      Property 'className' does not exist on type 'IntrinsicAttributes & IntrinsicClassAttributes<Text> & Readonly<TextProps>'.
src/screens/marketplace/ProductDetailsScreen.tsx(372,17): error TS2769: No overload matches this call.
  Overload 1 of 2, '(props: ViewProps): View', gave the following error.
    Type '{ children: Element[]; className: string; }' is not assignable to type 'IntrinsicAttributes & IntrinsicClassAttributes<View> & Readonly<ViewProps>'.
      Property 'className' does not exist on type 'IntrinsicAttributes & IntrinsicClassAttributes<View> & Readonly<ViewProps>'.
  Overload 2 of 2, '(props: ViewProps, context: any): View', gave the following error.
    Type '{ children: Element[]; className: string; }' is not assignable to type 'IntrinsicAttributes & IntrinsicClassAttributes<View> & Readonly<ViewProps>'.
      Property 'className' does not exist on type 'IntrinsicAttributes & IntrinsicClassAttributes<View> & Readonly<ViewProps>'.
src/screens/marketplace/ProductDetailsScreen.tsx(379,19): error TS2769: No overload matches this call.
  Overload 1 of 2, '(props: ViewProps): View', gave the following error.
    Type '{ className: string; }' is not assignable to type 'IntrinsicAttributes & IntrinsicClassAttributes<View> & Readonly<ViewProps>'.
      Property 'className' does not exist on type 'IntrinsicAttributes & IntrinsicClassAttributes<View> & Readonly<ViewProps>'.
  Overload 2 of 2, '(props: ViewProps, context: any): View', gave the following error.
    Type '{ className: string; }' is not assignable to type 'IntrinsicAttributes & IntrinsicClassAttributes<View> & Readonly<ViewProps>'.
      Property 'className' does not exist on type 'IntrinsicAttributes & IntrinsicClassAttributes<View> & Readonly<ViewProps>'.
src/screens/marketplace/ProductDetailsScreen.tsx(387,19): error TS2769: No overload matches this call.
  Overload 1 of 2, '(props: ViewProps): View', gave the following error.
    Type '{ className: string; }' is not assignable to type 'IntrinsicAttributes & IntrinsicClassAttributes<View> & Readonly<ViewProps>'.
      Property 'className' does not exist on type 'IntrinsicAttributes & IntrinsicClassAttributes<View> & Readonly<ViewProps>'.
  Overload 2 of 2, '(props: ViewProps, context: any): View', gave the following error.
    Type '{ className: string; }' is not assignable to type 'IntrinsicAttributes & IntrinsicClassAttributes<View> & Readonly<ViewProps>'.
      Property 'className' does not exist on type 'IntrinsicAttributes & IntrinsicClassAttributes<View> & Readonly<ViewProps>'.
src/screens/marketplace/ProductDetailsScreen.tsx(398,15): error TS2769: No overload matches this call.
  Overload 1 of 2, '(props: ViewProps): View', gave the following error.
    Type '{ children: Element[]; className: string; }' is not assignable to type 'IntrinsicAttributes & IntrinsicClassAttributes<View> & Readonly<ViewProps>'.
      Property 'className' does not exist on type 'IntrinsicAttributes & IntrinsicClassAttributes<View> & Readonly<ViewProps>'.
  Overload 2 of 2, '(props: ViewProps, context: any): View', gave the following error.
    Type '{ children: Element[]; className: string; }' is not assignable to type 'IntrinsicAttributes & IntrinsicClassAttributes<View> & Readonly<ViewProps>'.
      Property 'className' does not exist on type 'IntrinsicAttributes & IntrinsicClassAttributes<View> & Readonly<ViewProps>'.
src/screens/marketplace/ProductDetailsScreen.tsx(399,17): error TS2769: No overload matches this call.
  Overload 1 of 2, '(props: ViewProps): View', gave the following error.
    Type '{ children: Element; className: string; }' is not assignable to type 'IntrinsicAttributes & IntrinsicClassAttributes<View> & Readonly<ViewProps>'.
      Property 'className' does not exist on type 'IntrinsicAttributes & IntrinsicClassAttributes<View> & Readonly<ViewProps>'.
  Overload 2 of 2, '(props: ViewProps, context: any): View', gave the following error.
    Type '{ children: Element; className: string; }' is not assignable to type 'IntrinsicAttributes & IntrinsicClassAttributes<View> & Readonly<ViewProps>'.
      Property 'className' does not exist on type 'IntrinsicAttributes & IntrinsicClassAttributes<View> & Readonly<ViewProps>'.
src/screens/marketplace/ProductDetailsScreen.tsx(407,17): error TS2769: No overload matches this call.
  Overload 1 of 2, '(props: ViewProps): View', gave the following error.
    Type '{ children: Element[]; className: string; }' is not assignable to type 'IntrinsicAttributes & IntrinsicClassAttributes<View> & Readonly<ViewProps>'.
      Property 'className' does not exist on type 'IntrinsicAttributes & IntrinsicClassAttributes<View> & Readonly<ViewProps>'.
  Overload 2 of 2, '(props: ViewProps, context: any): View', gave the following error.
    Type '{ children: Element[]; className: string; }' is not assignable to type 'IntrinsicAttributes & IntrinsicClassAttributes<View> & Readonly<ViewProps>'.
      Property 'className' does not exist on type 'IntrinsicAttributes & IntrinsicClassAttributes<View> & Readonly<ViewProps>'.
src/screens/marketplace/ProductDetailsScreen.tsx(408,19): error TS2769: No overload matches this call.
  Overload 1 of 2, '(props: TextProps): Text', gave the following error.
    Type '{ children: string; className: string; }' is not assignable to type 'IntrinsicAttributes & IntrinsicClassAttributes<Text> & Readonly<TextProps>'.
      Property 'className' does not exist on type 'IntrinsicAttributes & IntrinsicClassAttributes<Text> & Readonly<TextProps>'.
  Overload 2 of 2, '(props: TextProps, context: any): Text', gave the following error.
    Type '{ children: string; className: string; }' is not assignable to type 'IntrinsicAttributes & IntrinsicClassAttributes<Text> & Readonly<TextProps>'.
      Property 'className' does not exist on type 'IntrinsicAttributes & IntrinsicClassAttributes<Text> & Readonly<TextProps>'.
src/screens/marketplace/ProductDetailsScreen.tsx(412,19): error TS2769: No overload matches this call.
  Overload 1 of 2, '(props: TextProps): Text', gave the following error.
    Type '{ children: string; className: string; }' is not assignable to type 'IntrinsicAttributes & IntrinsicClassAttributes<Text> & Readonly<TextProps>'.
      Property 'className' does not exist on type 'IntrinsicAttributes & IntrinsicClassAttributes<Text> & Readonly<TextProps>'.
  Overload 2 of 2, '(props: TextProps, context: any): Text', gave the following error.
    Type '{ children: string; className: string; }' is not assignable to type 'IntrinsicAttributes & IntrinsicClassAttributes<Text> & Readonly<TextProps>'.
      Property 'className' does not exist on type 'IntrinsicAttributes & IntrinsicClassAttributes<Text> & Readonly<TextProps>'.
src/screens/marketplace/ProductDetailsScreen.tsx(416,19): error TS2769: No overload matches this call.
  Overload 1 of 2, '(props: ViewProps): View', gave the following error.
    Type '{ children: Element[]; className: string; }' is not assignable to type 'IntrinsicAttributes & IntrinsicClassAttributes<View> & Readonly<ViewProps>'.
      Property 'className' does not exist on type 'IntrinsicAttributes & IntrinsicClassAttributes<View> & Readonly<ViewProps>'.
  Overload 2 of 2, '(props: ViewProps, context: any): View', gave the following error.
    Type '{ children: Element[]; className: string; }' is not assignable to type 'IntrinsicAttributes & IntrinsicClassAttributes<View> & Readonly<ViewProps>'.
      Property 'className' does not exist on type 'IntrinsicAttributes & IntrinsicClassAttributes<View> & Readonly<ViewProps>'.
src/screens/marketplace/ProductDetailsScreen.tsx(423,21): error TS2769: No overload matches this call.
  Overload 1 of 2, '(props: TextProps): Text', gave the following error.
    Type '{ children: string; className: string; }' is not assignable to type 'IntrinsicAttributes & IntrinsicClassAttributes<Text> & Readonly<TextProps>'.
      Property 'className' does not exist on type 'IntrinsicAttributes & IntrinsicClassAttributes<Text> & Readonly<TextProps>'.
  Overload 2 of 2, '(props: TextProps, context: any): Text', gave the following error.
    Type '{ children: string; className: string; }' is not assignable to type 'IntrinsicAttributes & IntrinsicClassAttributes<Text> & Readonly<TextProps>'.
      Property 'className' does not exist on type 'IntrinsicAttributes & IntrinsicClassAttributes<Text> & Readonly<TextProps>'.
src/screens/marketplace/ProductDetailsScreen.tsx(431,13): error TS2322: Type '{ children: Element; activeOpacity: number; className: string; onPress: () => void; }' is not assignable to type 'IntrinsicAttributes & TouchableOpacityProps & RefAttributes<View>'.
  Property 'className' does not exist on type 'IntrinsicAttributes & TouchableOpacityProps & RefAttributes<View>'.
src/screens/marketplace/ProductDetailsScreen.tsx(440,19): error TS2769: No overload matches this call.
  Overload 1 of 2, '(props: TextProps): Text', gave the following error.
    Type '{ children: string; className: string; }' is not assignable to type 'IntrinsicAttributes & IntrinsicClassAttributes<Text> & Readonly<TextProps>'.
      Property 'className' does not exist on type 'IntrinsicAttributes & IntrinsicClassAttributes<Text> & Readonly<TextProps>'.
  Overload 2 of 2, '(props: TextProps, context: any): Text', gave the following error.
    Type '{ children: string; className: string; }' is not assignable to type 'IntrinsicAttributes & IntrinsicClassAttributes<Text> & Readonly<TextProps>'.
      Property 'className' does not exist on type 'IntrinsicAttributes & IntrinsicClassAttributes<Text> & Readonly<TextProps>'.
src/screens/marketplace/ProductDetailsScreen.tsx(447,15): error TS2769: No overload matches this call.
  Overload 1 of 2, '(props: ViewProps): View', gave the following error.
    Type '{ children: Element[]; className: string; }' is not assignable to type 'IntrinsicAttributes & IntrinsicClassAttributes<View> & Readonly<ViewProps>'.
      Property 'className' does not exist on type 'IntrinsicAttributes & IntrinsicClassAttributes<View> & Readonly<ViewProps>'.
  Overload 2 of 2, '(props: ViewProps, context: any): View', gave the following error.
    Type '{ children: Element[]; className: string; }' is not assignable to type 'IntrinsicAttributes & IntrinsicClassAttributes<View> & Readonly<ViewProps>'.
      Property 'className' does not exist on type 'IntrinsicAttributes & IntrinsicClassAttributes<View> & Readonly<ViewProps>'.
src/screens/marketplace/ProductDetailsScreen.tsx(448,17): error TS2769: No overload matches this call.
  Overload 1 of 2, '(props: TextProps): Text', gave the following error.
    Type '{ children: string; className: string; }' is not assignable to type 'IntrinsicAttributes & IntrinsicClassAttributes<Text> & Readonly<TextProps>'.
      Property 'className' does not exist on type 'IntrinsicAttributes & IntrinsicClassAttributes<Text> & Readonly<TextProps>'.
  Overload 2 of 2, '(props: TextProps, context: any): Text', gave the following error.
    Type '{ children: string; className: string; }' is not assignable to type 'IntrinsicAttributes & IntrinsicClassAttributes<Text> & Readonly<TextProps>'.
      Property 'className' does not exist on type 'IntrinsicAttributes & IntrinsicClassAttributes<Text> & Readonly<TextProps>'.
src/screens/marketplace/ProductDetailsScreen.tsx(452,17): error TS2769: No overload matches this call.
  Overload 1 of 2, '(props: TextProps): Text', gave the following error.
    Type '{ children: string; className: string; }' is not assignable to type 'IntrinsicAttributes & IntrinsicClassAttributes<Text> & Readonly<TextProps>'.
      Property 'className' does not exist on type 'IntrinsicAttributes & IntrinsicClassAttributes<Text> & Readonly<TextProps>'.
  Overload 2 of 2, '(props: TextProps, context: any): Text', gave the following error.
    Type '{ children: string; className: string; }' is not assignable to type 'IntrinsicAttributes & IntrinsicClassAttributes<Text> & Readonly<TextProps>'.
      Property 'className' does not exist on type 'IntrinsicAttributes & IntrinsicClassAttributes<Text> & Readonly<TextProps>'.
src/screens/marketplace/ProductDetailsScreen.tsx(457,17): error TS2769: No overload matches this call.
  Overload 1 of 2, '(props: ViewProps): View', gave the following error.
    Type '{ children: Element[]; className: string; }' is not assignable to type 'IntrinsicAttributes & IntrinsicClassAttributes<View> & Readonly<ViewProps>'.
      Property 'className' does not exist on type 'IntrinsicAttributes & IntrinsicClassAttributes<View> & Readonly<ViewProps>'.
  Overload 2 of 2, '(props: ViewProps, context: any): View', gave the following error.
    Type '{ children: Element[]; className: string; }' is not assignable to type 'IntrinsicAttributes & IntrinsicClassAttributes<View> & Readonly<ViewProps>'.
      Property 'className' does not exist on type 'IntrinsicAttributes & IntrinsicClassAttributes<View> & Readonly<ViewProps>'.
src/screens/marketplace/ProductDetailsScreen.tsx(464,19): error TS2769: No overload matches this call.
  Overload 1 of 2, '(props: ViewProps): View', gave the following error.
    Type '{ className: string; }' is not assignable to type 'IntrinsicAttributes & IntrinsicClassAttributes<View> & Readonly<ViewProps>'.
      Property 'className' does not exist on type 'IntrinsicAttributes & IntrinsicClassAttributes<View> & Readonly<ViewProps>'.
  Overload 2 of 2, '(props: ViewProps, context: any): View', gave the following error.
    Type '{ className: string; }' is not assignable to type 'IntrinsicAttributes & IntrinsicClassAttributes<View> & Readonly<ViewProps>'.
      Property 'className' does not exist on type 'IntrinsicAttributes & IntrinsicClassAttributes<View> & Readonly<ViewProps>'.
src/screens/marketplace/ProductDetailsScreen.tsx(472,19): error TS2769: No overload matches this call.
  Overload 1 of 2, '(props: ViewProps): View', gave the following error.
    Type '{ className: string; }' is not assignable to type 'IntrinsicAttributes & IntrinsicClassAttributes<View> & Readonly<ViewProps>'.
      Property 'className' does not exist on type 'IntrinsicAttributes & IntrinsicClassAttributes<View> & Readonly<ViewProps>'.
  Overload 2 of 2, '(props: ViewProps, context: any): View', gave the following error.
    Type '{ className: string; }' is not assignable to type 'IntrinsicAttributes & IntrinsicClassAttributes<View> & Readonly<ViewProps>'.
      Property 'className' does not exist on type 'IntrinsicAttributes & IntrinsicClassAttributes<View> & Readonly<ViewProps>'.
src/screens/marketplace/ProductDetailsScreen.tsx(484,17): error TS2769: No overload matches this call.
  Overload 1 of 2, '(props: ViewProps): View', gave the following error.
    Type '{ children: Element[]; className: string; }' is not assignable to type 'IntrinsicAttributes & IntrinsicClassAttributes<View> & Readonly<ViewProps>'.
      Property 'className' does not exist on type 'IntrinsicAttributes & IntrinsicClassAttributes<View> & Readonly<ViewProps>'.
  Overload 2 of 2, '(props: ViewProps, context: any): View', gave the following error.
    Type '{ children: Element[]; className: string; }' is not assignable to type 'IntrinsicAttributes & IntrinsicClassAttributes<View> & Readonly<ViewProps>'.
      Property 'className' does not exist on type 'IntrinsicAttributes & IntrinsicClassAttributes<View> & Readonly<ViewProps>'.
src/screens/marketplace/ProductDetailsScreen.tsx(485,19): error TS2769: No overload matches this call.
  Overload 1 of 2, '(props: TextProps): Text', gave the following error.
    Type '{ children: string; className: string; }' is not assignable to type 'IntrinsicAttributes & IntrinsicClassAttributes<Text> & Readonly<TextProps>'.
      Property 'className' does not exist on type 'IntrinsicAttributes & IntrinsicClassAttributes<Text> & Readonly<TextProps>'.
  Overload 2 of 2, '(props: TextProps, context: any): Text', gave the following error.
    Type '{ children: string; className: string; }' is not assignable to type 'IntrinsicAttributes & IntrinsicClassAttributes<Text> & Readonly<TextProps>'.
      Property 'className' does not exist on type 'IntrinsicAttributes & IntrinsicClassAttributes<Text> & Readonly<TextProps>'.
src/screens/marketplace/ProductDetailsScreen.tsx(489,19): error TS2769: No overload matches this call.
  Overload 1 of 2, '(props: ViewProps): View', gave the following error.
    Type '{ children: Element[]; className: string; }' is not assignable to type 'IntrinsicAttributes & IntrinsicClassAttributes<View> & Readonly<ViewProps>'.
      Property 'className' does not exist on type 'IntrinsicAttributes & IntrinsicClassAttributes<View> & Readonly<ViewProps>'.
  Overload 2 of 2, '(props: ViewProps, context: any): View', gave the following error.
    Type '{ children: Element[]; className: string; }' is not assignable to type 'IntrinsicAttributes & IntrinsicClassAttributes<View> & Readonly<ViewProps>'.
      Property 'className' does not exist on type 'IntrinsicAttributes & IntrinsicClassAttributes<View> & Readonly<ViewProps>'.
src/screens/marketplace/ProductDetailsScreen.tsx(492,17): error TS2322: Type '{ children: Element; activeOpacity: number; className: string; onPress: () => void; }' is not assignable to type 'IntrinsicAttributes & TouchableOpacityProps & RefAttributes<View>'.
  Property 'className' does not exist on type 'IntrinsicAttributes & TouchableOpacityProps & RefAttributes<View>'.
src/screens/marketplace/ProductDetailsScreen.tsx(502,21): error TS2769: No overload matches this call.
  Overload 1 of 2, '(props: TextProps): Text', gave the following error.
    Type '{ children: number; className: string; }' is not assignable to type 'IntrinsicAttributes & IntrinsicClassAttributes<Text> & Readonly<TextProps>'.
      Property 'className' does not exist on type 'IntrinsicAttributes & IntrinsicClassAttributes<Text> & Readonly<TextProps>'.
  Overload 2 of 2, '(props: TextProps, context: any): Text', gave the following error.
    Type '{ children: number; className: string; }' is not assignable to type 'IntrinsicAttributes & IntrinsicClassAttributes<Text> & Readonly<TextProps>'.
      Property 'className' does not exist on type 'IntrinsicAttributes & IntrinsicClassAttributes<Text> & Readonly<TextProps>'.
src/screens/marketplace/ProductDetailsScreen.tsx(508,17): error TS2322: Type '{ children: Element; activeOpacity: number; className: string; onPress: () => void; }' is not assignable to type 'IntrinsicAttributes & TouchableOpacityProps & RefAttributes<View>'.
  Property 'className' does not exist on type 'IntrinsicAttributes & TouchableOpacityProps & RefAttributes<View>'.
src/screens/marketplace/ProductDetailsScreen.tsx(521,15): error TS2769: No overload matches this call.
  Overload 1 of 2, '(props: ViewProps): View', gave the following error.
    Type '{ className: string; }' is not assignable to type 'IntrinsicAttributes & IntrinsicClassAttributes<View> & Readonly<ViewProps>'.
      Property 'className' does not exist on type 'IntrinsicAttributes & IntrinsicClassAttributes<View> & Readonly<ViewProps>'.
  Overload 2 of 2, '(props: ViewProps, context: any): View', gave the following error.
    Type '{ className: string; }' is not assignable to type 'IntrinsicAttributes & IntrinsicClassAttributes<View> & Readonly<ViewProps>'.
      Property 'className' does not exist on type 'IntrinsicAttributes & IntrinsicClassAttributes<View> & Readonly<ViewProps>'.
src/screens/marketplace/ProductDetailsScreen.tsx(525,13): error TS2769: No overload matches this call.
  Overload 1 of 2, '(props: ViewProps): View', gave the following error.
    Type '{ children: Element[]; className: string; }' is not assignable to type 'IntrinsicAttributes & IntrinsicClassAttributes<View> & Readonly<ViewProps>'.
      Property 'className' does not exist on type 'IntrinsicAttributes & IntrinsicClassAttributes<View> & Readonly<ViewProps>'.
  Overload 2 of 2, '(props: ViewProps, context: any): View', gave the following error.
    Type '{ children: Element[]; className: string; }' is not assignable to type 'IntrinsicAttributes & IntrinsicClassAttributes<View> & Readonly<ViewProps>'.
      Property 'className' does not exist on type 'IntrinsicAttributes & IntrinsicClassAttributes<View> & Readonly<ViewProps>'.
src/screens/marketplace/ProductDetailsScreen.tsx(530,11): error TS2322: Type '{ children: Element[]; activeOpacity: number; disabled: boolean; className: string; onPress: () => void; }' is not assignable to type 'IntrinsicAttributes & TouchableOpacityProps & RefAttributes<View>'.
  Property 'className' does not exist on type 'IntrinsicAttributes & TouchableOpacityProps & RefAttributes<View>'.
src/screens/marketplace/ProductDetailsScreen.tsx(543,17): error TS2769: No overload matches this call.
  Overload 1 of 2, '(props: TextProps): Text', gave the following error.
    Type '{ children: string; className: string; }' is not assignable to type 'IntrinsicAttributes & IntrinsicClassAttributes<Text> & Readonly<TextProps>'.
      Property 'className' does not exist on type 'IntrinsicAttributes & IntrinsicClassAttributes<Text> & Readonly<TextProps>'.
  Overload 2 of 2, '(props: TextProps, context: any): Text', gave the following error.
    Type '{ children: string; className: string; }' is not assignable to type 'IntrinsicAttributes & IntrinsicClassAttributes<Text> & Readonly<TextProps>'.
      Property 'className' does not exist on type 'IntrinsicAttributes & IntrinsicClassAttributes<Text> & Readonly<TextProps>'.
src/screens/marketplace/ProductDetailsScreen.tsx(551,11): error TS2322: Type '{ children: Element; activeOpacity: number; disabled: boolean; className: string; onPress: () => void; }' is not assignable to type 'IntrinsicAttributes & TouchableOpacityProps & RefAttributes<View>'.
  Property 'className' does not exist on type 'IntrinsicAttributes & TouchableOpacityProps & RefAttributes<View>'.
src/screens/marketplace/ProductDetailsScreen.tsx(562,15): error TS2769: No overload matches this call.
  Overload 1 of 2, '(props: TextProps): Text', gave the following error.
    Type '{ children: string; className: string; }' is not assignable to type 'IntrinsicAttributes & IntrinsicClassAttributes<Text> & Readonly<TextProps>'.
      Property 'className' does not exist on type 'IntrinsicAttributes & IntrinsicClassAttributes<Text> & Readonly<TextProps>'.
  Overload 2 of 2, '(props: TextProps, context: any): Text', gave the following error.
    Type '{ children: string; className: string; }' is not assignable to type 'IntrinsicAttributes & IntrinsicClassAttributes<Text> & Readonly<TextProps>'.
      Property 'className' does not exist on type 'IntrinsicAttributes & IntrinsicClassAttributes<Text> & Readonly<TextProps>'.
src/screens/marketplace/ShopDetailsScreen.tsx(124,21): error TS2322: Type '{ children: Element[]; className: string; }' is not assignable to type 'IntrinsicAttributes & NativeSafeAreaViewProps & RefAttributes<Component<NativeProps, {}, any> & NativeMethods>'.
  Property 'className' does not exist on type 'IntrinsicAttributes & NativeSafeAreaViewProps & RefAttributes<Component<NativeProps, {}, any> & NativeMethods>'.
src/screens/marketplace/ShopDetailsScreen.tsx(127,11): error TS2322: Type '{ title: string; subtitle: string; icon: string; }' is not assignable to type 'IntrinsicAttributes & LoadingStateProps'.
  Property 'title' does not exist on type 'IntrinsicAttributes & LoadingStateProps'.
src/screens/marketplace/ShopDetailsScreen.tsx(138,21): error TS2322: Type '{ children: Element[]; className: string; }' is not assignable to type 'IntrinsicAttributes & NativeSafeAreaViewProps & RefAttributes<Component<NativeProps, {}, any> & NativeMethods>'.
  Property 'className' does not exist on type 'IntrinsicAttributes & NativeSafeAreaViewProps & RefAttributes<Component<NativeProps, {}, any> & NativeMethods>'.
src/screens/marketplace/ShopDetailsScreen.tsx(142,11): error TS2322: Type '{ title: string; subtitle: string; onRetry: () => void; }' is not assignable to type 'IntrinsicAttributes & ErrorStateProps'.
  Property 'subtitle' does not exist on type 'IntrinsicAttributes & ErrorStateProps'.
src/screens/marketplace/ShopDetailsScreen.tsx(155,21): error TS2322: Type '{ children: Element[]; className: string; }' is not assignable to type 'IntrinsicAttributes & NativeSafeAreaViewProps & RefAttributes<Component<NativeProps, {}, any> & NativeMethods>'.
  Property 'className' does not exist on type 'IntrinsicAttributes & NativeSafeAreaViewProps & RefAttributes<Component<NativeProps, {}, any> & NativeMethods>'.
src/screens/marketplace/ShopDetailsScreen.tsx(157,15): error TS2769: No overload matches this call.
  Overload 1 of 2, '(props: ViewProps): View', gave the following error.
    Type '{ children: Element[]; className: string; }' is not assignable to type 'IntrinsicAttributes & IntrinsicClassAttributes<View> & Readonly<ViewProps>'.
      Property 'className' does not exist on type 'IntrinsicAttributes & IntrinsicClassAttributes<View> & Readonly<ViewProps>'.
  Overload 2 of 2, '(props: ViewProps, context: any): View', gave the following error.
    Type '{ children: Element[]; className: string; }' is not assignable to type 'IntrinsicAttributes & IntrinsicClassAttributes<View> & Readonly<ViewProps>'.
      Property 'className' does not exist on type 'IntrinsicAttributes & IntrinsicClassAttributes<View> & Readonly<ViewProps>'.
src/screens/marketplace/ShopDetailsScreen.tsx(158,17): error TS2769: No overload matches this call.
  Overload 1 of 2, '(props: ViewProps): View', gave the following error.
    Type '{ children: Element; className: string; }' is not assignable to type 'IntrinsicAttributes & IntrinsicClassAttributes<View> & Readonly<ViewProps>'.
      Property 'className' does not exist on type 'IntrinsicAttributes & IntrinsicClassAttributes<View> & Readonly<ViewProps>'.
  Overload 2 of 2, '(props: ViewProps, context: any): View', gave the following error.
    Type '{ children: Element; className: string; }' is not assignable to type 'IntrinsicAttributes & IntrinsicClassAttributes<View> & Readonly<ViewProps>'.
      Property 'className' does not exist on type 'IntrinsicAttributes & IntrinsicClassAttributes<View> & Readonly<ViewProps>'.
src/screens/marketplace/ShopDetailsScreen.tsx(161,17): error TS2769: No overload matches this call.
  Overload 1 of 2, '(props: TextProps): Text', gave the following error.
    Type '{ children: string; className: string; }' is not assignable to type 'IntrinsicAttributes & IntrinsicClassAttributes<Text> & Readonly<TextProps>'.
      Property 'className' does not exist on type 'IntrinsicAttributes & IntrinsicClassAttributes<Text> & Readonly<TextProps>'.
  Overload 2 of 2, '(props: TextProps, context: any): Text', gave the following error.
    Type '{ children: string; className: string; }' is not assignable to type 'IntrinsicAttributes & IntrinsicClassAttributes<Text> & Readonly<TextProps>'.
      Property 'className' does not exist on type 'IntrinsicAttributes & IntrinsicClassAttributes<Text> & Readonly<TextProps>'.
src/screens/marketplace/ShopDetailsScreen.tsx(165,13): error TS2322: Type '{ children: Element[]; className: string; onPress: () => any; }' is not assignable to type 'IntrinsicAttributes & PressableProps & RefAttributes<View>'.
  Property 'className' does not exist on type 'IntrinsicAttributes & PressableProps & RefAttributes<View>'.
src/screens/marketplace/ShopDetailsScreen.tsx(169,19): error TS2769: No overload matches this call.
  Overload 1 of 2, '(props: TextProps): Text', gave the following error.
    Type '{ children: string; className: string; }' is not assignable to type 'IntrinsicAttributes & IntrinsicClassAttributes<Text> & Readonly<TextProps>'.
      Property 'className' does not exist on type 'IntrinsicAttributes & IntrinsicClassAttributes<Text> & Readonly<TextProps>'.
  Overload 2 of 2, '(props: TextProps, context: any): Text', gave the following error.
    Type '{ children: string; className: string; }' is not assignable to type 'IntrinsicAttributes & IntrinsicClassAttributes<Text> & Readonly<TextProps>'.
      Property 'className' does not exist on type 'IntrinsicAttributes & IntrinsicClassAttributes<Text> & Readonly<TextProps>'.
src/screens/marketplace/ShopDetailsScreen.tsx(180,19): error TS2322: Type '{ children: Element[]; className: string; }' is not assignable to type 'IntrinsicAttributes & NativeSafeAreaViewProps & RefAttributes<Component<NativeProps, {}, any> & NativeMethods>'.
  Property 'className' does not exist on type 'IntrinsicAttributes & NativeSafeAreaViewProps & RefAttributes<Component<NativeProps, {}, any> & NativeMethods>'.
src/screens/marketplace/ShopDetailsScreen.tsx(192,13): error TS2322: Type '(qty: any) => void' is not assignable to type '() => void'.
  Target signature provides too few arguments. Expected 1 or more, but got 0.
src/screens/marketplace/ShopDetailsScreen.tsx(192,27): error TS7006: Parameter 'qty' implicitly has an 'any' type.
src/screens/marketplace/ShopDetailsScreen.tsx(193,32): error TS7006: Parameter 'qty' implicitly has an 'any' type.
src/screens/marketplace/ShopDetailsScreen.tsx(211,17): error TS2769: No overload matches this call.
  Overload 1 of 2, '(props: ViewProps): View', gave the following error.
    Type '{ children: Element[]; className: string; }' is not assignable to type 'IntrinsicAttributes & IntrinsicClassAttributes<View> & Readonly<ViewProps>'.
      Property 'className' does not exist on type 'IntrinsicAttributes & IntrinsicClassAttributes<View> & Readonly<ViewProps>'.
  Overload 2 of 2, '(props: ViewProps, context: any): View', gave the following error.
    Type '{ children: Element[]; className: string; }' is not assignable to type 'IntrinsicAttributes & IntrinsicClassAttributes<View> & Readonly<ViewProps>'.
      Property 'className' does not exist on type 'IntrinsicAttributes & IntrinsicClassAttributes<View> & Readonly<ViewProps>'.
src/screens/marketplace/ShopDetailsScreen.tsx(212,19): error TS2769: No overload matches this call.
  Overload 1 of 2, '(props: ViewProps): View', gave the following error.
    Type '{ children: Element; className: string; }' is not assignable to type 'IntrinsicAttributes & IntrinsicClassAttributes<View> & Readonly<ViewProps>'.
      Property 'className' does not exist on type 'IntrinsicAttributes & IntrinsicClassAttributes<View> & Readonly<ViewProps>'.
  Overload 2 of 2, '(props: ViewProps, context: any): View', gave the following error.
    Type '{ children: Element; className: string; }' is not assignable to type 'IntrinsicAttributes & IntrinsicClassAttributes<View> & Readonly<ViewProps>'.
      Property 'className' does not exist on type 'IntrinsicAttributes & IntrinsicClassAttributes<View> & Readonly<ViewProps>'.
src/screens/marketplace/ShopDetailsScreen.tsx(223,19): error TS2769: No overload matches this call.
  Overload 1 of 2, '(props: TextProps): Text', gave the following error.
    Type '{ children: string; className: string; }' is not assignable to type 'IntrinsicAttributes & IntrinsicClassAttributes<Text> & Readonly<TextProps>'.
      Property 'className' does not exist on type 'IntrinsicAttributes & IntrinsicClassAttributes<Text> & Readonly<TextProps>'.
  Overload 2 of 2, '(props: TextProps, context: any): Text', gave the following error.
    Type '{ children: string; className: string; }' is not assignable to type 'IntrinsicAttributes & IntrinsicClassAttributes<Text> & Readonly<TextProps>'.
      Property 'className' does not exist on type 'IntrinsicAttributes & IntrinsicClassAttributes<Text> & Readonly<TextProps>'.
src/screens/marketplace/ShopDetailsScreen.tsx(228,19): error TS2769: No overload matches this call.
  Overload 1 of 2, '(props: TextProps): Text', gave the following error.
    Type '{ children: string; className: string; }' is not assignable to type 'IntrinsicAttributes & IntrinsicClassAttributes<Text> & Readonly<TextProps>'.
      Property 'className' does not exist on type 'IntrinsicAttributes & IntrinsicClassAttributes<Text> & Readonly<TextProps>'.
  Overload 2 of 2, '(props: TextProps, context: any): Text', gave the following error.
    Type '{ children: string; className: string; }' is not assignable to type 'IntrinsicAttributes & IntrinsicClassAttributes<Text> & Readonly<TextProps>'.
      Property 'className' does not exist on type 'IntrinsicAttributes & IntrinsicClassAttributes<Text> & Readonly<TextProps>'.
src/screens/marketplace/ShopDetailsScreen.tsx(238,19): error TS2769: No overload matches this call.
  Overload 1 of 2, '(props: ViewProps): View', gave the following error.
    Type '{ children: Element[]; className: string; }' is not assignable to type 'IntrinsicAttributes & IntrinsicClassAttributes<View> & Readonly<ViewProps>'.
      Property 'className' does not exist on type 'IntrinsicAttributes & IntrinsicClassAttributes<View> & Readonly<ViewProps>'.
  Overload 2 of 2, '(props: ViewProps, context: any): View', gave the following error.
    Type '{ children: Element[]; className: string; }' is not assignable to type 'IntrinsicAttributes & IntrinsicClassAttributes<View> & Readonly<ViewProps>'.
      Property 'className' does not exist on type 'IntrinsicAttributes & IntrinsicClassAttributes<View> & Readonly<ViewProps>'.
src/screens/marketplace/ShopDetailsScreen.tsx(242,19): error TS2769: No overload matches this call.
  Overload 1 of 2, '(props: ImageProps): Image', gave the following error.
    Type '{ source: { uri: string; }; className: string; resizeMode: "cover"; }' is not assignable to type 'IntrinsicAttributes & IntrinsicClassAttributes<Image> & Readonly<ImageProps>'.
      Property 'className' does not exist on type 'IntrinsicAttributes & IntrinsicClassAttributes<Image> & Readonly<ImageProps>'.
  Overload 2 of 2, '(props: ImageProps, context: any): Image', gave the following error.
    Type '{ source: { uri: string; }; className: string; resizeMode: "cover"; }' is not assignable to type 'IntrinsicAttributes & IntrinsicClassAttributes<Image> & Readonly<ImageProps>'.
      Property 'className' does not exist on type 'IntrinsicAttributes & IntrinsicClassAttributes<Image> & Readonly<ImageProps>'.
src/screens/marketplace/ShopDetailsScreen.tsx(246,23): error TS2769: No overload matches this call.
  Overload 1 of 2, '(props: ViewProps): View', gave the following error.
    Type '{ children: Element; className: string; }' is not assignable to type 'IntrinsicAttributes & IntrinsicClassAttributes<View> & Readonly<ViewProps>'.
      Property 'className' does not exist on type 'IntrinsicAttributes & IntrinsicClassAttributes<View> & Readonly<ViewProps>'.
  Overload 2 of 2, '(props: ViewProps, context: any): View', gave the following error.
    Type '{ children: Element; className: string; }' is not assignable to type 'IntrinsicAttributes & IntrinsicClassAttributes<View> & Readonly<ViewProps>'.
      Property 'className' does not exist on type 'IntrinsicAttributes & IntrinsicClassAttributes<View> & Readonly<ViewProps>'.
src/screens/marketplace/ShopDetailsScreen.tsx(256,21): error TS2769: No overload matches this call.
  Overload 1 of 2, '(props: ViewProps): View', gave the following error.
    Type '{ className: string; }' is not assignable to type 'IntrinsicAttributes & IntrinsicClassAttributes<View> & Readonly<ViewProps>'.
      Property 'className' does not exist on type 'IntrinsicAttributes & IntrinsicClassAttributes<View> & Readonly<ViewProps>'.
  Overload 2 of 2, '(props: ViewProps, context: any): View', gave the following error.
    Type '{ className: string; }' is not assignable to type 'IntrinsicAttributes & IntrinsicClassAttributes<View> & Readonly<ViewProps>'.
      Property 'className' does not exist on type 'IntrinsicAttributes & IntrinsicClassAttributes<View> & Readonly<ViewProps>'.
src/screens/marketplace/ShopDetailsScreen.tsx(259,21): error TS2769: No overload matches this call.
  Overload 1 of 2, '(props: ViewProps): View', gave the following error.
    Type '{ children: Element[]; className: string; }' is not assignable to type 'IntrinsicAttributes & IntrinsicClassAttributes<View> & Readonly<ViewProps>'.
      Property 'className' does not exist on type 'IntrinsicAttributes & IntrinsicClassAttributes<View> & Readonly<ViewProps>'.
  Overload 2 of 2, '(props: ViewProps, context: any): View', gave the following error.
    Type '{ children: Element[]; className: string; }' is not assignable to type 'IntrinsicAttributes & IntrinsicClassAttributes<View> & Readonly<ViewProps>'.
      Property 'className' does not exist on type 'IntrinsicAttributes & IntrinsicClassAttributes<View> & Readonly<ViewProps>'.
src/screens/marketplace/ShopDetailsScreen.tsx(262,19): error TS2322: Type '{ children: Element; onPress: () => any; className: string; }' is not assignable to type 'IntrinsicAttributes & PressableProps & RefAttributes<View>'.
  Property 'className' does not exist on type 'IntrinsicAttributes & PressableProps & RefAttributes<View>'.
src/screens/marketplace/ShopDetailsScreen.tsx(271,23): error TS2769: No overload matches this call.
  Overload 1 of 2, '(props: ViewProps): View', gave the following error.
    Type '{ children: Element[]; className: string; }' is not assignable to type 'IntrinsicAttributes & IntrinsicClassAttributes<View> & Readonly<ViewProps>'.
      Property 'className' does not exist on type 'IntrinsicAttributes & IntrinsicClassAttributes<View> & Readonly<ViewProps>'.
  Overload 2 of 2, '(props: ViewProps, context: any): View', gave the following error.
    Type '{ children: Element[]; className: string; }' is not assignable to type 'IntrinsicAttributes & IntrinsicClassAttributes<View> & Readonly<ViewProps>'.
      Property 'className' does not exist on type 'IntrinsicAttributes & IntrinsicClassAttributes<View> & Readonly<ViewProps>'.
src/screens/marketplace/ShopDetailsScreen.tsx(277,25): error TS2769: No overload matches this call.
  Overload 1 of 2, '(props: TextProps): Text', gave the following error.
    Type '{ children: string; className: string; }' is not assignable to type 'IntrinsicAttributes & IntrinsicClassAttributes<Text> & Readonly<TextProps>'.
      Property 'className' does not exist on type 'IntrinsicAttributes & IntrinsicClassAttributes<Text> & Readonly<TextProps>'.
  Overload 2 of 2, '(props: TextProps, context: any): Text', gave the following error.
    Type '{ children: string; className: string; }' is not assignable to type 'IntrinsicAttributes & IntrinsicClassAttributes<Text> & Readonly<TextProps>'.
      Property 'className' does not exist on type 'IntrinsicAttributes & IntrinsicClassAttributes<Text> & Readonly<TextProps>'.
src/screens/marketplace/ShopDetailsScreen.tsx(284,21): error TS2769: No overload matches this call.
  Overload 1 of 2, '(props: ViewProps): View', gave the following error.
    Type '{ children: Element; className: string; }' is not assignable to type 'IntrinsicAttributes & IntrinsicClassAttributes<View> & Readonly<ViewProps>'.
      Property 'className' does not exist on type 'IntrinsicAttributes & IntrinsicClassAttributes<View> & Readonly<ViewProps>'.
  Overload 2 of 2, '(props: ViewProps, context: any): View', gave the following error.
    Type '{ children: Element; className: string; }' is not assignable to type 'IntrinsicAttributes & IntrinsicClassAttributes<View> & Readonly<ViewProps>'.
      Property 'className' does not exist on type 'IntrinsicAttributes & IntrinsicClassAttributes<View> & Readonly<ViewProps>'.
src/screens/marketplace/ShopDetailsScreen.tsx(288,21): error TS2769: No overload matches this call.
  Overload 1 of 2, '(props: ImageProps): Image', gave the following error.
    Type '{ source: { uri: string; }; className: string; resizeMode: "cover"; }' is not assignable to type 'IntrinsicAttributes & IntrinsicClassAttributes<Image> & Readonly<ImageProps>'.
      Property 'className' does not exist on type 'IntrinsicAttributes & IntrinsicClassAttributes<Image> & Readonly<ImageProps>'.
  Overload 2 of 2, '(props: ImageProps, context: any): Image', gave the following error.
    Type '{ source: { uri: string; }; className: string; resizeMode: "cover"; }' is not assignable to type 'IntrinsicAttributes & IntrinsicClassAttributes<Image> & Readonly<ImageProps>'.
      Property 'className' does not exist on type 'IntrinsicAttributes & IntrinsicClassAttributes<Image> & Readonly<ImageProps>'.
src/screens/marketplace/ShopDetailsScreen.tsx(292,25): error TS2769: No overload matches this call.
  Overload 1 of 2, '(props: ViewProps): View', gave the following error.
    Type '{ children: Element; className: string; }' is not assignable to type 'IntrinsicAttributes & IntrinsicClassAttributes<View> & Readonly<ViewProps>'.
      Property 'className' does not exist on type 'IntrinsicAttributes & IntrinsicClassAttributes<View> & Readonly<ViewProps>'.
  Overload 2 of 2, '(props: ViewProps, context: any): View', gave the following error.
    Type '{ children: Element; className: string; }' is not assignable to type 'IntrinsicAttributes & IntrinsicClassAttributes<View> & Readonly<ViewProps>'.
      Property 'className' does not exist on type 'IntrinsicAttributes & IntrinsicClassAttributes<View> & Readonly<ViewProps>'.
src/screens/marketplace/ShopDetailsScreen.tsx(304,19): error TS2769: No overload matches this call.
  Overload 1 of 2, '(props: ViewProps): View', gave the following error.
    Type '{ children: Element[]; className: string; }' is not assignable to type 'IntrinsicAttributes & IntrinsicClassAttributes<View> & Readonly<ViewProps>'.
      Property 'className' does not exist on type 'IntrinsicAttributes & IntrinsicClassAttributes<View> & Readonly<ViewProps>'.
  Overload 2 of 2, '(props: ViewProps, context: any): View', gave the following error.
    Type '{ children: Element[]; className: string; }' is not assignable to type 'IntrinsicAttributes & IntrinsicClassAttributes<View> & Readonly<ViewProps>'.
      Property 'className' does not exist on type 'IntrinsicAttributes & IntrinsicClassAttributes<View> & Readonly<ViewProps>'.
src/screens/marketplace/ShopDetailsScreen.tsx(305,21): error TS2769: No overload matches this call.
  Overload 1 of 2, '(props: ViewProps): View', gave the following error.
    Type '{ children: any[]; className: string; }' is not assignable to type 'IntrinsicAttributes & IntrinsicClassAttributes<View> & Readonly<ViewProps>'.
      Property 'className' does not exist on type 'IntrinsicAttributes & IntrinsicClassAttributes<View> & Readonly<ViewProps>'.
  Overload 2 of 2, '(props: ViewProps, context: any): View', gave the following error.
    Type '{ children: any[]; className: string; }' is not assignable to type 'IntrinsicAttributes & IntrinsicClassAttributes<View> & Readonly<ViewProps>'.
      Property 'className' does not exist on type 'IntrinsicAttributes & IntrinsicClassAttributes<View> & Readonly<ViewProps>'.
src/screens/marketplace/ShopDetailsScreen.tsx(306,23): error TS2769: No overload matches this call.
  Overload 1 of 2, '(props: ViewProps): View', gave the following error.
    Type '{ children: (false | Element)[]; className: string; }' is not assignable to type 'IntrinsicAttributes & IntrinsicClassAttributes<View> & Readonly<ViewProps>'.
      Property 'className' does not exist on type 'IntrinsicAttributes & IntrinsicClassAttributes<View> & Readonly<ViewProps>'.
  Overload 2 of 2, '(props: ViewProps, context: any): View', gave the following error.
    Type '{ children: (false | Element)[]; className: string; }' is not assignable to type 'IntrinsicAttributes & IntrinsicClassAttributes<View> & Readonly<ViewProps>'.
      Property 'className' does not exist on type 'IntrinsicAttributes & IntrinsicClassAttributes<View> & Readonly<ViewProps>'.
src/screens/marketplace/ShopDetailsScreen.tsx(307,25): error TS2769: No overload matches this call.
  Overload 1 of 2, '(props: ViewProps): View', gave the following error.
    Type '{ children: ("" | Element)[]; className: string; }' is not assignable to type 'IntrinsicAttributes & IntrinsicClassAttributes<View> & Readonly<ViewProps>'.
      Property 'className' does not exist on type 'IntrinsicAttributes & IntrinsicClassAttributes<View> & Readonly<ViewProps>'.
  Overload 2 of 2, '(props: ViewProps, context: any): View', gave the following error.
    Type '{ children: ("" | Element)[]; className: string; }' is not assignable to type 'IntrinsicAttributes & IntrinsicClassAttributes<View> & Readonly<ViewProps>'.
      Property 'className' does not exist on type 'IntrinsicAttributes & IntrinsicClassAttributes<View> & Readonly<ViewProps>'.
src/screens/marketplace/ShopDetailsScreen.tsx(308,27): error TS2769: No overload matches this call.
  Overload 1 of 2, '(props: TextProps): Text', gave the following error.
    Type '{ children: string; className: string; }' is not assignable to type 'IntrinsicAttributes & IntrinsicClassAttributes<Text> & Readonly<TextProps>'.
      Property 'className' does not exist on type 'IntrinsicAttributes & IntrinsicClassAttributes<Text> & Readonly<TextProps>'.
  Overload 2 of 2, '(props: TextProps, context: any): Text', gave the following error.
    Type '{ children: string; className: string; }' is not assignable to type 'IntrinsicAttributes & IntrinsicClassAttributes<Text> & Readonly<TextProps>'.
      Property 'className' does not exist on type 'IntrinsicAttributes & IntrinsicClassAttributes<Text> & Readonly<TextProps>'.
src/screens/marketplace/ShopDetailsScreen.tsx(312,29): error TS2769: No overload matches this call.
  Overload 1 of 2, '(props: TextProps): Text', gave the following error.
    Type '{ children: string; className: string; }' is not assignable to type 'IntrinsicAttributes & IntrinsicClassAttributes<Text> & Readonly<TextProps>'.
      Property 'className' does not exist on type 'IntrinsicAttributes & IntrinsicClassAttributes<Text> & Readonly<TextProps>'.
  Overload 2 of 2, '(props: TextProps, context: any): Text', gave the following error.
    Type '{ children: string; className: string; }' is not assignable to type 'IntrinsicAttributes & IntrinsicClassAttributes<Text> & Readonly<TextProps>'.
      Property 'className' does not exist on type 'IntrinsicAttributes & IntrinsicClassAttributes<Text> & Readonly<TextProps>'.
src/screens/marketplace/ShopDetailsScreen.tsx(319,27): error TS2769: No overload matches this call.
  Overload 1 of 2, '(props: ViewProps): View', gave the following error.
    Type '{ children: Element[]; className: string; }' is not assignable to type 'IntrinsicAttributes & IntrinsicClassAttributes<View> & Readonly<ViewProps>'.
      Property 'className' does not exist on type 'IntrinsicAttributes & IntrinsicClassAttributes<View> & Readonly<ViewProps>'.
  Overload 2 of 2, '(props: ViewProps, context: any): View', gave the following error.
    Type '{ children: Element[]; className: string; }' is not assignable to type 'IntrinsicAttributes & IntrinsicClassAttributes<View> & Readonly<ViewProps>'.
      Property 'className' does not exist on type 'IntrinsicAttributes & IntrinsicClassAttributes<View> & Readonly<ViewProps>'.
src/screens/marketplace/ShopDetailsScreen.tsx(320,29): error TS2769: No overload matches this call.
  Overload 1 of 2, '(props: ViewProps): View', gave the following error.
    Type '{ className: string; }' is not assignable to type 'IntrinsicAttributes & IntrinsicClassAttributes<View> & Readonly<ViewProps>'.
      Property 'className' does not exist on type 'IntrinsicAttributes & IntrinsicClassAttributes<View> & Readonly<ViewProps>'.
  Overload 2 of 2, '(props: ViewProps, context: any): View', gave the following error.
    Type '{ className: string; }' is not assignable to type 'IntrinsicAttributes & IntrinsicClassAttributes<View> & Readonly<ViewProps>'.
      Property 'className' does not exist on type 'IntrinsicAttributes & IntrinsicClassAttributes<View> & Readonly<ViewProps>'.
src/screens/marketplace/ShopDetailsScreen.tsx(321,29): error TS2769: No overload matches this call.
  Overload 1 of 2, '(props: TextProps): Text', gave the following error.
    Type '{ children: string; className: string; }' is not assignable to type 'IntrinsicAttributes & IntrinsicClassAttributes<Text> & Readonly<TextProps>'.
      Property 'className' does not exist on type 'IntrinsicAttributes & IntrinsicClassAttributes<Text> & Readonly<TextProps>'.
  Overload 2 of 2, '(props: TextProps, context: any): Text', gave the following error.
    Type '{ children: string; className: string; }' is not assignable to type 'IntrinsicAttributes & IntrinsicClassAttributes<Text> & Readonly<TextProps>'.
      Property 'className' does not exist on type 'IntrinsicAttributes & IntrinsicClassAttributes<Text> & Readonly<TextProps>'.
src/screens/marketplace/ShopDetailsScreen.tsx(328,23): error TS2339: Property 'description' does not exist on type 'Shop'.
src/screens/marketplace/ShopDetailsScreen.tsx(329,25): error TS2769: No overload matches this call.
  Overload 1 of 2, '(props: TextProps): Text', gave the following error.
    Type '{ children: any; className: string; }' is not assignable to type 'IntrinsicAttributes & IntrinsicClassAttributes<Text> & Readonly<TextProps>'.
      Property 'className' does not exist on type 'IntrinsicAttributes & IntrinsicClassAttributes<Text> & Readonly<TextProps>'.
  Overload 2 of 2, '(props: TextProps, context: any): Text', gave the following error.
    Type '{ children: any; className: string; }' is not assignable to type 'IntrinsicAttributes & IntrinsicClassAttributes<Text> & Readonly<TextProps>'.
      Property 'className' does not exist on type 'IntrinsicAttributes & IntrinsicClassAttributes<Text> & Readonly<TextProps>'.
src/screens/marketplace/ShopDetailsScreen.tsx(330,27): error TS2339: Property 'description' does not exist on type 'Shop'.
src/screens/marketplace/ShopDetailsScreen.tsx(336,21): error TS2769: No overload matches this call.
  Overload 1 of 2, '(props: ViewProps): View', gave the following error.
    Type '{ children: any[]; className: string; }' is not assignable to type 'IntrinsicAttributes & IntrinsicClassAttributes<View> & Readonly<ViewProps>'.
      Property 'className' does not exist on type 'IntrinsicAttributes & IntrinsicClassAttributes<View> & Readonly<ViewProps>'.
  Overload 2 of 2, '(props: ViewProps, context: any): View', gave the following error.
    Type '{ children: any[]; className: string; }' is not assignable to type 'IntrinsicAttributes & IntrinsicClassAttributes<View> & Readonly<ViewProps>'.
      Property 'className' does not exist on type 'IntrinsicAttributes & IntrinsicClassAttributes<View> & Readonly<ViewProps>'.
src/screens/marketplace/ShopDetailsScreen.tsx(338,25): error TS2769: No overload matches this call.
  Overload 1 of 2, '(props: ViewProps): View', gave the following error.
    Type '{ children: Element[]; className: string; }' is not assignable to type 'IntrinsicAttributes & IntrinsicClassAttributes<View> & Readonly<ViewProps>'.
      Property 'className' does not exist on type 'IntrinsicAttributes & IntrinsicClassAttributes<View> & Readonly<ViewProps>'.
  Overload 2 of 2, '(props: ViewProps, context: any): View', gave the following error.
    Type '{ children: Element[]; className: string; }' is not assignable to type 'IntrinsicAttributes & IntrinsicClassAttributes<View> & Readonly<ViewProps>'.
      Property 'className' does not exist on type 'IntrinsicAttributes & IntrinsicClassAttributes<View> & Readonly<ViewProps>'.
src/screens/marketplace/ShopDetailsScreen.tsx(339,27): error TS2769: No overload matches this call.
  Overload 1 of 2, '(props: ViewProps): View', gave the following error.
    Type '{ children: Element[]; className: string; }' is not assignable to type 'IntrinsicAttributes & IntrinsicClassAttributes<View> & Readonly<ViewProps>'.
      Property 'className' does not exist on type 'IntrinsicAttributes & IntrinsicClassAttributes<View> & Readonly<ViewProps>'.
  Overload 2 of 2, '(props: ViewProps, context: any): View', gave the following error.
    Type '{ children: Element[]; className: string; }' is not assignable to type 'IntrinsicAttributes & IntrinsicClassAttributes<View> & Readonly<ViewProps>'.
      Property 'className' does not exist on type 'IntrinsicAttributes & IntrinsicClassAttributes<View> & Readonly<ViewProps>'.
src/screens/marketplace/ShopDetailsScreen.tsx(341,29): error TS2769: No overload matches this call.
  Overload 1 of 2, '(props: TextProps): Text', gave the following error.
    Type '{ children: number; className: string; }' is not assignable to type 'IntrinsicAttributes & IntrinsicClassAttributes<Text> & Readonly<TextProps>'.
      Property 'className' does not exist on type 'IntrinsicAttributes & IntrinsicClassAttributes<Text> & Readonly<TextProps>'.
  Overload 2 of 2, '(props: TextProps, context: any): Text', gave the following error.
    Type '{ children: number; className: string; }' is not assignable to type 'IntrinsicAttributes & IntrinsicClassAttributes<Text> & Readonly<TextProps>'.
      Property 'className' does not exist on type 'IntrinsicAttributes & IntrinsicClassAttributes<Text> & Readonly<TextProps>'.
src/screens/marketplace/ShopDetailsScreen.tsx(345,27): error TS2769: No overload matches this call.
  Overload 1 of 2, '(props: TextProps): Text', gave the following error.
    Type '{ children: string; className: string; }' is not assignable to type 'IntrinsicAttributes & IntrinsicClassAttributes<Text> & Readonly<TextProps>'.
      Property 'className' does not exist on type 'IntrinsicAttributes & IntrinsicClassAttributes<Text> & Readonly<TextProps>'.
  Overload 2 of 2, '(props: TextProps, context: any): Text', gave the following error.
    Type '{ children: string; className: string; }' is not assignable to type 'IntrinsicAttributes & IntrinsicClassAttributes<Text> & Readonly<TextProps>'.
      Property 'className' does not exist on type 'IntrinsicAttributes & IntrinsicClassAttributes<Text> & Readonly<TextProps>'.
src/screens/marketplace/ShopDetailsScreen.tsx(351,23): error TS2339: Property 'deliveryTime' does not exist on type 'Shop'.
src/screens/marketplace/ShopDetailsScreen.tsx(352,25): error TS2769: No overload matches this call.
  Overload 1 of 2, '(props: ViewProps): View', gave the following error.
    Type '{ children: Element[]; className: string; }' is not assignable to type 'IntrinsicAttributes & IntrinsicClassAttributes<View> & Readonly<ViewProps>'.
      Property 'className' does not exist on type 'IntrinsicAttributes & IntrinsicClassAttributes<View> & Readonly<ViewProps>'.
  Overload 2 of 2, '(props: ViewProps, context: any): View', gave the following error.
    Type '{ children: Element[]; className: string; }' is not assignable to type 'IntrinsicAttributes & IntrinsicClassAttributes<View> & Readonly<ViewProps>'.
      Property 'className' does not exist on type 'IntrinsicAttributes & IntrinsicClassAttributes<View> & Readonly<ViewProps>'.
src/screens/marketplace/ShopDetailsScreen.tsx(353,27): error TS2769: No overload matches this call.
  Overload 1 of 2, '(props: ViewProps): View', gave the following error.
    Type '{ children: Element[]; className: string; }' is not assignable to type 'IntrinsicAttributes & IntrinsicClassAttributes<View> & Readonly<ViewProps>'.
      Property 'className' does not exist on type 'IntrinsicAttributes & IntrinsicClassAttributes<View> & Readonly<ViewProps>'.
  Overload 2 of 2, '(props: ViewProps, context: any): View', gave the following error.
    Type '{ children: Element[]; className: string; }' is not assignable to type 'IntrinsicAttributes & IntrinsicClassAttributes<View> & Readonly<ViewProps>'.
      Property 'className' does not exist on type 'IntrinsicAttributes & IntrinsicClassAttributes<View> & Readonly<ViewProps>'.
src/screens/marketplace/ShopDetailsScreen.tsx(355,29): error TS2769: No overload matches this call.
  Overload 1 of 2, '(props: TextProps): Text', gave the following error.
    Type '{ children: any[]; className: string; }' is not assignable to type 'IntrinsicAttributes & IntrinsicClassAttributes<Text> & Readonly<TextProps>'.
      Property 'className' does not exist on type 'IntrinsicAttributes & IntrinsicClassAttributes<Text> & Readonly<TextProps>'.
  Overload 2 of 2, '(props: TextProps, context: any): Text', gave the following error.
    Type '{ children: any[]; className: string; }' is not assignable to type 'IntrinsicAttributes & IntrinsicClassAttributes<Text> & Readonly<TextProps>'.
      Property 'className' does not exist on type 'IntrinsicAttributes & IntrinsicClassAttributes<Text> & Readonly<TextProps>'.
src/screens/marketplace/ShopDetailsScreen.tsx(356,31): error TS2339: Property 'deliveryTime' does not exist on type 'Shop'.
src/screens/marketplace/ShopDetailsScreen.tsx(359,27): error TS2769: No overload matches this call.
  Overload 1 of 2, '(props: TextProps): Text', gave the following error.
    Type '{ children: string; className: string; }' is not assignable to type 'IntrinsicAttributes & IntrinsicClassAttributes<Text> & Readonly<TextProps>'.
      Property 'className' does not exist on type 'IntrinsicAttributes & IntrinsicClassAttributes<Text> & Readonly<TextProps>'.
  Overload 2 of 2, '(props: TextProps, context: any): Text', gave the following error.
    Type '{ children: string; className: string; }' is not assignable to type 'IntrinsicAttributes & IntrinsicClassAttributes<Text> & Readonly<TextProps>'.
      Property 'className' does not exist on type 'IntrinsicAttributes & IntrinsicClassAttributes<Text> & Readonly<TextProps>'.
src/screens/marketplace/ShopDetailsScreen.tsx(365,23): error TS2339: Property 'minOrderAmount' does not exist on type 'Shop'.
src/screens/marketplace/ShopDetailsScreen.tsx(366,25): error TS2769: No overload matches this call.
  Overload 1 of 2, '(props: ViewProps): View', gave the following error.
    Type '{ children: Element[]; className: string; }' is not assignable to type 'IntrinsicAttributes & IntrinsicClassAttributes<View> & Readonly<ViewProps>'.
      Property 'className' does not exist on type 'IntrinsicAttributes & IntrinsicClassAttributes<View> & Readonly<ViewProps>'.
  Overload 2 of 2, '(props: ViewProps, context: any): View', gave the following error.
    Type '{ children: Element[]; className: string; }' is not assignable to type 'IntrinsicAttributes & IntrinsicClassAttributes<View> & Readonly<ViewProps>'.
      Property 'className' does not exist on type 'IntrinsicAttributes & IntrinsicClassAttributes<View> & Readonly<ViewProps>'.
src/screens/marketplace/ShopDetailsScreen.tsx(367,27): error TS2769: No overload matches this call.
  Overload 1 of 2, '(props: ViewProps): View', gave the following error.
    Type '{ children: Element; className: string; }' is not assignable to type 'IntrinsicAttributes & IntrinsicClassAttributes<View> & Readonly<ViewProps>'.
      Property 'className' does not exist on type 'IntrinsicAttributes & IntrinsicClassAttributes<View> & Readonly<ViewProps>'.
  Overload 2 of 2, '(props: ViewProps, context: any): View', gave the following error.
    Type '{ children: Element; className: string; }' is not assignable to type 'IntrinsicAttributes & IntrinsicClassAttributes<View> & Readonly<ViewProps>'.
      Property 'className' does not exist on type 'IntrinsicAttributes & IntrinsicClassAttributes<View> & Readonly<ViewProps>'.
src/screens/marketplace/ShopDetailsScreen.tsx(368,29): error TS2769: No overload matches this call.
  Overload 1 of 2, '(props: TextProps): Text', gave the following error.
    Type '{ children: any[]; className: string; }' is not assignable to type 'IntrinsicAttributes & IntrinsicClassAttributes<Text> & Readonly<TextProps>'.
      Property 'className' does not exist on type 'IntrinsicAttributes & IntrinsicClassAttributes<Text> & Readonly<TextProps>'.
  Overload 2 of 2, '(props: TextProps, context: any): Text', gave the following error.
    Type '{ children: any[]; className: string; }' is not assignable to type 'IntrinsicAttributes & IntrinsicClassAttributes<Text> & Readonly<TextProps>'.
      Property 'className' does not exist on type 'IntrinsicAttributes & IntrinsicClassAttributes<Text> & Readonly<TextProps>'.
src/screens/marketplace/ShopDetailsScreen.tsx(369,32): error TS2339: Property 'minOrderAmount' does not exist on type 'Shop'.
src/screens/marketplace/ShopDetailsScreen.tsx(372,27): error TS2769: No overload matches this call.
  Overload 1 of 2, '(props: TextProps): Text', gave the following error.
    Type '{ children: string; className: string; }' is not assignable to type 'IntrinsicAttributes & IntrinsicClassAttributes<Text> & Readonly<TextProps>'.
      Property 'className' does not exist on type 'IntrinsicAttributes & IntrinsicClassAttributes<Text> & Readonly<TextProps>'.
  Overload 2 of 2, '(props: TextProps, context: any): Text', gave the following error.
    Type '{ children: string; className: string; }' is not assignable to type 'IntrinsicAttributes & IntrinsicClassAttributes<Text> & Readonly<TextProps>'.
      Property 'className' does not exist on type 'IntrinsicAttributes & IntrinsicClassAttributes<Text> & Readonly<TextProps>'.
src/screens/marketplace/ShopDetailsScreen.tsx(380,21): error TS2769: No overload matches this call.
  Overload 1 of 2, '(props: ViewProps): View', gave the following error.
    Type '{ children: ("" | Element | null)[]; className: string; }' is not assignable to type 'IntrinsicAttributes & IntrinsicClassAttributes<View> & Readonly<ViewProps>'.
      Property 'className' does not exist on type 'IntrinsicAttributes & IntrinsicClassAttributes<View> & Readonly<ViewProps>'.
  Overload 2 of 2, '(props: ViewProps, context: any): View', gave the following error.
    Type '{ children: ("" | Element | null)[]; className: string; }' is not assignable to type 'IntrinsicAttributes & IntrinsicClassAttributes<View> & Readonly<ViewProps>'.
      Property 'className' does not exist on type 'IntrinsicAttributes & IntrinsicClassAttributes<View> & Readonly<ViewProps>'.
src/screens/marketplace/ShopDetailsScreen.tsx(382,25): error TS2769: No overload matches this call.
  Overload 1 of 2, '(props: ViewProps): View', gave the following error.
    Type '{ children: Element[]; className: string; }' is not assignable to type 'IntrinsicAttributes & IntrinsicClassAttributes<View> & Readonly<ViewProps>'.
      Property 'className' does not exist on type 'IntrinsicAttributes & IntrinsicClassAttributes<View> & Readonly<ViewProps>'.
  Overload 2 of 2, '(props: ViewProps, context: any): View', gave the following error.
    Type '{ children: Element[]; className: string; }' is not assignable to type 'IntrinsicAttributes & IntrinsicClassAttributes<View> & Readonly<ViewProps>'.
      Property 'className' does not exist on type 'IntrinsicAttributes & IntrinsicClassAttributes<View> & Readonly<ViewProps>'.
src/screens/marketplace/ShopDetailsScreen.tsx(384,27): error TS2769: No overload matches this call.
  Overload 1 of 2, '(props: TextProps): Text', gave the following error.
    Type '{ children: string[]; className: string; }' is not assignable to type 'IntrinsicAttributes & IntrinsicClassAttributes<Text> & Readonly<TextProps>'.
      Property 'className' does not exist on type 'IntrinsicAttributes & IntrinsicClassAttributes<Text> & Readonly<TextProps>'.
  Overload 2 of 2, '(props: TextProps, context: any): Text', gave the following error.
    Type '{ children: string[]; className: string; }' is not assignable to type 'IntrinsicAttributes & IntrinsicClassAttributes<Text> & Readonly<TextProps>'.
      Property 'className' does not exist on type 'IntrinsicAttributes & IntrinsicClassAttributes<Text> & Readonly<TextProps>'.
src/screens/marketplace/ShopDetailsScreen.tsx(391,25): error TS2769: No overload matches this call.
  Overload 1 of 2, '(props: ViewProps): View', gave the following error.
    Type '{ children: Element[]; className: string; }' is not assignable to type 'IntrinsicAttributes & IntrinsicClassAttributes<View> & Readonly<ViewProps>'.
      Property 'className' does not exist on type 'IntrinsicAttributes & IntrinsicClassAttributes<View> & Readonly<ViewProps>'.
  Overload 2 of 2, '(props: ViewProps, context: any): View', gave the following error.
    Type '{ children: Element[]; className: string; }' is not assignable to type 'IntrinsicAttributes & IntrinsicClassAttributes<View> & Readonly<ViewProps>'.
      Property 'className' does not exist on type 'IntrinsicAttributes & IntrinsicClassAttributes<View> & Readonly<ViewProps>'.
src/screens/marketplace/ShopDetailsScreen.tsx(393,27): error TS2769: No overload matches this call.
  Overload 1 of 2, '(props: TextProps): Text', gave the following error.
    Type '{ children: string; className: string; }' is not assignable to type 'IntrinsicAttributes & IntrinsicClassAttributes<Text> & Readonly<TextProps>'.
      Property 'className' does not exist on type 'IntrinsicAttributes & IntrinsicClassAttributes<Text> & Readonly<TextProps>'.
  Overload 2 of 2, '(props: TextProps, context: any): Text', gave the following error.
    Type '{ children: string; className: string; }' is not assignable to type 'IntrinsicAttributes & IntrinsicClassAttributes<Text> & Readonly<TextProps>'.
      Property 'className' does not exist on type 'IntrinsicAttributes & IntrinsicClassAttributes<Text> & Readonly<TextProps>'.
src/screens/marketplace/ShopDetailsScreen.tsx(398,25): error TS2769: No overload matches this call.
  Overload 1 of 2, '(props: ViewProps): View', gave the following error.
    Type '{ children: Element[]; className: string; }' is not assignable to type 'IntrinsicAttributes & IntrinsicClassAttributes<View> & Readonly<ViewProps>'.
      Property 'className' does not exist on type 'IntrinsicAttributes & IntrinsicClassAttributes<View> & Readonly<ViewProps>'.
  Overload 2 of 2, '(props: ViewProps, context: any): View', gave the following error.
    Type '{ children: Element[]; className: string; }' is not assignable to type 'IntrinsicAttributes & IntrinsicClassAttributes<View> & Readonly<ViewProps>'.
      Property 'className' does not exist on type 'IntrinsicAttributes & IntrinsicClassAttributes<View> & Readonly<ViewProps>'.
src/screens/marketplace/ShopDetailsScreen.tsx(400,27): error TS2769: No overload matches this call.
  Overload 1 of 2, '(props: TextProps): Text', gave the following error.
    Type '{ children: string; className: string; }' is not assignable to type 'IntrinsicAttributes & IntrinsicClassAttributes<Text> & Readonly<TextProps>'.
      Property 'className' does not exist on type 'IntrinsicAttributes & IntrinsicClassAttributes<Text> & Readonly<TextProps>'.
  Overload 2 of 2, '(props: TextProps, context: any): Text', gave the following error.
    Type '{ children: string; className: string; }' is not assignable to type 'IntrinsicAttributes & IntrinsicClassAttributes<Text> & Readonly<TextProps>'.
      Property 'className' does not exist on type 'IntrinsicAttributes & IntrinsicClassAttributes<Text> & Readonly<TextProps>'.
src/screens/marketplace/ShopDetailsScreen.tsx(409,19): error TS2769: No overload matches this call.
  Overload 1 of 2, '(props: ViewProps): View', gave the following error.
    Type '{ children: Element; className: string; }' is not assignable to type 'IntrinsicAttributes & IntrinsicClassAttributes<View> & Readonly<ViewProps>'.
      Property 'className' does not exist on type 'IntrinsicAttributes & IntrinsicClassAttributes<View> & Readonly<ViewProps>'.
  Overload 2 of 2, '(props: ViewProps, context: any): View', gave the following error.
    Type '{ children: Element; className: string; }' is not assignable to type 'IntrinsicAttributes & IntrinsicClassAttributes<View> & Readonly<ViewProps>'.
      Property 'className' does not exist on type 'IntrinsicAttributes & IntrinsicClassAttributes<View> & Readonly<ViewProps>'.
src/screens/marketplace/ShopDetailsScreen.tsx(410,21): error TS2769: No overload matches this call.
  Overload 1 of 2, '(props: ViewProps): View', gave the following error.
    Type '{ children: ("" | Element)[]; className: string; }' is not assignable to type 'IntrinsicAttributes & IntrinsicClassAttributes<View> & Readonly<ViewProps>'.
      Property 'className' does not exist on type 'IntrinsicAttributes & IntrinsicClassAttributes<View> & Readonly<ViewProps>'.
  Overload 2 of 2, '(props: ViewProps, context: any): View', gave the following error.
    Type '{ children: ("" | Element)[]; className: string; }' is not assignable to type 'IntrinsicAttributes & IntrinsicClassAttributes<View> & Readonly<ViewProps>'.
      Property 'className' does not exist on type 'IntrinsicAttributes & IntrinsicClassAttributes<View> & Readonly<ViewProps>'.
src/screens/marketplace/ShopDetailsScreen.tsx(416,19): error TS2769: No overload matches this call.
  Overload 1 of 2, '(props: TextInputProps): TextInput', gave the following error.
    Type '{ placeholder: string; value: string; onChangeText: Dispatch<SetStateAction<string>>; className: string; placeholderTextColor: string; }' is not assignable to type 'IntrinsicAttributes & IntrinsicClassAttributes<TextInput> & Readonly<TextInputProps>'.
      Property 'className' does not exist on type 'IntrinsicAttributes & IntrinsicClassAttributes<TextInput> & Readonly<TextInputProps>'.
  Overload 2 of 2, '(props: TextInputProps, context: any): TextInput', gave the following error.
    Type '{ placeholder: string; value: string; onChangeText: Dispatch<SetStateAction<string>>; className: string; placeholderTextColor: string; }' is not assignable to type 'IntrinsicAttributes & IntrinsicClassAttributes<TextInput> & Readonly<TextInputProps>'.
      Property 'className' does not exist on type 'IntrinsicAttributes & IntrinsicClassAttributes<TextInput> & Readonly<TextInputProps>'.
src/screens/marketplace/ShopDetailsScreen.tsx(429,21): error TS2769: No overload matches this call.
  Overload 1 of 2, '(props: ViewProps): View', gave the following error.
    Type '{ children: Element[]; className: string; }' is not assignable to type 'IntrinsicAttributes & IntrinsicClassAttributes<View> & Readonly<ViewProps>'.
      Property 'className' does not exist on type 'IntrinsicAttributes & IntrinsicClassAttributes<View> & Readonly<ViewProps>'.
  Overload 2 of 2, '(props: ViewProps, context: any): View', gave the following error.
    Type '{ children: Element[]; className: string; }' is not assignable to type 'IntrinsicAttributes & IntrinsicClassAttributes<View> & Readonly<ViewProps>'.
      Property 'className' does not exist on type 'IntrinsicAttributes & IntrinsicClassAttributes<View> & Readonly<ViewProps>'.
src/screens/marketplace/ShopDetailsScreen.tsx(437,23): error TS2322: Type '{ children: Element; onPress: () => void; className: string; }' is not assignable to type 'IntrinsicAttributes & PressableProps & RefAttributes<View>'.
  Property 'className' does not exist on type 'IntrinsicAttributes & PressableProps & RefAttributes<View>'.
src/screens/marketplace/ShopDetailsScreen.tsx(444,25): error TS2769: No overload matches this call.
  Overload 1 of 2, '(props: TextProps): Text', gave the following error.
    Type '{ children: string; className: string; }' is not assignable to type 'IntrinsicAttributes & IntrinsicClassAttributes<Text> & Readonly<TextProps>'.
      Property 'className' does not exist on type 'IntrinsicAttributes & IntrinsicClassAttributes<Text> & Readonly<TextProps>'.
  Overload 2 of 2, '(props: TextProps, context: any): Text', gave the following error.
    Type '{ children: string; className: string; }' is not assignable to type 'IntrinsicAttributes & IntrinsicClassAttributes<Text> & Readonly<TextProps>'.
      Property 'className' does not exist on type 'IntrinsicAttributes & IntrinsicClassAttributes<Text> & Readonly<TextProps>'.
src/screens/marketplace/ShopDetailsScreen.tsx(456,19): error TS2769: No overload matches this call.
  Overload 1 of 2, '(props: FlatListProps<string>): FlatList<string>', gave the following error.
    Type '{ data: string[]; keyExtractor: (cat: string) => string; renderItem: ({ item: category }: ListRenderItemInfo<string>) => Element; horizontal: true; showsHorizontalScrollIndicator: false; className: string; }' is not assignable to type 'IntrinsicAttributes & IntrinsicClassAttributes<FlatList<string>> & Readonly<FlatListProps<string>>'.
      Property 'className' does not exist on type 'IntrinsicAttributes & IntrinsicClassAttributes<FlatList<string>> & Readonly<FlatListProps<string>>'.
  Overload 2 of 2, '(props: FlatListProps<string>, context: any): FlatList<string>', gave the following error.
    Type '{ data: string[]; keyExtractor: (cat: string) => string; renderItem: ({ item: category }: ListRenderItemInfo<string>) => Element; horizontal: true; showsHorizontalScrollIndicator: false; className: string; }' is not assignable to type 'IntrinsicAttributes & IntrinsicClassAttributes<FlatList<string>> & Readonly<FlatListProps<string>>'.
      Property 'className' does not exist on type 'IntrinsicAttributes & IntrinsicClassAttributes<FlatList<string>> & Readonly<FlatListProps<string>>'.
src/screens/profile/EditProfileScreen.tsx(35,124): error TS2353: Object literal may only specify known properties, and 'bio' does not exist in type 'UpdateProfileInput'.
src/screens/profile/EditProfileScreen.tsx(150,65): error TS2551: Property 'bgSecondary' does not exist on type '{ background: string; surface: string; card: string; border: string; divider: string; placeholder: string; disabled: string; disabledText: string; textPrimary: string; textSecondary: string; ... 27 more ...; tintClay: string; } & { ...; }'. Did you mean 'secondary'?
src/screens/search/SearchScreen.tsx(83,42): error TS2345: Argument of type '[never, never]' is not assignable to parameter of type 'never'.
src/screens/search/SearchScreen.tsx(116,42): error TS2345: Argument of type '[never, never]' is not assignable to parameter of type 'never'.
