#
# There is insufficient memory for the Java Runtime Environment to continue.
# Native memory allocation (malloc) failed to allocate 1745760 bytes. Error detail: Chunk::new
# Possible reasons:
#   The system is out of physical RAM or swap space
#   This process is running with CompressedOops enabled, and the Java Heap may be blocking the growth of the native heap
# Possible solutions:
#   Reduce memory load on the system
#   Increase physical memory or swap space
#   Check if swap backing store is full
#   Decrease Java heap size (-Xmx/-Xms)
#   Decrease number of Java threads
#   Decrease Java thread stack sizes (-Xss)
#   Set larger code cache with -XX:ReservedCodeCacheSize=
#   JVM is running with Unscaled Compressed Oops mode in which the Java heap is
#     placed in the first 4GB address space. The Java Heap base address is the
#     maximum limit for the native heap growth. Please use -XX:HeapBaseMinAddress
#     to set the Java Heap base and to place the Java Heap above 4GB virtual address.
# This output file may be truncated or incomplete.
#
#  Out of Memory Error (arena.cpp:149), pid=15768, tid=20620
#
# JRE version: Java(TM) SE Runtime Environment (23.0.1+11) (build 23.0.1+11-39)
# Java VM: Java HotSpot(TM) 64-Bit Server VM (23.0.1+11-39, mixed mode, sharing, tiered, compressed oops, compressed class ptrs, g1 gc, windows-amd64)
# No core dump will be written. Minidumps are not enabled by default on client versions of Windows
#

---------------  S U M M A R Y ------------

Command Line: --add-opens=java.base/java.lang=ALL-UNNAMED --add-opens=java.base/java.lang.invoke=ALL-UNNAMED --add-opens=java.base/java.util=ALL-UNNAMED --add-opens=java.prefs/java.util.prefs=ALL-UNNAMED --add-exports=jdk.compiler/com.sun.tools.javac.api=ALL-UNNAMED --add-exports=jdk.compiler/com.sun.tools.javac.util=ALL-UNNAMED --add-opens=java.base/java.util=ALL-UNNAMED --add-opens=java.prefs/java.util.prefs=ALL-UNNAMED --add-opens=java.base/java.nio.charset=ALL-UNNAMED --add-opens=java.base/java.net=ALL-UNNAMED --add-opens=java.base/java.util.concurrent=ALL-UNNAMED --add-opens=java.base/java.util.concurrent.atomic=ALL-UNNAMED --add-opens=java.xml/javax.xml.namespace=ALL-UNNAMED --add-opens=java.base/java.time=ALL-UNNAMED -XX:MaxMetaspaceSize=512m -Xmx2048m -Dfile.encoding=UTF-8 -Duser.country=US -Duser.language=en -Duser.variant -javaagent:D:\Gradle\wrapper\dists\gradle-9.3.1-bin\23ovyewtku6u96viwx3xl3oks\gradle-9.3.1\lib\agents\gradle-instrumentation-agent-9.3.1.jar org.gradle.launcher.daemon.bootstrap.GradleDaemon 9.3.1

Host: 12th Gen Intel(R) Core(TM) i7-12700H, 20 cores, 15G,  Windows 11 , 64 bit Build 26100 (10.0.26100.8875)
Time: Sun Aug  9 15:02:49 2026 India Standard Time elapsed time: 131.579738 seconds (0d 0h 2m 11s)

---------------  T H R E A D  ---------------

Current thread (0x00000196796887d0):  JavaThread "C2 CompilerThread3" daemon [_thread_in_native, id=20620, stack(0x0000001600200000,0x0000001600300000) (1024K)]


Current CompileTask:
C2:131580 40121   !   4       com.android.tools.r8.dex.L::c (364 bytes)

Stack: [0x0000001600200000,0x0000001600300000]
Native frames: (J=compiled Java code, j=interpreted, Vv=VM code, C=native code)
V  [jvm.dll+0x6e08b9]  (no source info available)
V  [jvm.dll+0x87dc83]  (no source info available)
V  [jvm.dll+0x88010e]  (no source info available)
V  [jvm.dll+0x8807e3]  (no source info available)
V  [jvm.dll+0x27aee6]  (no source info available)
V  [jvm.dll+0xbc06f]  (no source info available)
V  [jvm.dll+0xbc2cb]  (no source info available)
V  [jvm.dll+0x3b3a9c]  (no source info available)
V  [jvm.dll+0x38a42b]  (no source info available)
V  [jvm.dll+0x38989a]  (no source info available)
V  [jvm.dll+0x244aa1]  (no source info available)
V  [jvm.dll+0x243dff]  (no source info available)
V  [jvm.dll+0x1c33a0]  (no source info available)
V  [jvm.dll+0x253cf1]  (no source info available)
V  [jvm.dll+0x251faa]  (no source info available)
V  [jvm.dll+0x3ee036]  (no source info available)
V  [jvm.dll+0x824f8b]  (no source info available)
V  [jvm.dll+0x6df065]  (no source info available)
C  [ucrtbase.dll+0x2cd30]  (no source info available)
C  [KERNEL32.DLL+0x2e957]  (no source info available)
C  [ntdll.dll+0xaad6c]  (no source info available)

Lock stack of current Java thread (top to bottom):


---------------  P R O C E S S  ---------------

Threads class SMR info:
_java_thread_list=0x0000019679fa4a60, length=333, elements={
0x000001963523b8c0, 0x00000196527539a0, 0x0000019652754400, 0x0000019652757e30,
0x0000019652759160, 0x0000019652759e20, 0x000001965275fcb0, 0x0000019652764d50,
0x0000019652765fa0, 0x0000019653295220, 0x0000019653293e70, 0x0000019653294500,
0x0000019653293150, 0x000001967414c7b0, 0x000001967414b400, 0x000001967414a6e0,
0x000001967414a050, 0x000001967414db60, 0x000001967414e1f0, 0x000001967414ce40,
0x000001967414c120, 0x000001967414e880, 0x000001967414ef10, 0x000001967414ba90,
0x0000019674150950, 0x0000019674151670, 0x000001967538fe50, 0x000001967538e410,
0x00000196753904e0, 0x000001967538f130, 0x000001967538f7c0, 0x0000019675391890,
0x00000196780c0690, 0x00000196780c1a40, 0x00000196780c3b10, 0x00000196780c3480,
0x00000196780c41a0, 0x00000196780c6f90, 0x000001967a3b8240, 0x000001967a3b5450,
0x000001967a3b88d0, 0x000001967a3ba9a0, 0x000001967a3bb6c0, 0x000001967a3bca70,
0x000001967a3bbd50, 0x000001967a3bc3e0, 0x000001967860e500, 0x000001967860b080,
0x000001967860c430, 0x000001967860cac0, 0x000001967860d150, 0x000001967860d7e0,
0x000001967860de70, 0x000001967860eb90, 0x000001967860b710, 0x000001967860f220,
0x000001967860bda0, 0x000001967860f8b0, 0x000001967860ff40, 0x0000019678610c60,
0x00000196786105d0, 0x00000196786112f0, 0x0000019678611980, 0x0000019678612010,
0x00000196786126a0, 0x0000019678607700, 0x000001967860a4f0, 0x00000196786097d0,
0x0000019678607070, 0x0000019678608ab0, 0x0000019678609e60, 0x0000019678607d90,
0x0000019678609140, 0x0000019678608420, 0x000001967b471240, 0x000001967b470520,
0x000001967b46fe90, 0x000001967b470bb0, 0x000001967b4718d0, 0x000001967b472c80,
0x000001967b46f800, 0x000001967b474030, 0x000001967b4753e0, 0x000001967b473310,
0x000001967b475a70, 0x000001967b4739a0, 0x000001967b474d50, 0x000001967b4746c0,
0x000001967b4725f0, 0x000001967b476100, 0x000001967b476790, 0x000001967b476e20,
0x0000019678492190, 0x0000019678491470, 0x0000019678494f80, 0x0000019678494260,
0x0000019678492eb0, 0x0000019678493540, 0x0000019678497050, 0x000001967414d4d0,
0x0000019653915f90, 0x0000019653914be0, 0x0000019653919410, 0x0000019653919aa0,
0x000001965391a130, 0x0000019653918d80, 0x00000196780c0d20, 0x00000196784948f0,
0x00000196532937e0, 0x0000019653b16390, 0x0000019653b135a0, 0x0000019653b142c0,
0x0000019653b15d00, 0x0000019653b15670, 0x0000019653b13c30, 0x0000019653b14950,
0x0000019653b12f10, 0x0000019653b16a20, 0x0000019653b170b0, 0x0000019653b17dd0,
0x0000019653b1b8e0, 0x0000019653b18af0, 0x0000019653b1bf70, 0x0000019653b1d320,
0x0000019653b1cc90, 0x0000019653b1d9b0, 0x0000019653b1a530, 0x0000019653b1e040,
0x0000019653b1c600, 0x0000019653b1abc0, 0x0000019653b214c0, 0x0000019653b1e6d0,
0x0000019653b20110, 0x0000019653b21b50, 0x0000019653b221e0, 0x0000019653b1ed60,
0x0000019653b1f3f0, 0x0000019653b207a0, 0x0000019653b1fa80, 0x0000019653b20e30,
0x000001967b2d60d0, 0x000001967b2d7b10, 0x000001967b2d6760, 0x000001967b2d7480,
0x000001967b2d6df0, 0x000001967b2df130, 0x000001967b2dd6f0, 0x000001967b2dbcb0,
0x000001967b2e1200, 0x000001967b2df7c0, 0x000001967b2dfe50, 0x000001967b2e04e0,
0x000001967b2e0b70, 0x000001967b2e1890, 0x000001967b2de410, 0x000001967b2e1f20,
0x000001967b2e25b0, 0x000001967b2e2c40, 0x000001967b2e32d0, 0x000001967b2e3960,
0x0000019678491b00, 0x0000019678b5b250, 0x0000019678b5b8e0, 0x0000019678b5c600,
0x0000019678b59180, 0x0000019678b5a530, 0x0000019678b5cc90, 0x0000019678b5abc0,
0x0000019678b59810, 0x0000019678b5bf70, 0x0000019678b5d320, 0x0000019678b59ea0,
0x0000019678b60e30, 0x0000019678b60110, 0x0000019678b5e6d0, 0x0000019678b5d9b0,
0x0000019678b607a0, 0x0000019678b614c0, 0x0000019678b5f3f0, 0x0000019678b5fa80,
0x0000019678b62870, 0x0000019678b5e040, 0x0000019678b642b0, 0x0000019678b63c20,
0x0000019678b62f00, 0x0000019678b64940, 0x0000019678b64fd0, 0x0000019678b63590,
0x0000019678b61b50, 0x0000019678b65660, 0x0000019678b621e0, 0x0000019678b67730,
0x0000019678b65cf0, 0x0000019678b670a0, 0x0000019678b66380, 0x0000019678b66a10,
0x0000019678b67dc0, 0x0000019678b68450, 0x000001967a2143d0, 0x000001967a214a60,
0x000001967a213020, 0x000001967a2150f0, 0x000001967a2136b0, 0x000001967a215780,
0x000001967a215e10, 0x000001967a212990, 0x000001967a218c00, 0x000001967a217ee0,
0x000001967a2164a0, 0x000001967a219920, 0x000001967a218570, 0x000001967a219fb0,
0x000001967a216b30, 0x000001967a21a640, 0x000001967a2171c0, 0x000001967a21acd0,
0x000001967a21c080, 0x000001967a21e150, 0x000001967a21cda0, 0x000001967a21dac0,
0x000001967a21e7e0, 0x000001967a21b360, 0x000001967a21ee70, 0x000001967a21b9f0,
0x000001967a21f500, 0x000001967a21fb90, 0x000001967a2208b0, 0x000001967a220f40,
0x000001967a2215d0, 0x000001967a221c60, 0x0000019675f1fd50, 0x0000019675f203e0,
0x0000019675f20a70, 0x0000019675f21100, 0x0000019675f21790, 0x0000019675f21e20,
0x0000019675f1e9a0, 0x0000019675f1f6c0, 0x0000019675f224b0, 0x0000019675f1f030,
0x0000019675f22b40, 0x0000019675f231d0, 0x0000019675f23860, 0x0000019675f06d00,
0x0000019675f052c0, 0x0000019675f05950, 0x0000019675f05fe0, 0x0000019675f06670,
0x0000019675f045a0, 0x0000019675f07390, 0x0000019675f04c30, 0x0000019675f08dd0,
0x0000019675f09af0, 0x0000019675f0a810, 0x0000019675f09460, 0x0000019675f07a20,
0x0000019675f080b0, 0x0000019675f0aea0, 0x0000019675f0a180, 0x0000019675f0bbc0,
0x0000019675f0b530, 0x0000019675f08740, 0x0000019675f0c8e0, 0x0000019675f0c250,
0x0000019675f0f6d0, 0x0000019675f0d600, 0x0000019675f11110, 0x0000019675f117a0,
0x0000019675f124c0, 0x0000019675f13f00, 0x0000019675f180a0, 0x0000019675f14c20,
0x0000019675f18dc0, 0x0000019675ae5e40, 0x0000019675ae6b60, 0x0000019675ae71f0,
0x0000019675ae9950, 0x0000019675aead00, 0x0000019675ae8c30, 0x0000019675aeb390,
0x0000019675ae9fe0, 0x0000019675aeba20, 0x0000019675aed460, 0x0000019675aecdd0,
0x0000019675af29b0, 0x0000019675aef530, 0x0000019675af1c90, 0x0000019675f1e310,
0x0000019675f18730, 0x0000019675f1dc80, 0x000001967414ad70, 0x000001967b2d81a0,
0x0000019675390b70, 0x00000196780c6270, 0x00000196045dc9a0, 0x00000196045ddd50,
0x00000196045dd6c0, 0x00000196045dc310, 0x00000196045dd030, 0x00000196045de3e0,
0x00000196045daf60, 0x00000196045e0b40, 0x00000196045dfe20, 0x00000196045e11d0,
0x00000196045e1860, 0x00000196045df100, 0x00000196045dea70, 0x00000196045e3fc0,
0x00000196045e5a00, 0x00000196045e4650, 0x00000196045e5370, 0x00000196045e2580,
0x00000196045e6090, 0x00000196045e4ce0, 0x00000196045e2c10, 0x00000196045e6720,
0x00000196045e32a0, 0x00000196045e6db0, 0x00000196045e3930, 0x00000196045e7440,
0x0000019679323ff0, 0x0000019679324680, 0x0000019679324d10, 0x00000196793253a0,
0x0000019679326de0, 0x0000019679327470, 0x0000019679327b00, 0x000001967930a280,
0x0000019679310b80, 0x0000019679690270, 0x000001967968ee00, 0x0000019679688100,
0x00000196796887d0
}

Java Threads: ( => current thread )
  0x000001963523b8c0 JavaThread "main"                              [_thread_blocked, id=16736, stack(0x0000001674700000,0x0000001674800000) (1024K)]
  0x00000196527539a0 JavaThread "Reference Handler"          daemon [_thread_blocked, id=28208, stack(0x0000001674f00000,0x0000001675000000) (1024K)]
  0x0000019652754400 JavaThread "Finalizer"                  daemon [_thread_blocked, id=7012, stack(0x0000001675000000,0x0000001675100000) (1024K)]
  0x0000019652757e30 JavaThread "Signal Dispatcher"          daemon [_thread_blocked, id=22524, stack(0x0000001675100000,0x0000001675200000) (1024K)]
  0x0000019652759160 JavaThread "Attach Listener"            daemon [_thread_blocked, id=21516, stack(0x0000001675200000,0x0000001675300000) (1024K)]
  0x0000019652759e20 JavaThread "Service Thread"             daemon [_thread_blocked, id=19944, stack(0x0000001675300000,0x0000001675400000) (1024K)]
  0x000001965275fcb0 JavaThread "Monitor Deflation Thread"   daemon [_thread_blocked, id=28492, stack(0x0000001675400000,0x0000001675500000) (1024K)]
  0x0000019652764d50 JavaThread "C2 CompilerThread0"         daemon [_thread_blocked, id=18500, stack(0x0000001675500000,0x0000001675600000) (1024K)]
  0x0000019652765fa0 JavaThread "C1 CompilerThread0"         daemon [_thread_blocked, id=27704, stack(0x0000001675600000,0x0000001675700000) (1024K)]
  0x0000019653295220 JavaThread "Common-Cleaner"             daemon [_thread_blocked, id=22888, stack(0x0000001675800000,0x0000001675900000) (1024K)]
  0x0000019653293e70 JavaThread "Notification Thread"        daemon [_thread_blocked, id=25112, stack(0x0000001675b00000,0x0000001675c00000) (1024K)]
  0x0000019653294500 JavaThread "Daemon health stats"               [_thread_blocked, id=24732, stack(0x0000001676600000,0x0000001676700000) (1024K)]
  0x0000019653293150 JavaThread "Incoming local TCP Connector on port 52228"        [_thread_in_native, id=9212, stack(0x0000001675e00000,0x0000001675f00000) (1024K)]
  0x000001967414c7b0 JavaThread "Daemon periodic checks"            [_thread_blocked, id=24924, stack(0x0000001675f00000,0x0000001676000000) (1024K)]
  0x000001967414b400 JavaThread "Daemon"                            [_thread_blocked, id=11588, stack(0x0000001676700000,0x0000001676800000) (1024K)]
  0x000001967414a6e0 JavaThread "Handler for socket connection from /127.0.0.1:52228 to /127.0.0.1:52229"        [_thread_in_native, id=28308, stack(0x0000001676800000,0x0000001676900000) (1024K)]
  0x000001967414a050 JavaThread "Cancel handler"                    [_thread_blocked, id=16680, stack(0x0000001676900000,0x0000001676a00000) (1024K)]
  0x000001967414db60 JavaThread "Daemon worker"                     [_thread_blocked, id=24644, stack(0x0000001676a00000,0x0000001676b00000) (1024K)]
  0x000001967414e1f0 JavaThread "Asynchronous log dispatcher for DefaultDaemonConnection: socket connection from /127.0.0.1:52228 to /127.0.0.1:52229"        [_thread_blocked, id=8524, stack(0x0000001676b00000,0x0000001676c00000) (1024K)]
  0x000001967414ce40 JavaThread "Stdin handler"                     [_thread_blocked, id=14884, stack(0x0000001676c00000,0x0000001676d00000) (1024K)]
  0x000001967414c120 JavaThread "Daemon client event forwarder"        [_thread_blocked, id=5612, stack(0x0000001676d00000,0x0000001676e00000) (1024K)]
  0x000001967414e880 JavaThread "Cache worker for journal cache (D:\Gradle\caches\journal-1)"        [_thread_blocked, id=4024, stack(0x0000001675d00000,0x0000001675e00000) (1024K)]
  0x000001967414ef10 JavaThread "File lock request listener"        [_thread_in_native, id=14384, stack(0x0000001676e00000,0x0000001676f00000) (1024K)]
  0x000001967414ba90 JavaThread "Cache worker for file hash cache (D:\Gradle\caches\9.3.1\fileHashes)"        [_thread_blocked, id=12796, stack(0x0000001676f00000,0x0000001677000000) (1024K)]
  0x0000019674150950 JavaThread "Cache worker for file hash cache (C:\Users\Namrata Pundhir\Ruvo\RuvoMobile\android\.gradle\9.3.1\fileHashes)"        [_thread_blocked, id=28000, stack(0x0000001677c00000,0x0000001677d00000) (1024K)]
  0x0000019674151670 JavaThread "Cache worker for Build Output Cleanup Cache (C:\Users\Namrata Pundhir\Ruvo\RuvoMobile\android\.gradle\buildOutputCleanup)"        [_thread_blocked, id=25608, stack(0x0000001677d00000,0x0000001677e00000) (1024K)]
  0x000001967538fe50 JavaThread "File watcher server"        daemon [_thread_in_native, id=25040, stack(0x0000001677e00000,0x0000001677f00000) (1024K)]
  0x000001967538e410 JavaThread "File watcher consumer"      daemon [_thread_blocked, id=26060, stack(0x0000001677f00000,0x0000001678000000) (1024K)]
  0x00000196753904e0 JavaThread "Cache worker for checksums cache (C:\Users\Namrata Pundhir\Ruvo\RuvoMobile\android\.gradle\9.3.1\checksums)"        [_thread_blocked, id=27656, stack(0x0000001678000000,0x0000001678100000) (1024K)]
  0x000001967538f130 JavaThread "Cache worker for file content cache (D:\Gradle\caches\9.3.1\fileContent)"        [_thread_blocked, id=6932, stack(0x0000001678100000,0x0000001678200000) (1024K)]
  0x000001967538f7c0 JavaThread "Cache worker for cache directory md-supplier (D:\Gradle\caches\9.3.1\md-supplier)"        [_thread_blocked, id=13568, stack(0x0000001678200000,0x0000001678300000) (1024K)]
  0x0000019675391890 JavaThread "Cache worker for cache directory md-rule (D:\Gradle\caches\9.3.1\md-rule)"        [_thread_blocked, id=19300, stack(0x0000001678300000,0x0000001678400000) (1024K)]
  0x00000196780c0690 JavaThread "jar transforms"                    [_thread_blocked, id=26688, stack(0x0000001678400000,0x0000001678500000) (1024K)]
  0x00000196780c1a40 JavaThread "Exec process"                      [_thread_in_native, id=26912, stack(0x0000001678700000,0x0000001678800000) (1024K)]
  0x00000196780c3b10 JavaThread "Exec process Thread 2"             [_thread_in_native, id=16248, stack(0x0000001678800000,0x0000001678900000) (1024K)]
  0x00000196780c3480 JavaThread "Exec process Thread 3"             [_thread_in_native, id=18448, stack(0x0000001678900000,0x0000001678a00000) (1024K)]
  0x00000196780c41a0 JavaThread "Cache worker for Build Output Cleanup Cache (C:\Users\Namrata Pundhir\Ruvo\RuvoMobile\node_modules\@react-native\gradle-plugin\.gradle\buildOutputCleanup)"        [_thread_blocked, id=24508, stack(0x0000001675c00000,0x0000001675d00000) (1024K)]
  0x00000196780c6f90 JavaThread "Unconstrained build operations"        [_thread_blocked, id=24216, stack(0x0000001678600000,0x0000001678700000) (1024K)]
  0x000001967a3b8240 JavaThread "Unconstrained build operations Thread 2"        [_thread_blocked, id=24164, stack(0x0000001678a00000,0x0000001678b00000) (1024K)]
  0x000001967a3b5450 JavaThread "Unconstrained build operations Thread 3"        [_thread_blocked, id=23624, stack(0x0000001678b00000,0x0000001678c00000) (1024K)]
  0x000001967a3b88d0 JavaThread "Cache worker for Build Output Cleanup Cache (C:\Users\Namrata Pundhir\Ruvo\RuvoMobile\node_modules\expo-modules-autolinking\android\expo-gradle-plugin\.gradle\buildOutputCleanup)"        [_thread_blocked, id=4144, stack(0x0000001675900000,0x0000001675a00000) (1024K)]
  0x000001967a3ba9a0 JavaThread "Unconstrained build operations Thread 4"        [_thread_blocked, id=27328, stack(0x0000001678e00000,0x0000001678f00000) (1024K)]
  0x000001967a3bb6c0 JavaThread "Unconstrained build operations Thread 5"        [_thread_blocked, id=25232, stack(0x0000001678f00000,0x0000001679000000) (1024K)]
  0x000001967a3bca70 JavaThread "Unconstrained build operations Thread 6"        [_thread_blocked, id=26332, stack(0x0000001679000000,0x0000001679100000) (1024K)]
  0x000001967a3bbd50 JavaThread "Unconstrained build operations Thread 7"        [_thread_blocked, id=25776, stack(0x0000001679100000,0x0000001679200000) (1024K)]
  0x000001967a3bc3e0 JavaThread "Unconstrained build operations Thread 8"        [_thread_blocked, id=25520, stack(0x0000001679200000,0x0000001679300000) (1024K)]
  0x000001967860e500 JavaThread "Unconstrained build operations Thread 9"        [_thread_blocked, id=24568, stack(0x0000001679300000,0x0000001679400000) (1024K)]
  0x000001967860b080 JavaThread "Unconstrained build operations Thread 10"        [_thread_blocked, id=26352, stack(0x0000001679400000,0x0000001679500000) (1024K)]
  0x000001967860c430 JavaThread "Unconstrained build operations Thread 11"        [_thread_blocked, id=22124, stack(0x0000001679500000,0x0000001679600000) (1024K)]
  0x000001967860cac0 JavaThread "Unconstrained build operations Thread 12"        [_thread_blocked, id=7872, stack(0x0000001679600000,0x0000001679700000) (1024K)]
  0x000001967860d150 JavaThread "Unconstrained build operations Thread 13"        [_thread_blocked, id=516, stack(0x0000001679700000,0x0000001679800000) (1024K)]
  0x000001967860d7e0 JavaThread "Unconstrained build operations Thread 14"        [_thread_blocked, id=25816, stack(0x0000001679800000,0x0000001679900000) (1024K)]
  0x000001967860de70 JavaThread "Unconstrained build operations Thread 15"        [_thread_blocked, id=26284, stack(0x0000001679900000,0x0000001679a00000) (1024K)]
  0x000001967860eb90 JavaThread "Unconstrained build operations Thread 16"        [_thread_blocked, id=20472, stack(0x0000001679a00000,0x0000001679b00000) (1024K)]
  0x000001967860b710 JavaThread "Unconstrained build operations Thread 17"        [_thread_blocked, id=27724, stack(0x0000001679b00000,0x0000001679c00000) (1024K)]
  0x000001967860f220 JavaThread "Unconstrained build operations Thread 18"        [_thread_blocked, id=16656, stack(0x0000001679c00000,0x0000001679d00000) (1024K)]
  0x000001967860bda0 JavaThread "Unconstrained build operations Thread 19"        [_thread_blocked, id=26640, stack(0x0000001679d00000,0x0000001679e00000) (1024K)]
  0x000001967860f8b0 JavaThread "Unconstrained build operations Thread 20"        [_thread_blocked, id=23212, stack(0x0000001679e00000,0x0000001679f00000) (1024K)]
  0x000001967860ff40 JavaThread "Unconstrained build operations Thread 21"        [_thread_blocked, id=26768, stack(0x0000001679f00000,0x000000167a000000) (1024K)]
  0x0000019678610c60 JavaThread "Unconstrained build operations Thread 22"        [_thread_blocked, id=20040, stack(0x000000167a000000,0x000000167a100000) (1024K)]
  0x00000196786105d0 JavaThread "Unconstrained build operations Thread 23"        [_thread_blocked, id=25972, stack(0x000000167a100000,0x000000167a200000) (1024K)]
  0x00000196786112f0 JavaThread "Unconstrained build operations Thread 24"        [_thread_blocked, id=26804, stack(0x000000167a200000,0x000000167a300000) (1024K)]
  0x0000019678611980 JavaThread "Unconstrained build operations Thread 25"        [_thread_blocked, id=9320, stack(0x000000167a300000,0x000000167a400000) (1024K)]
  0x0000019678612010 JavaThread "Unconstrained build operations Thread 26"        [_thread_blocked, id=21088, stack(0x000000167a400000,0x000000167a500000) (1024K)]
  0x00000196786126a0 JavaThread "Unconstrained build operations Thread 27"        [_thread_in_Java, id=13052, stack(0x000000167a500000,0x000000167a600000) (1024K)]
  0x0000019678607700 JavaThread "Unconstrained build operations Thread 28"        [_thread_blocked, id=14044, stack(0x000000167a600000,0x000000167a700000) (1024K)]
  0x000001967860a4f0 JavaThread "Unconstrained build operations Thread 29"        [_thread_blocked, id=26516, stack(0x000000167a700000,0x000000167a800000) (1024K)]
  0x00000196786097d0 JavaThread "Unconstrained build operations Thread 30"        [_thread_blocked, id=15240, stack(0x000000167a800000,0x000000167a900000) (1024K)]
  0x0000019678607070 JavaThread "Unconstrained build operations Thread 31"        [_thread_blocked, id=26128, stack(0x000000167a900000,0x000000167aa00000) (1024K)]
  0x0000019678608ab0 JavaThread "Unconstrained build operations Thread 32"        [_thread_blocked, id=23616, stack(0x000000167aa00000,0x000000167ab00000) (1024K)]
  0x0000019678609e60 JavaThread "Unconstrained build operations Thread 33"        [_thread_blocked, id=28416, stack(0x000000167ab00000,0x000000167ac00000) (1024K)]
  0x0000019678607d90 JavaThread "Unconstrained build operations Thread 34"        [_thread_blocked, id=11768, stack(0x000000167ac00000,0x000000167ad00000) (1024K)]
  0x0000019678609140 JavaThread "Unconstrained build operations Thread 35"        [_thread_blocked, id=15408, stack(0x000000167ad00000,0x000000167ae00000) (1024K)]
  0x0000019678608420 JavaThread "Unconstrained build operations Thread 36"        [_thread_blocked, id=25968, stack(0x000000167ae00000,0x000000167af00000) (1024K)]
  0x000001967b471240 JavaThread "Unconstrained build operations Thread 37"        [_thread_blocked, id=15164, stack(0x000000167af00000,0x000000167b000000) (1024K)]
  0x000001967b470520 JavaThread "Unconstrained build operations Thread 38"        [_thread_blocked, id=25396, stack(0x000000167b000000,0x000000167b100000) (1024K)]
  0x000001967b46fe90 JavaThread "Unconstrained build operations Thread 39"        [_thread_blocked, id=27360, stack(0x000000167b100000,0x000000167b200000) (1024K)]
  0x000001967b470bb0 JavaThread "Unconstrained build operations Thread 40"        [_thread_blocked, id=25588, stack(0x000000167b200000,0x000000167b300000) (1024K)]
  0x000001967b4718d0 JavaThread "Unconstrained build operations Thread 41"        [_thread_in_Java, id=21848, stack(0x000000167b300000,0x000000167b400000) (1024K)]
  0x000001967b472c80 JavaThread "Unconstrained build operations Thread 42"        [_thread_blocked, id=28340, stack(0x000000167b400000,0x000000167b500000) (1024K)]
  0x000001967b46f800 JavaThread "Unconstrained build operations Thread 43"        [_thread_blocked, id=1520, stack(0x000000167b500000,0x000000167b600000) (1024K)]
  0x000001967b474030 JavaThread "Unconstrained build operations Thread 44"        [_thread_blocked, id=20500, stack(0x000000167b600000,0x000000167b700000) (1024K)]
  0x000001967b4753e0 JavaThread "Unconstrained build operations Thread 45"        [_thread_blocked, id=11364, stack(0x000000167b700000,0x000000167b800000) (1024K)]
  0x000001967b473310 JavaThread "Unconstrained build operations Thread 46"        [_thread_blocked, id=15912, stack(0x000000167b800000,0x000000167b900000) (1024K)]
  0x000001967b475a70 JavaThread "Unconstrained build operations Thread 47"        [_thread_blocked, id=25908, stack(0x000000167b900000,0x000000167ba00000) (1024K)]
  0x000001967b4739a0 JavaThread "Unconstrained build operations Thread 48"        [_thread_blocked, id=26556, stack(0x000000167ba00000,0x000000167bb00000) (1024K)]
  0x000001967b474d50 JavaThread "Unconstrained build operations Thread 49"        [_thread_blocked, id=26772, stack(0x000000167bb00000,0x000000167bc00000) (1024K)]
  0x000001967b4746c0 JavaThread "Unconstrained build operations Thread 50"        [_thread_blocked, id=10924, stack(0x000000167bc00000,0x000000167bd00000) (1024K)]
  0x000001967b4725f0 JavaThread "Unconstrained build operations Thread 51"        [_thread_blocked, id=11424, stack(0x000000167bd00000,0x000000167be00000) (1024K)]
  0x000001967b476100 JavaThread "Unconstrained build operations Thread 52"        [_thread_blocked, id=1020, stack(0x000000167be00000,0x000000167bf00000) (1024K)]
  0x000001967b476790 JavaThread "Unconstrained build operations Thread 53"        [_thread_in_Java, id=19816, stack(0x000000167bf00000,0x000000167c000000) (1024K)]
  0x000001967b476e20 JavaThread "Unconstrained build operations Thread 54"        [_thread_blocked, id=27012, stack(0x000000167c000000,0x000000167c100000) (1024K)]
  0x0000019678492190 JavaThread "Unconstrained build operations Thread 55"        [_thread_in_Java, id=22272, stack(0x000000167c100000,0x000000167c200000) (1024K)]
  0x0000019678491470 JavaThread "Unconstrained build operations Thread 56"        [_thread_blocked, id=27712, stack(0x000000167c200000,0x000000167c300000) (1024K)]
  0x0000019678494f80 JavaThread "Unconstrained build operations Thread 57"        [_thread_blocked, id=27732, stack(0x000000167c300000,0x000000167c400000) (1024K)]
  0x0000019678494260 JavaThread "Unconstrained build operations Thread 58"        [_thread_blocked, id=27980, stack(0x000000167c400000,0x000000167c500000) (1024K)]
  0x0000019678492eb0 JavaThread "Unconstrained build operations Thread 59"        [_thread_blocked, id=27976, stack(0x000000167c500000,0x000000167c600000) (1024K)]
  0x0000019678493540 JavaThread "Unconstrained build operations Thread 60"        [_thread_blocked, id=27696, stack(0x000000167c600000,0x000000167c700000) (1024K)]
  0x0000019678497050 JavaThread "build event listener"              [_thread_blocked, id=23924, stack(0x0000001678d00000,0x0000001678e00000) (1024K)]
  0x000001967414d4d0 JavaThread "Memory manager"                    [_thread_blocked, id=4560, stack(0x0000001678c00000,0x0000001678d00000) (1024K)]
  0x0000019653915f90 JavaThread "Problems report writer"            [_thread_blocked, id=23424, stack(0x000000167c800000,0x000000167c900000) (1024K)]
  0x0000019653914be0 JavaThread "Unconstrained build operations Thread 61"        [_thread_blocked, id=16280, stack(0x000000167ca00000,0x000000167cb00000) (1024K)]
  0x0000019653919410 JavaThread "Unconstrained build operations Thread 62"        [_thread_blocked, id=28044, stack(0x000000167cb00000,0x000000167cc00000) (1024K)]
  0x0000019653919aa0 JavaThread "Unconstrained build operations Thread 63"        [_thread_blocked, id=28052, stack(0x000000167cc00000,0x000000167cd00000) (1024K)]
  0x000001965391a130 JavaThread "Unconstrained build operations Thread 64"        [_thread_blocked, id=1852, stack(0x000000167cd00000,0x000000167ce00000) (1024K)]
  0x0000019653918d80 JavaThread "Unconstrained build operations Thread 65"        [_thread_blocked, id=27188, stack(0x000000167ce00000,0x000000167cf00000) (1024K)]
  0x00000196780c0d20 JavaThread "Unconstrained build operations Thread 66"        [_thread_blocked, id=28192, stack(0x000000167cf00000,0x000000167d000000) (1024K)]
  0x00000196784948f0 JavaThread "Unconstrained build operations Thread 67"        [_thread_blocked, id=26420, stack(0x000000167d000000,0x000000167d100000) (1024K)]
  0x00000196532937e0 JavaThread "Unconstrained build operations Thread 68"        [_thread_blocked, id=16992, stack(0x000000167d100000,0x000000167d200000) (1024K)]
  0x0000019653b16390 JavaThread "Unconstrained build operations Thread 69"        [_thread_blocked, id=26856, stack(0x000000167d200000,0x000000167d300000) (1024K)]
  0x0000019653b135a0 JavaThread "Unconstrained build operations Thread 70"        [_thread_blocked, id=22644, stack(0x000000167d300000,0x000000167d400000) (1024K)]
  0x0000019653b142c0 JavaThread "Unconstrained build operations Thread 71"        [_thread_blocked, id=24836, stack(0x000000167d400000,0x000000167d500000) (1024K)]
  0x0000019653b15d00 JavaThread "Unconstrained build operations Thread 72"        [_thread_blocked, id=23244, stack(0x000000167d500000,0x000000167d600000) (1024K)]
  0x0000019653b15670 JavaThread "Unconstrained build operations Thread 73"        [_thread_blocked, id=19760, stack(0x000000167d600000,0x000000167d700000) (1024K)]
  0x0000019653b13c30 JavaThread "Unconstrained build operations Thread 74"        [_thread_blocked, id=19888, stack(0x000000167d700000,0x000000167d800000) (1024K)]
  0x0000019653b14950 JavaThread "Unconstrained build operations Thread 75"        [_thread_blocked, id=3152, stack(0x000000167d800000,0x000000167d900000) (1024K)]
  0x0000019653b12f10 JavaThread "Unconstrained build operations Thread 76"        [_thread_blocked, id=19828, stack(0x000000167d900000,0x000000167da00000) (1024K)]
  0x0000019653b16a20 JavaThread "Unconstrained build operations Thread 77"        [_thread_blocked, id=28168, stack(0x000000167da00000,0x000000167db00000) (1024K)]
  0x0000019653b170b0 JavaThread "Unconstrained build operations Thread 78"        [_thread_in_Java, id=20724, stack(0x000000167db00000,0x000000167dc00000) (1024K)]
  0x0000019653b17dd0 JavaThread "Unconstrained build operations Thread 79"        [_thread_blocked, id=11308, stack(0x000000167dc00000,0x000000167dd00000) (1024K)]
  0x0000019653b1b8e0 JavaThread "build event listener"              [_thread_blocked, id=13424, stack(0x000000167dd00000,0x000000167de00000) (1024K)]
  0x0000019653b18af0 JavaThread "Unconstrained build operations Thread 80"        [_thread_blocked, id=17404, stack(0x000000167c900000,0x000000167ca00000) (1024K)]
  0x0000019653b1bf70 JavaThread "Unconstrained build operations Thread 81"        [_thread_blocked, id=25496, stack(0x000000167de00000,0x000000167df00000) (1024K)]
  0x0000019653b1d320 JavaThread "Unconstrained build operations Thread 82"        [_thread_blocked, id=12824, stack(0x000000167df00000,0x000000167e000000) (1024K)]
  0x0000019653b1cc90 JavaThread "Unconstrained build operations Thread 83"        [_thread_blocked, id=25852, stack(0x000000167e000000,0x000000167e100000) (1024K)]
  0x0000019653b1d9b0 JavaThread "Unconstrained build operations Thread 84"        [_thread_blocked, id=28200, stack(0x000000167e100000,0x000000167e200000) (1024K)]
  0x0000019653b1a530 JavaThread "Unconstrained build operations Thread 85"        [_thread_blocked, id=26200, stack(0x000000167e200000,0x000000167e300000) (1024K)]
  0x0000019653b1e040 JavaThread "Unconstrained build operations Thread 86"        [_thread_blocked, id=24864, stack(0x000000167e300000,0x000000167e400000) (1024K)]
  0x0000019653b1c600 JavaThread "Unconstrained build operations Thread 87"        [_thread_blocked, id=26552, stack(0x000000167e400000,0x000000167e500000) (1024K)]
  0x0000019653b1abc0 JavaThread "Unconstrained build operations Thread 88"        [_thread_blocked, id=25936, stack(0x000000167e500000,0x000000167e600000) (1024K)]
  0x0000019653b214c0 JavaThread "Unconstrained build operations Thread 89"        [_thread_blocked, id=26936, stack(0x000000167e600000,0x000000167e700000) (1024K)]
  0x0000019653b1e6d0 JavaThread "Unconstrained build operations Thread 90"        [_thread_blocked, id=27140, stack(0x000000167e700000,0x000000167e800000) (1024K)]
  0x0000019653b20110 JavaThread "Unconstrained build operations Thread 91"        [_thread_blocked, id=24840, stack(0x000000167e800000,0x000000167e900000) (1024K)]
  0x0000019653b21b50 JavaThread "Unconstrained build operations Thread 92"        [_thread_blocked, id=26328, stack(0x000000167e900000,0x000000167ea00000) (1024K)]
  0x0000019653b221e0 JavaThread "Unconstrained build operations Thread 93"        [_thread_blocked, id=24272, stack(0x000000167ea00000,0x000000167eb00000) (1024K)]
  0x0000019653b1ed60 JavaThread "Unconstrained build operations Thread 94"        [_thread_blocked, id=27632, stack(0x000000167eb00000,0x000000167ec00000) (1024K)]
  0x0000019653b1f3f0 JavaThread "Unconstrained build operations Thread 95"        [_thread_blocked, id=24112, stack(0x000000167ec00000,0x000000167ed00000) (1024K)]
  0x0000019653b207a0 JavaThread "Unconstrained build operations Thread 96"        [_thread_blocked, id=27780, stack(0x000000167ed00000,0x000000167ee00000) (1024K)]
  0x0000019653b1fa80 JavaThread "Unconstrained build operations Thread 97"        [_thread_blocked, id=28152, stack(0x000000167ee00000,0x000000167ef00000) (1024K)]
  0x0000019653b20e30 JavaThread "Unconstrained build operations Thread 98"        [_thread_blocked, id=5192, stack(0x000000167ef00000,0x000000167f000000) (1024K)]
  0x000001967b2d60d0 JavaThread "Unconstrained build operations Thread 99"        [_thread_blocked, id=24684, stack(0x000000167f000000,0x000000167f100000) (1024K)]
  0x000001967b2d7b10 JavaThread "Unconstrained build operations Thread 100"        [_thread_blocked, id=14412, stack(0x000000167f100000,0x000000167f200000) (1024K)]
  0x000001967b2d6760 JavaThread "Unconstrained build operations Thread 101"        [_thread_blocked, id=20572, stack(0x000000167f200000,0x000000167f300000) (1024K)]
  0x000001967b2d7480 JavaThread "Unconstrained build operations Thread 102"        [_thread_blocked, id=16640, stack(0x000000167f300000,0x000000167f400000) (1024K)]
  0x000001967b2d6df0 JavaThread "Unconstrained build operations Thread 103"        [_thread_blocked, id=26672, stack(0x000000167f400000,0x000000167f500000) (1024K)]
  0x000001967b2df130 JavaThread "included builds Thread 2"          [_thread_blocked, id=21068, stack(0x0000001600500000,0x0000001600600000) (1024K)]
  0x000001967b2dd6f0 JavaThread "Execution worker"                  [_thread_blocked, id=23932, stack(0x0000001600600000,0x0000001600700000) (1024K)]
  0x000001967b2dbcb0 JavaThread "Execution worker Thread 2"         [_thread_blocked, id=17328, stack(0x0000001600700000,0x0000001600800000) (1024K)]
  0x000001967b2e1200 JavaThread "Execution worker Thread 3"         [_thread_blocked, id=18544, stack(0x0000001600800000,0x0000001600900000) (1024K)]
  0x000001967b2df7c0 JavaThread "Execution worker Thread 4"         [_thread_blocked, id=14916, stack(0x0000001600900000,0x0000001600a00000) (1024K)]
  0x000001967b2dfe50 JavaThread "Execution worker Thread 5"         [_thread_blocked, id=21960, stack(0x0000001600a00000,0x0000001600b00000) (1024K)]
  0x000001967b2e04e0 JavaThread "Execution worker Thread 6"         [_thread_blocked, id=24740, stack(0x0000001600b00000,0x0000001600c00000) (1024K)]
  0x000001967b2e0b70 JavaThread "Execution worker Thread 7"         [_thread_blocked, id=24168, stack(0x0000001600c00000,0x0000001600d00000) (1024K)]
  0x000001967b2e1890 JavaThread "Execution worker Thread 8"         [_thread_blocked, id=18480, stack(0x0000001600d00000,0x0000001600e00000) (1024K)]
  0x000001967b2de410 JavaThread "Execution worker Thread 9"         [_thread_blocked, id=13316, stack(0x0000001600e00000,0x0000001600f00000) (1024K)]
  0x000001967b2e1f20 JavaThread "Execution worker Thread 10"        [_thread_blocked, id=22304, stack(0x0000001600f00000,0x0000001601000000) (1024K)]
  0x000001967b2e25b0 JavaThread "Execution worker Thread 11"        [_thread_blocked, id=18620, stack(0x0000001601000000,0x0000001601100000) (1024K)]
  0x000001967b2e2c40 JavaThread "Execution worker Thread 12"        [_thread_blocked, id=25012, stack(0x0000001601100000,0x0000001601200000) (1024K)]
  0x000001967b2e32d0 JavaThread "Execution worker Thread 13"        [_thread_blocked, id=25544, stack(0x0000001601200000,0x0000001601300000) (1024K)]
  0x000001967b2e3960 JavaThread "Execution worker Thread 14"        [_thread_blocked, id=22008, stack(0x0000001601300000,0x0000001601400000) (1024K)]
  0x0000019678491b00 JavaThread "Execution worker Thread 15"        [_thread_blocked, id=23304, stack(0x0000001601400000,0x0000001601500000) (1024K)]
  0x0000019678b5b250 JavaThread "Execution worker Thread 16"        [_thread_blocked, id=24816, stack(0x0000001601500000,0x0000001601600000) (1024K)]
  0x0000019678b5b8e0 JavaThread "Execution worker Thread 17"        [_thread_blocked, id=24980, stack(0x0000001601600000,0x0000001601700000) (1024K)]
  0x0000019678b5c600 JavaThread "Execution worker Thread 18"        [_thread_blocked, id=2852, stack(0x0000001601700000,0x0000001601800000) (1024K)]
  0x0000019678b59180 JavaThread "Execution worker Thread 19"        [_thread_blocked, id=22064, stack(0x0000001601800000,0x0000001601900000) (1024K)]
  0x0000019678b5a530 JavaThread "Cache worker for execution history cache (C:\Users\Namrata Pundhir\Ruvo\RuvoMobile\node_modules\@react-native\gradle-plugin\.gradle\9.3.1\executionHistory)"        [_thread_blocked, id=23176, stack(0x0000001601900000,0x0000001601a00000) (1024K)]
  0x0000019678b5cc90 JavaThread "Cache worker for execution history cache (C:\Users\Namrata Pundhir\Ruvo\RuvoMobile\node_modules\expo-modules-autolinking\android\expo-gradle-plugin\.gradle\9.3.1\executionHistory)"        [_thread_blocked, id=7972, stack(0x0000001601a00000,0x0000001601b00000) (1024K)]
  0x0000019678b5abc0 JavaThread "Unconstrained build operations Thread 104"        [_thread_blocked, id=13136, stack(0x0000001601d00000,0x0000001601e00000) (1024K)]
  0x0000019678b59810 JavaThread "Unconstrained build operations Thread 105"        [_thread_blocked, id=23604, stack(0x0000001601e00000,0x0000001601f00000) (1024K)]
  0x0000019678b5bf70 JavaThread "Unconstrained build operations Thread 106"        [_thread_blocked, id=25072, stack(0x0000001601f00000,0x0000001602000000) (1024K)]
  0x0000019678b5d320 JavaThread "Unconstrained build operations Thread 107"        [_thread_blocked, id=23696, stack(0x0000001602000000,0x0000001602100000) (1024K)]
  0x0000019678b59ea0 JavaThread "Unconstrained build operations Thread 108"        [_thread_blocked, id=9860, stack(0x0000001602100000,0x0000001602200000) (1024K)]
  0x0000019678b60e30 JavaThread "Unconstrained build operations Thread 109"        [_thread_blocked, id=17632, stack(0x0000001602200000,0x0000001602300000) (1024K)]
  0x0000019678b60110 JavaThread "Unconstrained build operations Thread 110"        [_thread_blocked, id=2220, stack(0x0000001602300000,0x0000001602400000) (1024K)]
  0x0000019678b5e6d0 JavaThread "Unconstrained build operations Thread 111"        [_thread_blocked, id=21868, stack(0x0000001602400000,0x0000001602500000) (1024K)]
  0x0000019678b5d9b0 JavaThread "Unconstrained build operations Thread 112"        [_thread_blocked, id=20284, stack(0x0000001602500000,0x0000001602600000) (1024K)]
  0x0000019678b607a0 JavaThread "Unconstrained build operations Thread 113"        [_thread_blocked, id=4288, stack(0x0000001602600000,0x0000001602700000) (1024K)]
  0x0000019678b614c0 JavaThread "Unconstrained build operations Thread 114"        [_thread_blocked, id=21200, stack(0x0000001602700000,0x0000001602800000) (1024K)]
  0x0000019678b5f3f0 JavaThread "Unconstrained build operations Thread 115"        [_thread_blocked, id=25068, stack(0x0000001602900000,0x0000001602a00000) (1024K)]
  0x0000019678b5fa80 JavaThread "Unconstrained build operations Thread 116"        [_thread_blocked, id=12160, stack(0x0000001602a00000,0x0000001602b00000) (1024K)]
  0x0000019678b62870 JavaThread "Unconstrained build operations Thread 117"        [_thread_blocked, id=24516, stack(0x0000001602b00000,0x0000001602c00000) (1024K)]
  0x0000019678b5e040 JavaThread "Unconstrained build operations Thread 118"        [_thread_blocked, id=23960, stack(0x0000001602c00000,0x0000001602d00000) (1024K)]
  0x0000019678b642b0 JavaThread "Unconstrained build operations Thread 119"        [_thread_blocked, id=23528, stack(0x0000001602d00000,0x0000001602e00000) (1024K)]
  0x0000019678b63c20 JavaThread "Unconstrained build operations Thread 120"        [_thread_blocked, id=2716, stack(0x0000001602e00000,0x0000001602f00000) (1024K)]
  0x0000019678b62f00 JavaThread "Unconstrained build operations Thread 121"        [_thread_blocked, id=22244, stack(0x0000001602f00000,0x0000001603000000) (1024K)]
  0x0000019678b64940 JavaThread "Unconstrained build operations Thread 122"        [_thread_blocked, id=13760, stack(0x0000001603000000,0x0000001603100000) (1024K)]
  0x0000019678b64fd0 JavaThread "Unconstrained build operations Thread 123"        [_thread_blocked, id=5628, stack(0x0000001603100000,0x0000001603200000) (1024K)]
  0x0000019678b63590 JavaThread "Unconstrained build operations Thread 124"        [_thread_blocked, id=23712, stack(0x0000001603200000,0x0000001603300000) (1024K)]
  0x0000019678b61b50 JavaThread "Unconstrained build operations Thread 125"        [_thread_blocked, id=25412, stack(0x0000001603300000,0x0000001603400000) (1024K)]
  0x0000019678b65660 JavaThread "Unconstrained build operations Thread 126"        [_thread_blocked, id=23648, stack(0x0000001603400000,0x0000001603500000) (1024K)]
  0x0000019678b621e0 JavaThread "Unconstrained build operations Thread 127"        [_thread_blocked, id=25332, stack(0x0000001603500000,0x0000001603600000) (1024K)]
  0x0000019678b67730 JavaThread "Unconstrained build operations Thread 128"        [_thread_blocked, id=24036, stack(0x0000001603600000,0x0000001603700000) (1024K)]
  0x0000019678b65cf0 JavaThread "Unconstrained build operations Thread 129"        [_thread_blocked, id=13640, stack(0x0000001603700000,0x0000001603800000) (1024K)]
  0x0000019678b670a0 JavaThread "Unconstrained build operations Thread 130"        [_thread_blocked, id=23752, stack(0x0000001603800000,0x0000001603900000) (1024K)]
  0x0000019678b66380 JavaThread "Unconstrained build operations Thread 131"        [_thread_blocked, id=19324, stack(0x0000001603900000,0x0000001603a00000) (1024K)]
  0x0000019678b66a10 JavaThread "Unconstrained build operations Thread 132"        [_thread_blocked, id=21324, stack(0x0000001603a00000,0x0000001603b00000) (1024K)]
  0x0000019678b67dc0 JavaThread "Unconstrained build operations Thread 133"        [_thread_blocked, id=18212, stack(0x0000001603b00000,0x0000001603c00000) (1024K)]
  0x0000019678b68450 JavaThread "Unconstrained build operations Thread 134"        [_thread_blocked, id=18960, stack(0x0000001603c00000,0x0000001603d00000) (1024K)]
  0x000001967a2143d0 JavaThread "Unconstrained build operations Thread 135"        [_thread_blocked, id=28548, stack(0x0000001603e00000,0x0000001603f00000) (1024K)]
  0x000001967a214a60 JavaThread "Unconstrained build operations Thread 136"        [_thread_blocked, id=28148, stack(0x0000001603f00000,0x0000001604000000) (1024K)]
  0x000001967a213020 JavaThread "Unconstrained build operations Thread 137"        [_thread_blocked, id=25556, stack(0x0000001604000000,0x0000001604100000) (1024K)]
  0x000001967a2150f0 JavaThread "Unconstrained build operations Thread 138"        [_thread_blocked, id=28552, stack(0x0000001604100000,0x0000001604200000) (1024K)]
  0x000001967a2136b0 JavaThread "Unconstrained build operations Thread 139"        [_thread_blocked, id=25664, stack(0x0000001604200000,0x0000001604300000) (1024K)]
  0x000001967a215780 JavaThread "Unconstrained build operations Thread 140"        [_thread_blocked, id=27644, stack(0x0000001604300000,0x0000001604400000) (1024K)]
  0x000001967a215e10 JavaThread "Unconstrained build operations Thread 141"        [_thread_blocked, id=28532, stack(0x0000001604400000,0x0000001604500000) (1024K)]
  0x000001967a212990 JavaThread "Unconstrained build operations Thread 142"        [_thread_blocked, id=28456, stack(0x0000001604500000,0x0000001604600000) (1024K)]
  0x000001967a218c00 JavaThread "Unconstrained build operations Thread 143"        [_thread_blocked, id=11824, stack(0x0000001604800000,0x0000001604900000) (1024K)]
  0x000001967a217ee0 JavaThread "Unconstrained build operations Thread 144"        [_thread_blocked, id=28452, stack(0x0000001604900000,0x0000001604a00000) (1024K)]
  0x000001967a2164a0 JavaThread "Unconstrained build operations Thread 145"        [_thread_blocked, id=28536, stack(0x0000001604a00000,0x0000001604b00000) (1024K)]
  0x000001967a219920 JavaThread "Unconstrained build operations Thread 146"        [_thread_blocked, id=27764, stack(0x0000001604b00000,0x0000001604c00000) (1024K)]
  0x000001967a218570 JavaThread "Unconstrained build operations Thread 147"        [_thread_blocked, id=28660, stack(0x0000001604c00000,0x0000001604d00000) (1024K)]
  0x000001967a219fb0 JavaThread "Unconstrained build operations Thread 148"        [_thread_blocked, id=26876, stack(0x0000001604d00000,0x0000001604e00000) (1024K)]
  0x000001967a216b30 JavaThread "Unconstrained build operations Thread 149"        [_thread_blocked, id=28436, stack(0x0000001604e00000,0x0000001604f00000) (1024K)]
  0x000001967a21a640 JavaThread "Unconstrained build operations Thread 150"        [_thread_blocked, id=28544, stack(0x0000001604f00000,0x0000001605000000) (1024K)]
  0x000001967a2171c0 JavaThread "Unconstrained build operations Thread 151"        [_thread_blocked, id=28460, stack(0x0000001605000000,0x0000001605100000) (1024K)]
  0x000001967a21acd0 JavaThread "Unconstrained build operations Thread 152"        [_thread_blocked, id=28448, stack(0x0000001605100000,0x0000001605200000) (1024K)]
  0x000001967a21c080 JavaThread "Unconstrained build operations Thread 153"        [_thread_blocked, id=28464, stack(0x0000001605200000,0x0000001605300000) (1024K)]
  0x000001967a21e150 JavaThread "Unconstrained build operations Thread 154"        [_thread_blocked, id=22296, stack(0x0000001605300000,0x0000001605400000) (1024K)]
  0x000001967a21cda0 JavaThread "Unconstrained build operations Thread 155"        [_thread_blocked, id=7844, stack(0x0000001605400000,0x0000001605500000) (1024K)]
  0x000001967a21dac0 JavaThread "Unconstrained build operations Thread 156"        [_thread_blocked, id=21212, stack(0x0000001605500000,0x0000001605600000) (1024K)]
  0x000001967a21e7e0 JavaThread "Unconstrained build operations Thread 157"        [_thread_blocked, id=20592, stack(0x0000001605600000,0x0000001605700000) (1024K)]
  0x000001967a21b360 JavaThread "Unconstrained build operations Thread 158"        [_thread_blocked, id=10996, stack(0x0000001605700000,0x0000001605800000) (1024K)]
  0x000001967a21ee70 JavaThread "Unconstrained build operations Thread 159"        [_thread_blocked, id=24064, stack(0x0000001605800000,0x0000001605900000) (1024K)]
  0x000001967a21b9f0 JavaThread "Unconstrained build operations Thread 160"        [_thread_blocked, id=24484, stack(0x0000001605900000,0x0000001605a00000) (1024K)]
  0x000001967a21f500 JavaThread "Unconstrained build operations Thread 161"        [_thread_blocked, id=12604, stack(0x0000001605a00000,0x0000001605b00000) (1024K)]
  0x000001967a21fb90 JavaThread "Unconstrained build operations Thread 162"        [_thread_blocked, id=13936, stack(0x0000001605b00000,0x0000001605c00000) (1024K)]
  0x000001967a2208b0 JavaThread "Unconstrained build operations Thread 163"        [_thread_blocked, id=9632, stack(0x0000001605c00000,0x0000001605d00000) (1024K)]
  0x000001967a220f40 JavaThread "Unconstrained build operations Thread 164"        [_thread_blocked, id=26976, stack(0x0000001605d00000,0x0000001605e00000) (1024K)]
  0x000001967a2215d0 JavaThread "Unconstrained build operations Thread 165"        [_thread_blocked, id=14180, stack(0x0000001605e00000,0x0000001605f00000) (1024K)]
  0x000001967a221c60 JavaThread "Unconstrained build operations Thread 166"        [_thread_blocked, id=1192, stack(0x0000001605f00000,0x0000001606000000) (1024K)]
  0x0000019675f1fd50 JavaThread "Unconstrained build operations Thread 167"        [_thread_blocked, id=14112, stack(0x0000001606000000,0x0000001606100000) (1024K)]
  0x0000019675f203e0 JavaThread "Unconstrained build operations Thread 168"        [_thread_blocked, id=22608, stack(0x0000001606100000,0x0000001606200000) (1024K)]
  0x0000019675f20a70 JavaThread "Unconstrained build operations Thread 169"        [_thread_blocked, id=12080, stack(0x0000001606200000,0x0000001606300000) (1024K)]
  0x0000019675f21100 JavaThread "Unconstrained build operations Thread 170"        [_thread_blocked, id=6696, stack(0x0000001606300000,0x0000001606400000) (1024K)]
  0x0000019675f21790 JavaThread "Unconstrained build operations Thread 171"        [_thread_blocked, id=11124, stack(0x0000001606400000,0x0000001606500000) (1024K)]
  0x0000019675f21e20 JavaThread "Unconstrained build operations Thread 172"        [_thread_blocked, id=12932, stack(0x0000001606500000,0x0000001606600000) (1024K)]
  0x0000019675f1e9a0 JavaThread "Unconstrained build operations Thread 173"        [_thread_blocked, id=24416, stack(0x0000001606600000,0x0000001606700000) (1024K)]
  0x0000019675f1f6c0 JavaThread "Unconstrained build operations Thread 174"        [_thread_blocked, id=20092, stack(0x0000001606700000,0x0000001606800000) (1024K)]
  0x0000019675f224b0 JavaThread "Unconstrained build operations Thread 175"        [_thread_blocked, id=18624, stack(0x0000001606800000,0x0000001606900000) (1024K)]
  0x0000019675f1f030 JavaThread "Unconstrained build operations Thread 176"        [_thread_blocked, id=22836, stack(0x0000001606900000,0x0000001606a00000) (1024K)]
  0x0000019675f22b40 JavaThread "Unconstrained build operations Thread 177"        [_thread_blocked, id=12736, stack(0x0000001606a00000,0x0000001606b00000) (1024K)]
  0x0000019675f231d0 JavaThread "Unconstrained build operations Thread 178"        [_thread_blocked, id=22288, stack(0x0000001606b00000,0x0000001606c00000) (1024K)]
  0x0000019675f23860 JavaThread "Unconstrained build operations Thread 179"        [_thread_blocked, id=27700, stack(0x0000001606c00000,0x0000001606d00000) (1024K)]
  0x0000019675f06d00 JavaThread "Unconstrained build operations Thread 180"        [_thread_blocked, id=10988, stack(0x0000001606d00000,0x0000001606e00000) (1024K)]
  0x0000019675f052c0 JavaThread "Unconstrained build operations Thread 181"        [_thread_blocked, id=23332, stack(0x0000001606e00000,0x0000001606f00000) (1024K)]
  0x0000019675f05950 JavaThread "Unconstrained build operations Thread 182"        [_thread_blocked, id=19868, stack(0x0000001606f00000,0x0000001607000000) (1024K)]
  0x0000019675f05fe0 JavaThread "Unconstrained build operations Thread 183"        [_thread_blocked, id=6800, stack(0x0000001607000000,0x0000001607100000) (1024K)]
  0x0000019675f06670 JavaThread "Unconstrained build operations Thread 184"        [_thread_blocked, id=26336, stack(0x0000001607100000,0x0000001607200000) (1024K)]
  0x0000019675f045a0 JavaThread "Unconstrained build operations Thread 185"        [_thread_blocked, id=24308, stack(0x0000001607200000,0x0000001607300000) (1024K)]
  0x0000019675f07390 JavaThread "Unconstrained build operations Thread 186"        [_thread_blocked, id=27384, stack(0x0000001607300000,0x0000001607400000) (1024K)]
  0x0000019675f04c30 JavaThread "Unconstrained build operations Thread 187"        [_thread_blocked, id=27944, stack(0x0000001607400000,0x0000001607500000) (1024K)]
  0x0000019675f08dd0 JavaThread "Unconstrained build operations Thread 188"        [_thread_blocked, id=23284, stack(0x0000001607500000,0x0000001607600000) (1024K)]
  0x0000019675f09af0 JavaThread "Unconstrained build operations Thread 189"        [_thread_blocked, id=23200, stack(0x0000001607600000,0x0000001607700000) (1024K)]
  0x0000019675f0a810 JavaThread "Unconstrained build operations Thread 190"        [_thread_blocked, id=22740, stack(0x0000001607700000,0x0000001607800000) (1024K)]
  0x0000019675f09460 JavaThread "Unconstrained build operations Thread 191"        [_thread_blocked, id=1536, stack(0x0000001607800000,0x0000001607900000) (1024K)]
  0x0000019675f07a20 JavaThread "Unconstrained build operations Thread 192"        [_thread_blocked, id=3196, stack(0x0000001607900000,0x0000001607a00000) (1024K)]
  0x0000019675f080b0 JavaThread "Unconstrained build operations Thread 193"        [_thread_blocked, id=18092, stack(0x0000001607a00000,0x0000001607b00000) (1024K)]
  0x0000019675f0aea0 JavaThread "Unconstrained build operations Thread 194"        [_thread_blocked, id=6712, stack(0x0000001607b00000,0x0000001607c00000) (1024K)]
  0x0000019675f0a180 JavaThread "Unconstrained build operations Thread 195"        [_thread_blocked, id=27532, stack(0x0000001607c00000,0x0000001607d00000) (1024K)]
  0x0000019675f0bbc0 JavaThread "Unconstrained build operations Thread 196"        [_thread_blocked, id=27524, stack(0x0000001607d00000,0x0000001607e00000) (1024K)]
  0x0000019675f0b530 JavaThread "Unconstrained build operations Thread 197"        [_thread_blocked, id=27408, stack(0x0000001607e00000,0x0000001607f00000) (1024K)]
  0x0000019675f08740 JavaThread "Unconstrained build operations Thread 198"        [_thread_blocked, id=26464, stack(0x0000001607f00000,0x0000001608000000) (1024K)]
  0x0000019675f0c8e0 JavaThread "Unconstrained build operations Thread 199"        [_thread_blocked, id=27436, stack(0x0000001608000000,0x0000001608100000) (1024K)]
  0x0000019675f0c250 JavaThread "Unconstrained build operations Thread 200"        [_thread_blocked, id=8976, stack(0x0000001608100000,0x0000001608200000) (1024K)]
  0x0000019675f0f6d0 JavaThread "jar transforms Thread 2"           [_thread_blocked, id=22452, stack(0x0000001608200000,0x0000001608300000) (1024K)]
  0x0000019675f0d600 JavaThread "Cache worker for Build Output Cleanup Cache (C:\Users\Namrata Pundhir\Ruvo\RuvoMobile\node_modules\expo-modules-core\expo-module-gradle-plugin\.gradle\buildOutputCleanup)"        [_thread_blocked, id=13796, stack(0x0000001601b00000,0x0000001601c00000) (1024K)]
  0x0000019675f11110 JavaThread "build event listener"              [_thread_blocked, id=25084, stack(0x0000001608800000,0x0000001608900000) (1024K)]
  0x0000019675f117a0 JavaThread "jar transforms Thread 3"           [_thread_blocked, id=18444, stack(0x0000001608900000,0x0000001608a00000) (1024K)]
  0x0000019675f124c0 JavaThread "Cache worker for execution history cache (C:\Users\Namrata Pundhir\Ruvo\RuvoMobile\node_modules\expo-modules-core\expo-module-gradle-plugin\.gradle\9.3.1\executionHistory)"        [_thread_blocked, id=2672, stack(0x0000001608b00000,0x0000001608c00000) (1024K)]
  0x0000019675f13f00 JavaThread "jar transforms Thread 4"           [_thread_blocked, id=27416, stack(0x0000001608d00000,0x0000001608e00000) (1024K)]
  0x0000019675f180a0 JavaThread "jar transforms Thread 5"           [_thread_blocked, id=24856, stack(0x0000001608e00000,0x0000001608f00000) (1024K)]
  0x0000019675f14c20 JavaThread "jar transforms Thread 6"           [_thread_blocked, id=18308, stack(0x0000001608f00000,0x0000001609000000) (1024K)]
  0x0000019675f18dc0 JavaThread "build event listener"              [_thread_blocked, id=14216, stack(0x0000001601c00000,0x0000001601d00000) (1024K)]
  0x0000019675ae5e40 JavaThread "jar transforms Thread 7"           [_thread_blocked, id=27288, stack(0x0000001608400000,0x0000001608500000) (1024K)]
  0x0000019675ae6b60 JavaThread "jar transforms Thread 8"           [_thread_blocked, id=27476, stack(0x0000001608700000,0x0000001608800000) (1024K)]
  0x0000019675ae71f0 JavaThread "jar transforms Thread 9"           [_thread_blocked, id=27280, stack(0x0000001608c00000,0x0000001608d00000) (1024K)]
  0x0000019675ae9950 JavaThread "jar transforms Thread 10"          [_thread_blocked, id=23372, stack(0x0000001609000000,0x0000001609100000) (1024K)]
  0x0000019675aead00 JavaThread "jar transforms Thread 11"          [_thread_blocked, id=22916, stack(0x0000001609100000,0x0000001609200000) (1024K)]
  0x0000019675ae8c30 JavaThread "jar transforms Thread 12"          [_thread_blocked, id=20292, stack(0x0000001609200000,0x0000001609300000) (1024K)]
  0x0000019675aeb390 JavaThread "jar transforms Thread 13"          [_thread_blocked, id=23236, stack(0x0000001609300000,0x0000001609400000) (1024K)]
  0x0000019675ae9fe0 JavaThread "jar transforms Thread 14"          [_thread_blocked, id=15772, stack(0x0000001609400000,0x0000001609500000) (1024K)]
  0x0000019675aeba20 JavaThread "jar transforms Thread 15"          [_thread_blocked, id=26784, stack(0x0000001608300000,0x0000001608400000) (1024K)]
  0x0000019675aed460 JavaThread "jar transforms Thread 16"          [_thread_blocked, id=26424, stack(0x0000001609500000,0x0000001609600000) (1024K)]
  0x0000019675aecdd0 JavaThread "jar transforms Thread 17"          [_thread_blocked, id=25880, stack(0x0000001609700000,0x0000001609800000) (1024K)]
  0x0000019675af29b0 JavaThread "jar transforms Thread 18"          [_thread_blocked, id=23852, stack(0x0000001609800000,0x0000001609900000) (1024K)]
  0x0000019675aef530 JavaThread "jar transforms Thread 19"          [_thread_blocked, id=23264, stack(0x0000001609900000,0x0000001609a00000) (1024K)]
  0x0000019675af1c90 JavaThread "jar transforms Thread 20"          [_thread_blocked, id=20004, stack(0x0000001609b00000,0x0000001609c00000) (1024K)]
  0x0000019675f1e310 JavaThread "Cache worker for execution history cache (C:\Users\Namrata Pundhir\Ruvo\RuvoMobile\android\.gradle\9.3.1\executionHistory)"        [_thread_blocked, id=22884, stack(0x000000160a200000,0x000000160a300000) (1024K)]
  0x0000019675f18730 JavaThread "Cache worker for Java compile cache (D:\Gradle\caches\9.3.1\javaCompile)"        [_thread_blocked, id=21632, stack(0x000000160a300000,0x000000160a400000) (1024K)]
  0x0000019675f1dc80 JavaThread "WorkerExecutor Queue"              [_thread_in_native, id=14512, stack(0x000000160a100000,0x000000160a200000) (1024K)]
  0x000001967414ad70 JavaThread "Exec process Thread 4"             [_thread_in_native, id=16596, stack(0x000000160a600000,0x000000160a700000) (1024K)]
  0x000001967b2d81a0 JavaThread "WorkerExecutor Queue Thread 2"        [_thread_blocked, id=27652, stack(0x000000160a500000,0x000000160a600000) (1024K)]
  0x0000019675390b70 JavaThread "WorkerExecutor Queue Thread 3"        [_thread_blocked, id=28664, stack(0x000000160a700000,0x000000160a800000) (1024K)]
  0x00000196780c6270 JavaThread "WorkerExecutor Queue Thread 4"        [_thread_blocked, id=26840, stack(0x000000160a800000,0x000000160a900000) (1024K)]
  0x00000196045dc9a0 JavaThread "Exec process Thread 5"             [_thread_blocked, id=10836, stack(0x000000160aa00000,0x000000160ab00000) (1024K)]
  0x00000196045ddd50 JavaThread "Exec process Thread 6"             [_thread_blocked, id=1468, stack(0x000000160b100000,0x000000160b200000) (1024K)]
  0x00000196045dd6c0 JavaThread "RMI Scheduler(0)"           daemon [_thread_blocked, id=4664, stack(0x000000160b200000,0x000000160b300000) (1024K)]
  0x00000196045dc310 JavaThread "RMI RenewClean-[127.0.0.1:17156,org.jetbrains.kotlin.daemon.common.LoopbackNetworkInterface$ClientLoopbackSocketFactory@23662108]" daemon [_thread_blocked, id=28380, stack(0x000000160b300000,0x000000160b400000) (1024K)]
  0x00000196045dd030 JavaThread "RMI GC Daemon"              daemon [_thread_blocked, id=25504, stack(0x000000160b400000,0x000000160b500000) (1024K)]
  0x00000196045de3e0 JavaThread "WorkerExecutor Queue Thread 5"        [_thread_blocked, id=7216, stack(0x000000160b500000,0x000000160b600000) (1024K)]
  0x00000196045daf60 JavaThread "RMI TCP Accept-0"           daemon [_thread_in_native, id=26296, stack(0x000000160b600000,0x000000160b700000) (1024K)]
  0x00000196045e0b40 JavaThread "RMI Reaper"                        [_thread_blocked, id=27376, stack(0x000000160b700000,0x000000160b800000) (1024K)]
  0x00000196045dfe20 JavaThread "Exec process Thread 7"             [_thread_blocked, id=10728, stack(0x000000160b800000,0x000000160b900000) (1024K)]
  0x00000196045e11d0 JavaThread "Exec process Thread 8"             [_thread_in_native, id=28564, stack(0x000000160ba00000,0x000000160bb00000) (1024K)]
  0x00000196045e1860 JavaThread "Exec process Thread 9"             [_thread_in_native, id=26144, stack(0x000000160bb00000,0x000000160bc00000) (1024K)]
  0x00000196045df100 JavaThread "Build operations"                  [_thread_blocked, id=24968, stack(0x0000001603d00000,0x0000001603e00000) (1024K)]
  0x00000196045dea70 JavaThread "Build operations Thread 2"         [_thread_blocked, id=28204, stack(0x0000001608500000,0x0000001608600000) (1024K)]
  0x00000196045e3fc0 JavaThread "Build operations Thread 3"         [_thread_blocked, id=26400, stack(0x0000001608600000,0x0000001608700000) (1024K)]
  0x00000196045e5a00 JavaThread "Build operations Thread 4"         [_thread_blocked, id=26252, stack(0x0000001609600000,0x0000001609700000) (1024K)]
  0x00000196045e4650 JavaThread "Build operations Thread 5"         [_thread_blocked, id=16644, stack(0x0000001609d00000,0x0000001609e00000) (1024K)]
  0x00000196045e5370 JavaThread "Build operations Thread 6"         [_thread_blocked, id=19548, stack(0x0000001609e00000,0x0000001609f00000) (1024K)]
  0x00000196045e2580 JavaThread "Build operations Thread 7"         [_thread_blocked, id=16488, stack(0x000000160ae00000,0x000000160af00000) (1024K)]
  0x00000196045e6090 JavaThread "Build operations Thread 8"         [_thread_blocked, id=22132, stack(0x000000160af00000,0x000000160b000000) (1024K)]
  0x00000196045e4ce0 JavaThread "Build operations Thread 9"         [_thread_blocked, id=27940, stack(0x000000160b000000,0x000000160b100000) (1024K)]
  0x00000196045e2c10 JavaThread "Build operations Thread 10"        [_thread_blocked, id=21208, stack(0x000000160bc00000,0x000000160bd00000) (1024K)]
  0x00000196045e6720 JavaThread "Build operations Thread 11"        [_thread_blocked, id=12636, stack(0x000000160bd00000,0x000000160be00000) (1024K)]
  0x00000196045e32a0 JavaThread "Build operations Thread 12"        [_thread_blocked, id=15704, stack(0x000000160be00000,0x000000160bf00000) (1024K)]
  0x00000196045e6db0 JavaThread "Build operations Thread 13"        [_thread_blocked, id=13988, stack(0x000000160bf00000,0x000000160c000000) (1024K)]
  0x00000196045e3930 JavaThread "Build operations Thread 14"        [_thread_blocked, id=11032, stack(0x000000160c000000,0x000000160c100000) (1024K)]
  0x00000196045e7440 JavaThread "Build operations Thread 15"        [_thread_blocked, id=27004, stack(0x000000160c100000,0x000000160c200000) (1024K)]
  0x0000019679323ff0 JavaThread "Build operations Thread 16"        [_thread_blocked, id=26444, stack(0x000000160c200000,0x000000160c300000) (1024K)]
  0x0000019679324680 JavaThread "Build operations Thread 17"        [_thread_blocked, id=22640, stack(0x000000160c300000,0x000000160c400000) (1024K)]
  0x0000019679324d10 JavaThread "Build operations Thread 18"        [_thread_blocked, id=22588, stack(0x000000160c400000,0x000000160c500000) (1024K)]
  0x00000196793253a0 JavaThread "Build operations Thread 19"        [_thread_blocked, id=6124, stack(0x000000160c500000,0x000000160c600000) (1024K)]
  0x0000019679326de0 JavaThread "WorkerExecutor Queue Thread 6"        [_thread_blocked, id=24452, stack(0x0000001609f00000,0x000000160a000000) (1024K)]
  0x0000019679327470 JavaThread "WorkerExecutor Queue Thread 7"        [_thread_blocked, id=16868, stack(0x000000160a400000,0x000000160a500000) (1024K)]
  0x0000019679327b00 JavaThread "WorkerExecutor Queue Thread 8"        [_thread_blocked, id=24108, stack(0x000000160cb00000,0x000000160cc00000) (1024K)]
  0x000001967930a280 JavaThread "WorkerExecutor Queue Thread 9"        [_thread_blocked, id=24612, stack(0x0000001600100000,0x0000001600200000) (1024K)]
  0x0000019679310b80 JavaThread "WorkerExecutor Queue Thread 10"        [_thread_blocked, id=13680, stack(0x0000001602800000,0x0000001602900000) (1024K)]
  0x0000019679690270 JavaThread "C2 CompilerThread1"         daemon [_thread_blocked, id=24020, stack(0x0000001608a00000,0x0000001608b00000) (1024K)]
  0x000001967968ee00 JavaThread "C2 CompilerThread2"         daemon [_thread_in_native, id=22380, stack(0x000000160a000000,0x000000160a100000) (1024K)]
  0x0000019679688100 JavaThread "C1 CompilerThread1"         daemon [_thread_blocked, id=17580, stack(0x0000001600000000,0x0000001600100000) (1024K)]
=>0x00000196796887d0 JavaThread "C2 CompilerThread3"         daemon [_thread_in_native, id=20620, stack(0x0000001600200000,0x0000001600300000) (1024K)]
Total: 333

Other Threads:
  0x0000019652738bd0 VMThread "VM Thread"                           [id=27708, stack(0x0000001674e00000,0x0000001674f00000) (1024K)]
  0x00000196530ea0b0 WatcherThread "VM Periodic Task Thread"        [id=25276, stack(0x0000001674d00000,0x0000001674e00000) (1024K)]
  0x0000019635295ae0 WorkerThread "GC Thread#0"                     [id=13000, stack(0x0000001674800000,0x0000001674900000) (1024K)]
  0x0000019673033510 WorkerThread "GC Thread#1"                     [id=23844, stack(0x0000001676000000,0x0000001676100000) (1024K)]
  0x0000019673012470 WorkerThread "GC Thread#2"                     [id=3776, stack(0x0000001676100000,0x0000001676200000) (1024K)]
  0x000001967307e430 WorkerThread "GC Thread#3"                     [id=27020, stack(0x0000001676200000,0x0000001676300000) (1024K)]
  0x0000019673012820 WorkerThread "GC Thread#4"                     [id=23832, stack(0x0000001676300000,0x0000001676400000) (1024K)]
  0x0000019673012bd0 WorkerThread "GC Thread#5"                     [id=21844, stack(0x0000001676400000,0x0000001676500000) (1024K)]
  0x00000196753a45e0 WorkerThread "GC Thread#6"                     [id=20584, stack(0x0000001677000000,0x0000001677100000) (1024K)]
  0x00000196753a3720 WorkerThread "GC Thread#7"                     [id=14856, stack(0x0000001677100000,0x0000001677200000) (1024K)]
  0x00000196753a3ad0 WorkerThread "GC Thread#8"                     [id=11612, stack(0x0000001677200000,0x0000001677300000) (1024K)]
  0x00000196753a3e80 WorkerThread "GC Thread#9"                     [id=17592, stack(0x0000001677300000,0x0000001677400000) (1024K)]
  0x00000196753a4230 WorkerThread "GC Thread#10"                    [id=552, stack(0x0000001677400000,0x0000001677500000) (1024K)]
  0x00000196753a4990 WorkerThread "GC Thread#11"                    [id=26012, stack(0x0000001677500000,0x0000001677600000) (1024K)]
  0x00000196753a4d40 WorkerThread "GC Thread#12"                    [id=13616, stack(0x0000001677600000,0x0000001677700000) (1024K)]
  0x00000196753a3370 WorkerThread "GC Thread#13"                    [id=12868, stack(0x0000001677700000,0x0000001677800000) (1024K)]
  0x0000019676924c60 WorkerThread "GC Thread#14"                    [id=24292, stack(0x0000001677800000,0x0000001677900000) (1024K)]
  0x00000196352abe50 ConcurrentGCThread "G1 Main Marker"            [id=19848, stack(0x0000001674900000,0x0000001674a00000) (1024K)]
  0x00000196352ac870 WorkerThread "G1 Conc#0"                       [id=2212, stack(0x0000001674a00000,0x0000001674b00000) (1024K)]
  0x0000019676923640 WorkerThread "G1 Conc#1"                       [id=28608, stack(0x0000001677900000,0x0000001677a00000) (1024K)]
  0x00000196769239f0 WorkerThread "G1 Conc#2"                       [id=25888, stack(0x0000001677a00000,0x0000001677b00000) (1024K)]
  0x0000019676926d90 WorkerThread "G1 Conc#3"                       [id=16340, stack(0x0000001677b00000,0x0000001677c00000) (1024K)]
  0x00000196526d0aa0 ConcurrentGCThread "G1 Refine#0"               [id=28028, stack(0x0000001674b00000,0x0000001674c00000) (1024K)]
  0x00000196526d23e0 ConcurrentGCThread "G1 Service"                [id=26084, stack(0x0000001674c00000,0x0000001674d00000) (1024K)]
Total: 24

Threads with active compile tasks:
C2 CompilerThread2  132100 40175       4       com.android.tools.r8.internal.Lu0::a (736 bytes)
C2 CompilerThread3  132100 40121   !   4       com.android.tools.r8.dex.L::c (364 bytes)
Total: 2

VM state: at safepoint (normal execution)

VM Mutex/Monitor currently owned by a thread:  ([mutex/lock_event])
[0x00007ffb1e793910] Threads_lock - owner thread: 0x0000019652738bd0
[0x00007ffb1e793a10] Heap_lock - owner thread: 0x00000196352abe50

Heap address: 0x0000000080000000, size: 2048 MB, Compressed Oops mode: 32-bit

CDS archive(s) mapped at: [0x0000019654000000-0x0000019654d70000-0x0000019654d70000), size 14090240, SharedBaseAddress: 0x0000019654000000, ArchiveRelocationMode: 1.
Compressed class space mapped at: 0x0000019655000000-0x000001966f000000, reserved size: 436207616
Narrow klass base: 0x0000019654000000, Narrow klass shift: 0, Narrow klass range: 0x1b000000

GC Precious Log:
 CardTable entry size: 512
 Card Set container configuration: InlinePtr #cards 5 size 8 Array Of Cards #cards 10 size 36 Howl #buckets 4 coarsen threshold 1843 Howl Bitmap #cards 512 size 80 coarsen threshold 460 Card regions per heap region 1 cards per card region 2048
 CPUs: 20 total, 20 available
 Memory: 16069M
 Large Page Support: Disabled
 NUMA Support: Disabled
 Compressed Oops: Enabled (32-bit)
 Heap Region Size: 1M
 Heap Min Capacity: 8M
 Heap Initial Capacity: 252M
 Heap Max Capacity: 2G
 Pre-touch: Disabled
 Parallel Workers: 15
 Concurrent Workers: 4
 Concurrent Refinement Workers: 15
 Periodic GC: Disabled

Heap:
 garbage-first heap   total reserved 2097152K, committed 1327104K, used 783205K [0x0000000080000000, 0x0000000100000000)
  region size 1024K, 285 young (291840K), 66 survivors (67584K)
 Metaspace       used 167337K, committed 170816K, reserved 622592K
  class space    used 23562K, committed 25216K, reserved 425984K

Heap Regions: E=young(eden), S=young(survivor), O=old, HS=humongous(starts), HC=humongous(continues), CS=collection set, F=free, TAMS=top-at-mark-start, PB=parsable bottom
|   0|0x0000000080000000, 0x0000000080100000, 0x0000000080100000|100%|HS|  |TAMS 0x0000000080100000| PB 0x0000000080000000| Complete |  0
|   1|0x0000000080100000, 0x0000000080200000, 0x0000000080200000|100%|HC|  |TAMS 0x0000000080200000| PB 0x0000000080100000| Complete |  0
|   2|0x0000000080200000, 0x0000000080300000, 0x0000000080300000|100%|HC|  |TAMS 0x0000000080300000| PB 0x0000000080200000| Complete |  0
|   3|0x0000000080300000, 0x0000000080400000, 0x0000000080400000|100%|HC|  |TAMS 0x0000000080400000| PB 0x0000000080300000| Complete |  0
|   4|0x0000000080400000, 0x0000000080500000, 0x0000000080500000|100%| O|  |TAMS 0x0000000080500000| PB 0x0000000080400000| Untracked |  0
|   5|0x0000000080500000, 0x0000000080600000, 0x0000000080600000|100%| O|  |TAMS 0x0000000080600000| PB 0x0000000080500000| Untracked |  0
|   6|0x0000000080600000, 0x0000000080700000, 0x0000000080700000|100%| O|  |TAMS 0x0000000080700000| PB 0x0000000080600000| Untracked |  0
|   7|0x0000000080700000, 0x0000000080800000, 0x0000000080800000|100%| O|  |TAMS 0x0000000080800000| PB 0x0000000080700000| Untracked |  0
|   8|0x0000000080800000, 0x0000000080900000, 0x0000000080900000|100%| O|  |TAMS 0x0000000080900000| PB 0x0000000080800000| Untracked |  0
|   9|0x0000000080900000, 0x0000000080a00000, 0x0000000080a00000|100%| O|  |TAMS 0x0000000080a00000| PB 0x0000000080900000| Untracked |  0
|  10|0x0000000080a00000, 0x0000000080b00000, 0x0000000080b00000|100%| O|  |TAMS 0x0000000080b00000| PB 0x0000000080a00000| Untracked |  0
|  11|0x0000000080b00000, 0x0000000080c00000, 0x0000000080c00000|100%| O|  |TAMS 0x0000000080c00000| PB 0x0000000080b00000| Untracked |  0
|  12|0x0000000080c00000, 0x0000000080d00000, 0x0000000080d00000|100%|HS|  |TAMS 0x0000000080d00000| PB 0x0000000080c00000| Complete |  0
|  13|0x0000000080d00000, 0x0000000080e00000, 0x0000000080e00000|100%| O|  |TAMS 0x0000000080e00000| PB 0x0000000080d00000| Untracked |  0
|  14|0x0000000080e00000, 0x0000000080f00000, 0x0000000080f00000|100%| O|  |TAMS 0x0000000080f00000| PB 0x0000000080e00000| Untracked |  0
|  15|0x0000000080f00000, 0x0000000081000000, 0x0000000081000000|100%| O|  |TAMS 0x0000000081000000| PB 0x0000000080f00000| Untracked |  0
|  16|0x0000000081000000, 0x0000000081100000, 0x0000000081100000|100%| O|  |TAMS 0x0000000081100000| PB 0x0000000081000000| Untracked |  0
|  17|0x0000000081100000, 0x0000000081200000, 0x0000000081200000|100%| O|  |TAMS 0x0000000081200000| PB 0x0000000081100000| Untracked |  0
|  18|0x0000000081200000, 0x0000000081300000, 0x0000000081300000|100%| O|  |TAMS 0x0000000081300000| PB 0x0000000081300000| Untracked |  0
|  19|0x0000000081300000, 0x0000000081400000, 0x0000000081400000|100%| O|  |TAMS 0x0000000081400000| PB 0x0000000081400000| Untracked |  0
|  20|0x0000000081400000, 0x0000000081500000, 0x0000000081500000|100%| O|  |TAMS 0x0000000081500000| PB 0x0000000081500000| Untracked |  0
|  21|0x0000000081500000, 0x0000000081600000, 0x0000000081600000|100%| O|  |TAMS 0x0000000081600000| PB 0x0000000081600000| Untracked |  0
|  22|0x0000000081600000, 0x0000000081700000, 0x0000000081700000|100%| O|  |TAMS 0x0000000081700000| PB 0x0000000081700000| Untracked |  0
|  23|0x0000000081700000, 0x0000000081800000, 0x0000000081800000|100%| O|  |TAMS 0x0000000081800000| PB 0x0000000081800000| Untracked |  0
|  24|0x0000000081800000, 0x0000000081900000, 0x0000000081900000|100%| O|  |TAMS 0x0000000081900000| PB 0x0000000081900000| Untracked |  0
|  25|0x0000000081900000, 0x0000000081a00000, 0x0000000081a00000|100%| O|  |TAMS 0x0000000081a00000| PB 0x0000000081a00000| Untracked |  0
|  26|0x0000000081a00000, 0x0000000081b00000, 0x0000000081b00000|100%| O|  |TAMS 0x0000000081b00000| PB 0x0000000081b00000| Untracked |  0
|  27|0x0000000081b00000, 0x0000000081c00000, 0x0000000081c00000|100%| O|  |TAMS 0x0000000081c00000| PB 0x0000000081c00000| Untracked |  0
|  28|0x0000000081c00000, 0x0000000081d00000, 0x0000000081d00000|100%| O|  |TAMS 0x0000000081d00000| PB 0x0000000081d00000| Untracked |  0
|  29|0x0000000081d00000, 0x0000000081e00000, 0x0000000081e00000|100%| O|  |TAMS 0x0000000081e00000| PB 0x0000000081e00000| Untracked |  0
|  30|0x0000000081e00000, 0x0000000081f00000, 0x0000000081f00000|100%| O|  |TAMS 0x0000000081f00000| PB 0x0000000081f00000| Untracked |  0
|  31|0x0000000081f00000, 0x0000000082000000, 0x0000000082000000|100%| O|  |TAMS 0x0000000082000000| PB 0x0000000082000000| Untracked |  0
|  32|0x0000000082000000, 0x0000000082100000, 0x0000000082100000|100%| O|  |TAMS 0x0000000082100000| PB 0x0000000082100000| Untracked |  0
|  33|0x0000000082100000, 0x0000000082200000, 0x0000000082200000|100%| O|  |TAMS 0x0000000082200000| PB 0x0000000082200000| Untracked |  0
|  34|0x0000000082200000, 0x0000000082300000, 0x0000000082300000|100%| O|  |TAMS 0x0000000082300000| PB 0x0000000082300000| Untracked |  0
|  35|0x0000000082300000, 0x0000000082400000, 0x0000000082400000|100%| O|  |TAMS 0x0000000082400000| PB 0x0000000082400000| Untracked |  0
|  36|0x0000000082400000, 0x0000000082500000, 0x0000000082500000|100%| O|  |TAMS 0x0000000082500000| PB 0x0000000082500000| Untracked |  0
|  37|0x0000000082500000, 0x0000000082600000, 0x0000000082600000|100%| O|  |TAMS 0x0000000082600000| PB 0x0000000082600000| Untracked |  0
|  38|0x0000000082600000, 0x0000000082700000, 0x0000000082700000|100%| O|  |TAMS 0x0000000082700000| PB 0x0000000082700000| Untracked |  0
|  39|0x0000000082700000, 0x0000000082800000, 0x0000000082800000|100%| O|  |TAMS 0x0000000082800000| PB 0x0000000082800000| Untracked |  0
|  40|0x0000000082800000, 0x0000000082900000, 0x0000000082900000|100%| O|  |TAMS 0x0000000082900000| PB 0x0000000082900000| Untracked |  0
|  41|0x0000000082900000, 0x0000000082a00000, 0x0000000082a00000|100%| O|  |TAMS 0x0000000082a00000| PB 0x0000000082a00000| Untracked |  0
|  42|0x0000000082a00000, 0x0000000082b00000, 0x0000000082b00000|100%| O|  |TAMS 0x0000000082b00000| PB 0x0000000082b00000| Untracked |  0
|  43|0x0000000082b00000, 0x0000000082c00000, 0x0000000082c00000|100%|HS|  |TAMS 0x0000000082c00000| PB 0x0000000082b00000| Complete |  0
|  44|0x0000000082c00000, 0x0000000082d00000, 0x0000000082d00000|100%|HC|  |TAMS 0x0000000082d00000| PB 0x0000000082c00000| Complete |  0
|  45|0x0000000082d00000, 0x0000000082e00000, 0x0000000082e00000|100%|HC|  |TAMS 0x0000000082e00000| PB 0x0000000082d00000| Complete |  0
|  46|0x0000000082e00000, 0x0000000082f00000, 0x0000000082f00000|100%| O|  |TAMS 0x0000000082f00000| PB 0x0000000082f00000| Untracked |  0
|  47|0x0000000082f00000, 0x0000000083000000, 0x0000000083000000|100%| O|  |TAMS 0x0000000083000000| PB 0x0000000083000000| Untracked |  0
|  48|0x0000000083000000, 0x0000000083100000, 0x0000000083100000|100%| O|  |TAMS 0x0000000083100000| PB 0x0000000083100000| Untracked |  0
|  49|0x0000000083100000, 0x0000000083200000, 0x0000000083200000|100%|HS|  |TAMS 0x0000000083200000| PB 0x0000000083100000| Complete |  0
|  50|0x0000000083200000, 0x0000000083300000, 0x0000000083300000|100%|HC|  |TAMS 0x0000000083300000| PB 0x0000000083200000| Complete |  0
|  51|0x0000000083300000, 0x0000000083400000, 0x0000000083400000|100%|HC|  |TAMS 0x0000000083400000| PB 0x0000000083300000| Complete |  0
|  52|0x0000000083400000, 0x0000000083500000, 0x0000000083500000|100%| O|  |TAMS 0x0000000083500000| PB 0x0000000083500000| Untracked |  0
|  53|0x0000000083500000, 0x0000000083600000, 0x0000000083600000|100%| O|  |TAMS 0x0000000083600000| PB 0x0000000083600000| Untracked |  0
|  54|0x0000000083600000, 0x0000000083700000, 0x0000000083700000|100%| O|  |TAMS 0x0000000083700000| PB 0x0000000083700000| Untracked |  0
|  55|0x0000000083700000, 0x0000000083800000, 0x0000000083800000|100%| O|  |TAMS 0x0000000083800000| PB 0x0000000083800000| Untracked |  0
|  56|0x0000000083800000, 0x0000000083900000, 0x0000000083900000|100%| O|  |TAMS 0x0000000083900000| PB 0x0000000083900000| Untracked |  0
|  57|0x0000000083900000, 0x0000000083a00000, 0x0000000083a00000|100%| O|  |TAMS 0x0000000083a00000| PB 0x0000000083a00000| Untracked |  0
|  58|0x0000000083a00000, 0x0000000083b00000, 0x0000000083b00000|100%| O|  |TAMS 0x0000000083b00000| PB 0x0000000083b00000| Untracked |  0
|  59|0x0000000083b00000, 0x0000000083c00000, 0x0000000083c00000|100%| O|  |TAMS 0x0000000083c00000| PB 0x0000000083c00000| Untracked |  0
|  60|0x0000000083c00000, 0x0000000083d00000, 0x0000000083d00000|100%| O|  |TAMS 0x0000000083d00000| PB 0x0000000083d00000| Untracked |  0
|  61|0x0000000083d00000, 0x0000000083e00000, 0x0000000083e00000|100%| O|  |TAMS 0x0000000083e00000| PB 0x0000000083e00000| Untracked |  0
|  62|0x0000000083e00000, 0x0000000083f00000, 0x0000000083f00000|100%| O|Cm|TAMS 0x0000000083f00000| PB 0x0000000083f00000| Updating |  0
|  63|0x0000000083f00000, 0x0000000084000000, 0x0000000084000000|100%| O|  |TAMS 0x0000000084000000| PB 0x0000000084000000| Untracked |  0
|  64|0x0000000084000000, 0x0000000084100000, 0x0000000084100000|100%| O|  |TAMS 0x0000000084100000| PB 0x0000000084100000| Untracked |  0
|  65|0x0000000084100000, 0x0000000084200000, 0x0000000084200000|100%| O|  |TAMS 0x0000000084200000| PB 0x0000000084200000| Untracked |  0
|  66|0x0000000084200000, 0x0000000084300000, 0x0000000084300000|100%| O|  |TAMS 0x0000000084300000| PB 0x0000000084300000| Untracked |  0
|  67|0x0000000084300000, 0x0000000084400000, 0x0000000084400000|100%| O|  |TAMS 0x0000000084400000| PB 0x0000000084400000| Untracked |  0
|  68|0x0000000084400000, 0x0000000084500000, 0x0000000084500000|100%| O|  |TAMS 0x0000000084500000| PB 0x0000000084500000| Untracked |  0
|  69|0x0000000084500000, 0x0000000084600000, 0x0000000084600000|100%| O|  |TAMS 0x0000000084600000| PB 0x0000000084600000| Untracked |  0
|  70|0x0000000084600000, 0x0000000084700000, 0x0000000084700000|100%| O|  |TAMS 0x0000000084700000| PB 0x0000000084700000| Untracked |  0
|  71|0x0000000084700000, 0x0000000084800000, 0x0000000084800000|100%| O|  |TAMS 0x0000000084800000| PB 0x0000000084800000| Untracked |  0
|  72|0x0000000084800000, 0x0000000084900000, 0x0000000084900000|100%| O|  |TAMS 0x0000000084900000| PB 0x0000000084900000| Untracked |  0
|  73|0x0000000084900000, 0x0000000084a00000, 0x0000000084a00000|100%| O|  |TAMS 0x0000000084a00000| PB 0x0000000084a00000| Untracked |  0
|  74|0x0000000084a00000, 0x0000000084b00000, 0x0000000084b00000|100%| O|  |TAMS 0x0000000084b00000| PB 0x0000000084b00000| Untracked |  0
|  75|0x0000000084b00000, 0x0000000084c00000, 0x0000000084c00000|100%| O|  |TAMS 0x0000000084c00000| PB 0x0000000084c00000| Untracked |  0
|  76|0x0000000084c00000, 0x0000000084d00000, 0x0000000084d00000|100%| O|  |TAMS 0x0000000084d00000| PB 0x0000000084d00000| Untracked |  0
|  77|0x0000000084d00000, 0x0000000084e00000, 0x0000000084e00000|100%| O|  |TAMS 0x0000000084e00000| PB 0x0000000084e00000| Untracked |  0
|  78|0x0000000084e00000, 0x0000000084f00000, 0x0000000084f00000|100%| O|  |TAMS 0x0000000084f00000| PB 0x0000000084f00000| Untracked |  0
|  79|0x0000000084f00000, 0x0000000085000000, 0x0000000085000000|100%| O|  |TAMS 0x0000000085000000| PB 0x0000000085000000| Untracked |  0
|  80|0x0000000085000000, 0x0000000085100000, 0x0000000085100000|100%| O|  |TAMS 0x0000000085100000| PB 0x0000000085100000| Untracked |  0
|  81|0x0000000085100000, 0x0000000085200000, 0x0000000085200000|100%| O|  |TAMS 0x0000000085200000| PB 0x0000000085200000| Untracked |  0
|  82|0x0000000085200000, 0x0000000085300000, 0x0000000085300000|100%| O|  |TAMS 0x0000000085300000| PB 0x0000000085300000| Untracked |  0
|  83|0x0000000085300000, 0x0000000085400000, 0x0000000085400000|100%| O|  |TAMS 0x0000000085400000| PB 0x0000000085400000| Untracked |  0
|  84|0x0000000085400000, 0x0000000085500000, 0x0000000085500000|100%| O|  |TAMS 0x0000000085500000| PB 0x0000000085500000| Untracked |  0
|  85|0x0000000085500000, 0x0000000085600000, 0x0000000085600000|100%| O|  |TAMS 0x0000000085600000| PB 0x0000000085600000| Untracked |  0
|  86|0x0000000085600000, 0x0000000085700000, 0x0000000085700000|100%| O|  |TAMS 0x0000000085700000| PB 0x0000000085700000| Untracked |  0
|  87|0x0000000085700000, 0x0000000085800000, 0x0000000085800000|100%| O|  |TAMS 0x0000000085800000| PB 0x0000000085800000| Untracked |  0
|  88|0x0000000085800000, 0x0000000085900000, 0x0000000085900000|100%| O|  |TAMS 0x0000000085900000| PB 0x0000000085900000| Untracked |  0
|  89|0x0000000085900000, 0x0000000085a00000, 0x0000000085a00000|100%| O|  |TAMS 0x0000000085a00000| PB 0x0000000085a00000| Untracked |  0
|  90|0x0000000085a00000, 0x0000000085b00000, 0x0000000085b00000|100%| O|  |TAMS 0x0000000085b00000| PB 0x0000000085b00000| Untracked |  0
|  91|0x0000000085b00000, 0x0000000085c00000, 0x0000000085c00000|100%|HS|  |TAMS 0x0000000085c00000| PB 0x0000000085b00000| Complete |  0
|  92|0x0000000085c00000, 0x0000000085d00000, 0x0000000085d00000|100%|HS|  |TAMS 0x0000000085d00000| PB 0x0000000085c00000| Complete |  0
|  93|0x0000000085d00000, 0x0000000085e00000, 0x0000000085e00000|100%|HS|  |TAMS 0x0000000085e00000| PB 0x0000000085d00000| Complete |  0
|  94|0x0000000085e00000, 0x0000000085f00000, 0x0000000085f00000|100%|HS|  |TAMS 0x0000000085f00000| PB 0x0000000085e00000| Complete |  0
|  95|0x0000000085f00000, 0x0000000086000000, 0x0000000086000000|100%| O|  |TAMS 0x0000000086000000| PB 0x0000000086000000| Untracked |  0
|  96|0x0000000086000000, 0x0000000086100000, 0x0000000086100000|100%|HS|  |TAMS 0x0000000086100000| PB 0x0000000086000000| Complete |  0
|  97|0x0000000086100000, 0x0000000086200000, 0x0000000086200000|100%|HS|  |TAMS 0x0000000086200000| PB 0x0000000086100000| Complete |  0
|  98|0x0000000086200000, 0x0000000086300000, 0x0000000086300000|100%| O|  |TAMS 0x0000000086300000| PB 0x0000000086300000| Untracked |  0
|  99|0x0000000086300000, 0x0000000086400000, 0x0000000086400000|100%|HS|  |TAMS 0x0000000086400000| PB 0x0000000086300000| Complete |  0
| 100|0x0000000086400000, 0x0000000086500000, 0x0000000086500000|100%|HC|  |TAMS 0x0000000086500000| PB 0x0000000086400000| Complete |  0
| 101|0x0000000086500000, 0x0000000086600000, 0x0000000086600000|100%|HC|  |TAMS 0x0000000086600000| PB 0x0000000086500000| Complete |  0
| 102|0x0000000086600000, 0x0000000086700000, 0x0000000086700000|100%| O|  |TAMS 0x0000000086700000| PB 0x0000000086700000| Untracked |  0
| 103|0x0000000086700000, 0x0000000086800000, 0x0000000086800000|100%|HS|  |TAMS 0x0000000086800000| PB 0x0000000086700000| Complete |  0
| 104|0x0000000086800000, 0x0000000086900000, 0x0000000086900000|100%| O|  |TAMS 0x0000000086900000| PB 0x0000000086900000| Untracked |  0
| 105|0x0000000086900000, 0x0000000086a00000, 0x0000000086a00000|100%| O|  |TAMS 0x0000000086a00000| PB 0x0000000086a00000| Untracked |  0
| 106|0x0000000086a00000, 0x0000000086b00000, 0x0000000086b00000|100%| O|  |TAMS 0x0000000086b00000| PB 0x0000000086b00000| Untracked |  0
| 107|0x0000000086b00000, 0x0000000086c00000, 0x0000000086c00000|100%| O|  |TAMS 0x0000000086c00000| PB 0x0000000086c00000| Untracked |  0
| 108|0x0000000086c00000, 0x0000000086d00000, 0x0000000086d00000|100%| O|  |TAMS 0x0000000086d00000| PB 0x0000000086d00000| Untracked |  0
| 109|0x0000000086d00000, 0x0000000086e00000, 0x0000000086e00000|100%| O|  |TAMS 0x0000000086e00000| PB 0x0000000086e00000| Untracked |  0
| 110|0x0000000086e00000, 0x0000000086f00000, 0x0000000086f00000|100%| O|  |TAMS 0x0000000086f00000| PB 0x0000000086f00000| Untracked |  0
| 111|0x0000000086f00000, 0x0000000087000000, 0x0000000087000000|100%| O|  |TAMS 0x0000000087000000| PB 0x0000000087000000| Untracked |  0
| 112|0x0000000087000000, 0x0000000087100000, 0x0000000087100000|100%| O|  |TAMS 0x0000000087100000| PB 0x0000000087100000| Untracked |  0
| 113|0x0000000087100000, 0x0000000087200000, 0x0000000087200000|100%| O|  |TAMS 0x0000000087200000| PB 0x0000000087200000| Untracked |  0
| 114|0x0000000087200000, 0x0000000087300000, 0x0000000087300000|100%| O|  |TAMS 0x0000000087300000| PB 0x0000000087300000| Untracked |  0
| 115|0x0000000087300000, 0x0000000087400000, 0x0000000087400000|100%| O|  |TAMS 0x0000000087400000| PB 0x0000000087400000| Untracked |  0
| 116|0x0000000087400000, 0x0000000087500000, 0x0000000087500000|100%| O|  |TAMS 0x0000000087500000| PB 0x0000000087500000| Untracked |  0
| 117|0x0000000087500000, 0x0000000087600000, 0x0000000087600000|100%| O|  |TAMS 0x0000000087600000| PB 0x0000000087600000| Untracked |  0
| 118|0x0000000087600000, 0x0000000087700000, 0x0000000087700000|100%| O|  |TAMS 0x0000000087700000| PB 0x0000000087700000| Untracked |  0
| 119|0x0000000087700000, 0x0000000087800000, 0x0000000087800000|100%| O|  |TAMS 0x0000000087800000| PB 0x0000000087800000| Untracked |  0
| 120|0x0000000087800000, 0x0000000087900000, 0x0000000087900000|100%| O|  |TAMS 0x0000000087900000| PB 0x0000000087900000| Untracked |  0
| 121|0x0000000087900000, 0x0000000087a00000, 0x0000000087a00000|100%| O|  |TAMS 0x0000000087a00000| PB 0x0000000087a00000| Untracked |  0
| 122|0x0000000087a00000, 0x0000000087b00000, 0x0000000087b00000|100%| O|  |TAMS 0x0000000087b00000| PB 0x0000000087b00000| Untracked |  0
| 123|0x0000000087b00000, 0x0000000087c00000, 0x0000000087c00000|100%| O|  |TAMS 0x0000000087c00000| PB 0x0000000087c00000| Untracked |  0
| 124|0x0000000087c00000, 0x0000000087d00000, 0x0000000087d00000|100%| O|  |TAMS 0x0000000087d00000| PB 0x0000000087d00000| Untracked |  0
| 125|0x0000000087d00000, 0x0000000087e00000, 0x0000000087e00000|100%| O|  |TAMS 0x0000000087e00000| PB 0x0000000087e00000| Untracked |  0
| 126|0x0000000087e00000, 0x0000000087f00000, 0x0000000087f00000|100%| O|  |TAMS 0x0000000087f00000| PB 0x0000000087f00000| Untracked |  0
| 127|0x0000000087f00000, 0x0000000088000000, 0x0000000088000000|100%| O|  |TAMS 0x0000000088000000| PB 0x0000000088000000| Untracked |  0
| 128|0x0000000088000000, 0x0000000088100000, 0x0000000088100000|100%| O|  |TAMS 0x0000000088100000| PB 0x0000000088100000| Untracked |  0
| 129|0x0000000088100000, 0x0000000088200000, 0x0000000088200000|100%| O|  |TAMS 0x0000000088200000| PB 0x0000000088200000| Untracked |  0
| 130|0x0000000088200000, 0x0000000088300000, 0x0000000088300000|100%| O|  |TAMS 0x0000000088300000| PB 0x0000000088300000| Untracked |  0
| 131|0x0000000088300000, 0x0000000088400000, 0x0000000088400000|100%| O|  |TAMS 0x0000000088400000| PB 0x0000000088400000| Untracked |  0
| 132|0x0000000088400000, 0x0000000088500000, 0x0000000088500000|100%| O|  |TAMS 0x0000000088500000| PB 0x0000000088500000| Untracked |  0
| 133|0x0000000088500000, 0x0000000088600000, 0x0000000088600000|100%| O|  |TAMS 0x0000000088600000| PB 0x0000000088600000| Untracked |  0
| 134|0x0000000088600000, 0x0000000088700000, 0x0000000088700000|100%| O|  |TAMS 0x0000000088700000| PB 0x0000000088700000| Untracked |  0
| 135|0x0000000088700000, 0x0000000088800000, 0x0000000088800000|100%| O|  |TAMS 0x0000000088800000| PB 0x0000000088800000| Untracked |  0
| 136|0x0000000088800000, 0x0000000088900000, 0x0000000088900000|100%| O|  |TAMS 0x0000000088900000| PB 0x0000000088900000| Untracked |  0
| 137|0x0000000088900000, 0x0000000088a00000, 0x0000000088a00000|100%| O|  |TAMS 0x0000000088a00000| PB 0x0000000088a00000| Untracked |  0
| 138|0x0000000088a00000, 0x0000000088b00000, 0x0000000088b00000|100%| O|  |TAMS 0x0000000088b00000| PB 0x0000000088b00000| Untracked |  0
| 139|0x0000000088b00000, 0x0000000088c00000, 0x0000000088c00000|100%| O|  |TAMS 0x0000000088c00000| PB 0x0000000088c00000| Untracked |  0
| 140|0x0000000088c00000, 0x0000000088d00000, 0x0000000088d00000|100%| O|  |TAMS 0x0000000088d00000| PB 0x0000000088d00000| Untracked |  0
| 141|0x0000000088d00000, 0x0000000088e00000, 0x0000000088e00000|100%| O|  |TAMS 0x0000000088e00000| PB 0x0000000088e00000| Untracked |  0
| 142|0x0000000088e00000, 0x0000000088f00000, 0x0000000088f00000|100%| O|  |TAMS 0x0000000088f00000| PB 0x0000000088f00000| Untracked |  0
| 143|0x0000000088f00000, 0x0000000089000000, 0x0000000089000000|100%| O|  |TAMS 0x0000000089000000| PB 0x0000000089000000| Untracked |  0
| 144|0x0000000089000000, 0x0000000089100000, 0x0000000089100000|100%| O|  |TAMS 0x0000000089100000| PB 0x0000000089100000| Untracked |  0
| 145|0x0000000089100000, 0x0000000089200000, 0x0000000089200000|100%| O|  |TAMS 0x0000000089200000| PB 0x0000000089200000| Untracked |  0
| 146|0x0000000089200000, 0x0000000089300000, 0x0000000089300000|100%| O|  |TAMS 0x0000000089300000| PB 0x0000000089300000| Untracked |  0
| 147|0x0000000089300000, 0x0000000089400000, 0x0000000089400000|100%| O|  |TAMS 0x0000000089400000| PB 0x0000000089400000| Untracked |  0
| 148|0x0000000089400000, 0x0000000089500000, 0x0000000089500000|100%| O|  |TAMS 0x0000000089500000| PB 0x0000000089500000| Untracked |  0
| 149|0x0000000089500000, 0x0000000089600000, 0x0000000089600000|100%| O|  |TAMS 0x0000000089600000| PB 0x0000000089600000| Untracked |  0
| 150|0x0000000089600000, 0x0000000089700000, 0x0000000089700000|100%| O|  |TAMS 0x0000000089700000| PB 0x0000000089700000| Untracked |  0
| 151|0x0000000089700000, 0x0000000089800000, 0x0000000089800000|100%| O|  |TAMS 0x0000000089800000| PB 0x0000000089800000| Untracked |  0
| 152|0x0000000089800000, 0x0000000089900000, 0x0000000089900000|100%| O|  |TAMS 0x0000000089900000| PB 0x0000000089900000| Untracked |  0
| 153|0x0000000089900000, 0x0000000089a00000, 0x0000000089a00000|100%| O|  |TAMS 0x0000000089a00000| PB 0x0000000089a00000| Untracked |  0
| 154|0x0000000089a00000, 0x0000000089b00000, 0x0000000089b00000|100%| O|  |TAMS 0x0000000089b00000| PB 0x0000000089b00000| Untracked |  0
| 155|0x0000000089b00000, 0x0000000089c00000, 0x0000000089c00000|100%| O|  |TAMS 0x0000000089c00000| PB 0x0000000089c00000| Untracked |  0
| 156|0x0000000089c00000, 0x0000000089d00000, 0x0000000089d00000|100%| O|  |TAMS 0x0000000089d00000| PB 0x0000000089d00000| Untracked |  0
| 157|0x0000000089d00000, 0x0000000089e00000, 0x0000000089e00000|100%| O|  |TAMS 0x0000000089e00000| PB 0x0000000089e00000| Untracked |  0
| 158|0x0000000089e00000, 0x0000000089f00000, 0x0000000089f00000|100%| O|  |TAMS 0x0000000089f00000| PB 0x0000000089f00000| Untracked |  0
| 159|0x0000000089f00000, 0x000000008a000000, 0x000000008a000000|100%| O|  |TAMS 0x000000008a000000| PB 0x000000008a000000| Untracked |  0
| 160|0x000000008a000000, 0x000000008a100000, 0x000000008a100000|100%| O|  |TAMS 0x000000008a100000| PB 0x000000008a100000| Untracked |  0
| 161|0x000000008a100000, 0x000000008a200000, 0x000000008a200000|100%| O|  |TAMS 0x000000008a200000| PB 0x000000008a200000| Untracked |  0
| 162|0x000000008a200000, 0x000000008a300000, 0x000000008a300000|100%| O|  |TAMS 0x000000008a300000| PB 0x000000008a300000| Untracked |  0
| 163|0x000000008a300000, 0x000000008a400000, 0x000000008a400000|100%| O|  |TAMS 0x000000008a400000| PB 0x000000008a400000| Untracked |  0
| 164|0x000000008a400000, 0x000000008a500000, 0x000000008a500000|100%| O|  |TAMS 0x000000008a500000| PB 0x000000008a500000| Untracked |  0
| 165|0x000000008a500000, 0x000000008a600000, 0x000000008a600000|100%| O|  |TAMS 0x000000008a600000| PB 0x000000008a600000| Untracked |  0
| 166|0x000000008a600000, 0x000000008a700000, 0x000000008a700000|100%| O|  |TAMS 0x000000008a700000| PB 0x000000008a700000| Untracked |  0
| 167|0x000000008a700000, 0x000000008a800000, 0x000000008a800000|100%| O|  |TAMS 0x000000008a800000| PB 0x000000008a800000| Untracked |  0
| 168|0x000000008a800000, 0x000000008a900000, 0x000000008a900000|100%| O|  |TAMS 0x000000008a900000| PB 0x000000008a900000| Untracked |  0
| 169|0x000000008a900000, 0x000000008aa00000, 0x000000008aa00000|100%| O|  |TAMS 0x000000008aa00000| PB 0x000000008aa00000| Untracked |  0
| 170|0x000000008aa00000, 0x000000008ab00000, 0x000000008ab00000|100%|HS|  |TAMS 0x000000008ab00000| PB 0x000000008aa00000| Complete |  0
| 171|0x000000008ab00000, 0x000000008ac00000, 0x000000008ac00000|100%|HS|  |TAMS 0x000000008ac00000| PB 0x000000008ab00000| Complete |  0
| 172|0x000000008ac00000, 0x000000008ad00000, 0x000000008ad00000|100%| O|  |TAMS 0x000000008ad00000| PB 0x000000008ad00000| Untracked |  0
| 173|0x000000008ad00000, 0x000000008ae00000, 0x000000008ae00000|100%|HS|  |TAMS 0x000000008ae00000| PB 0x000000008ad00000| Complete |  0
| 174|0x000000008ae00000, 0x000000008af00000, 0x000000008af00000|100%|HC|  |TAMS 0x000000008af00000| PB 0x000000008ae00000| Complete |  0
| 175|0x000000008af00000, 0x000000008b000000, 0x000000008b000000|100%| O|  |TAMS 0x000000008b000000| PB 0x000000008b000000| Untracked |  0
| 176|0x000000008b000000, 0x000000008b100000, 0x000000008b100000|100%| O|  |TAMS 0x000000008b100000| PB 0x000000008b100000| Untracked |  0
| 177|0x000000008b100000, 0x000000008b200000, 0x000000008b200000|100%| O|  |TAMS 0x000000008b200000| PB 0x000000008b200000| Untracked |  0
| 178|0x000000008b200000, 0x000000008b300000, 0x000000008b300000|100%| O|  |TAMS 0x000000008b300000| PB 0x000000008b300000| Untracked |  0
| 179|0x000000008b300000, 0x000000008b400000, 0x000000008b400000|100%| O|  |TAMS 0x000000008b400000| PB 0x000000008b400000| Untracked |  0
| 180|0x000000008b400000, 0x000000008b500000, 0x000000008b500000|100%| O|  |TAMS 0x000000008b500000| PB 0x000000008b500000| Untracked |  0
| 181|0x000000008b500000, 0x000000008b600000, 0x000000008b600000|100%| O|  |TAMS 0x000000008b600000| PB 0x000000008b600000| Untracked |  0
| 182|0x000000008b600000, 0x000000008b700000, 0x000000008b700000|100%| O|  |TAMS 0x000000008b700000| PB 0x000000008b700000| Untracked |  0
| 183|0x000000008b700000, 0x000000008b800000, 0x000000008b800000|100%| O|  |TAMS 0x000000008b800000| PB 0x000000008b800000| Untracked |  0
| 184|0x000000008b800000, 0x000000008b900000, 0x000000008b900000|100%| O|  |TAMS 0x000000008b900000| PB 0x000000008b900000| Untracked |  0
| 185|0x000000008b900000, 0x000000008ba00000, 0x000000008ba00000|100%| O|  |TAMS 0x000000008ba00000| PB 0x000000008ba00000| Untracked |  0
| 186|0x000000008ba00000, 0x000000008bb00000, 0x000000008bb00000|100%| O|  |TAMS 0x000000008bb00000| PB 0x000000008bb00000| Untracked |  0
| 187|0x000000008bb00000, 0x000000008bc00000, 0x000000008bc00000|100%| O|  |TAMS 0x000000008bc00000| PB 0x000000008bc00000| Untracked |  0
| 188|0x000000008bc00000, 0x000000008bd00000, 0x000000008bd00000|100%| O|  |TAMS 0x000000008bd00000| PB 0x000000008bd00000| Untracked |  0
| 189|0x000000008bd00000, 0x000000008be00000, 0x000000008be00000|100%| O|  |TAMS 0x000000008be00000| PB 0x000000008be00000| Untracked |  0
| 190|0x000000008be00000, 0x000000008bf00000, 0x000000008bf00000|100%| O|  |TAMS 0x000000008bf00000| PB 0x000000008bf00000| Untracked |  0
| 191|0x000000008bf00000, 0x000000008c000000, 0x000000008c000000|100%| O|  |TAMS 0x000000008c000000| PB 0x000000008c000000| Untracked |  0
| 192|0x000000008c000000, 0x000000008c100000, 0x000000008c100000|100%| O|  |TAMS 0x000000008c100000| PB 0x000000008c100000| Untracked |  0
| 193|0x000000008c100000, 0x000000008c200000, 0x000000008c200000|100%| O|  |TAMS 0x000000008c200000| PB 0x000000008c200000| Untracked |  0
| 194|0x000000008c200000, 0x000000008c300000, 0x000000008c300000|100%| O|  |TAMS 0x000000008c300000| PB 0x000000008c300000| Untracked |  0
| 195|0x000000008c300000, 0x000000008c400000, 0x000000008c400000|100%| O|  |TAMS 0x000000008c400000| PB 0x000000008c400000| Untracked |  0
| 196|0x000000008c400000, 0x000000008c500000, 0x000000008c500000|100%|HS|  |TAMS 0x000000008c500000| PB 0x000000008c400000| Complete |  0
| 197|0x000000008c500000, 0x000000008c600000, 0x000000008c600000|100%|HS|  |TAMS 0x000000008c600000| PB 0x000000008c500000| Complete |  0
| 198|0x000000008c600000, 0x000000008c700000, 0x000000008c700000|100%| O|  |TAMS 0x000000008c700000| PB 0x000000008c700000| Untracked |  0
| 199|0x000000008c700000, 0x000000008c800000, 0x000000008c800000|100%| O|  |TAMS 0x000000008c800000| PB 0x000000008c800000| Untracked |  0
| 200|0x000000008c800000, 0x000000008c900000, 0x000000008c900000|100%| O|  |TAMS 0x000000008c900000| PB 0x000000008c900000| Untracked |  0
| 201|0x000000008c900000, 0x000000008ca00000, 0x000000008ca00000|100%| O|  |TAMS 0x000000008ca00000| PB 0x000000008ca00000| Untracked |  0
| 202|0x000000008ca00000, 0x000000008cb00000, 0x000000008cb00000|100%| O|  |TAMS 0x000000008cb00000| PB 0x000000008cb00000| Untracked |  0
| 203|0x000000008cb00000, 0x000000008cc00000, 0x000000008cc00000|100%| O|  |TAMS 0x000000008cc00000| PB 0x000000008cc00000| Untracked |  0
| 204|0x000000008cc00000, 0x000000008cd00000, 0x000000008cd00000|100%| O|  |TAMS 0x000000008cd00000| PB 0x000000008cd00000| Untracked |  0
| 205|0x000000008cd00000, 0x000000008ce00000, 0x000000008ce00000|100%| O|  |TAMS 0x000000008ce00000| PB 0x000000008ce00000| Untracked |  0
| 206|0x000000008ce00000, 0x000000008cf00000, 0x000000008cf00000|100%| O|  |TAMS 0x000000008cf00000| PB 0x000000008cf00000| Untracked |  0
| 207|0x000000008cf00000, 0x000000008d000000, 0x000000008d000000|100%| O|  |TAMS 0x000000008d000000| PB 0x000000008d000000| Untracked |  0
| 208|0x000000008d000000, 0x000000008d100000, 0x000000008d100000|100%| O|  |TAMS 0x000000008d100000| PB 0x000000008d100000| Untracked |  0
| 209|0x000000008d100000, 0x000000008d200000, 0x000000008d200000|100%| O|  |TAMS 0x000000008d200000| PB 0x000000008d200000| Untracked |  0
| 210|0x000000008d200000, 0x000000008d300000, 0x000000008d300000|100%| O|  |TAMS 0x000000008d300000| PB 0x000000008d300000| Untracked |  0
| 211|0x000000008d300000, 0x000000008d400000, 0x000000008d400000|100%| O|  |TAMS 0x000000008d400000| PB 0x000000008d400000| Untracked |  0
| 212|0x000000008d400000, 0x000000008d500000, 0x000000008d500000|100%| O|  |TAMS 0x000000008d500000| PB 0x000000008d500000| Untracked |  0
| 213|0x000000008d500000, 0x000000008d600000, 0x000000008d600000|100%| O|  |TAMS 0x000000008d600000| PB 0x000000008d600000| Untracked |  0
| 214|0x000000008d600000, 0x000000008d700000, 0x000000008d700000|100%| O|  |TAMS 0x000000008d700000| PB 0x000000008d700000| Untracked |  0
| 215|0x000000008d700000, 0x000000008d800000, 0x000000008d800000|100%| O|  |TAMS 0x000000008d800000| PB 0x000000008d800000| Untracked |  0
| 216|0x000000008d800000, 0x000000008d900000, 0x000000008d900000|100%| O|  |TAMS 0x000000008d900000| PB 0x000000008d900000| Untracked |  0
| 217|0x000000008d900000, 0x000000008da00000, 0x000000008da00000|100%| O|  |TAMS 0x000000008da00000| PB 0x000000008da00000| Untracked |  0
| 218|0x000000008da00000, 0x000000008db00000, 0x000000008db00000|100%| O|  |TAMS 0x000000008db00000| PB 0x000000008db00000| Untracked |  0
| 219|0x000000008db00000, 0x000000008dc00000, 0x000000008dc00000|100%| O|  |TAMS 0x000000008dc00000| PB 0x000000008dc00000| Untracked |  0
| 220|0x000000008dc00000, 0x000000008dd00000, 0x000000008dd00000|100%| O|  |TAMS 0x000000008dd00000| PB 0x000000008dd00000| Untracked |  0
| 221|0x000000008dd00000, 0x000000008de00000, 0x000000008de00000|100%| O|  |TAMS 0x000000008de00000| PB 0x000000008de00000| Untracked |  0
| 222|0x000000008de00000, 0x000000008df00000, 0x000000008df00000|100%| O|  |TAMS 0x000000008df00000| PB 0x000000008df00000| Untracked |  0
| 223|0x000000008df00000, 0x000000008e000000, 0x000000008e000000|100%| O|  |TAMS 0x000000008e000000| PB 0x000000008e000000| Untracked |  0
| 224|0x000000008e000000, 0x000000008e100000, 0x000000008e100000|100%| O|  |TAMS 0x000000008e100000| PB 0x000000008e100000| Untracked |  0
| 225|0x000000008e100000, 0x000000008e200000, 0x000000008e200000|100%| O|  |TAMS 0x000000008e200000| PB 0x000000008e200000| Untracked |  0
| 226|0x000000008e200000, 0x000000008e300000, 0x000000008e300000|100%| O|  |TAMS 0x000000008e300000| PB 0x000000008e300000| Untracked |  0
| 227|0x000000008e300000, 0x000000008e400000, 0x000000008e400000|100%| O|  |TAMS 0x000000008e400000| PB 0x000000008e400000| Untracked |  0
| 228|0x000000008e400000, 0x000000008e500000, 0x000000008e500000|100%| O|  |TAMS 0x000000008e500000| PB 0x000000008e500000| Untracked |  0
| 229|0x000000008e500000, 0x000000008e600000, 0x000000008e600000|100%| O|  |TAMS 0x000000008e600000| PB 0x000000008e600000| Untracked |  0
| 230|0x000000008e600000, 0x000000008e700000, 0x000000008e700000|100%| O|  |TAMS 0x000000008e700000| PB 0x000000008e700000| Untracked |  0
| 231|0x000000008e700000, 0x000000008e800000, 0x000000008e800000|100%| O|  |TAMS 0x000000008e800000| PB 0x000000008e800000| Untracked |  0
| 232|0x000000008e800000, 0x000000008e900000, 0x000000008e900000|100%| O|  |TAMS 0x000000008e900000| PB 0x000000008e900000| Untracked |  0
| 233|0x000000008e900000, 0x000000008ea00000, 0x000000008ea00000|100%| O|  |TAMS 0x000000008ea00000| PB 0x000000008ea00000| Untracked |  0
| 234|0x000000008ea00000, 0x000000008eb00000, 0x000000008eb00000|100%| O|  |TAMS 0x000000008eb00000| PB 0x000000008eb00000| Untracked |  0
| 235|0x000000008eb00000, 0x000000008ec00000, 0x000000008ec00000|100%| O|  |TAMS 0x000000008ec00000| PB 0x000000008ec00000| Untracked |  0
| 236|0x000000008ec00000, 0x000000008ed00000, 0x000000008ed00000|100%| O|  |TAMS 0x000000008ed00000| PB 0x000000008ed00000| Untracked |  0
| 237|0x000000008ed00000, 0x000000008ee00000, 0x000000008ee00000|100%| O|  |TAMS 0x000000008ee00000| PB 0x000000008ee00000| Untracked |  0
| 238|0x000000008ee00000, 0x000000008ef00000, 0x000000008ef00000|100%| O|  |TAMS 0x000000008ef00000| PB 0x000000008ef00000| Untracked |  0
| 239|0x000000008ef00000, 0x000000008f000000, 0x000000008f000000|100%| O|  |TAMS 0x000000008f000000| PB 0x000000008f000000| Untracked |  0
| 240|0x000000008f000000, 0x000000008f100000, 0x000000008f100000|100%| O|  |TAMS 0x000000008f100000| PB 0x000000008f100000| Untracked |  0
| 241|0x000000008f100000, 0x000000008f200000, 0x000000008f200000|100%| O|  |TAMS 0x000000008f200000| PB 0x000000008f200000| Untracked |  0
| 242|0x000000008f200000, 0x000000008f300000, 0x000000008f300000|100%| O|  |TAMS 0x000000008f300000| PB 0x000000008f300000| Untracked |  0
| 243|0x000000008f300000, 0x000000008f400000, 0x000000008f400000|100%| O|  |TAMS 0x000000008f400000| PB 0x000000008f400000| Untracked |  0
| 244|0x000000008f400000, 0x000000008f500000, 0x000000008f500000|100%| O|  |TAMS 0x000000008f500000| PB 0x000000008f500000| Untracked |  0
| 245|0x000000008f500000, 0x000000008f600000, 0x000000008f600000|100%| O|  |TAMS 0x000000008f600000| PB 0x000000008f600000| Untracked |  0
| 246|0x000000008f600000, 0x000000008f700000, 0x000000008f700000|100%| O|  |TAMS 0x000000008f700000| PB 0x000000008f700000| Untracked |  0
| 247|0x000000008f700000, 0x000000008f800000, 0x000000008f800000|100%| O|  |TAMS 0x000000008f800000| PB 0x000000008f800000| Untracked |  0
| 248|0x000000008f800000, 0x000000008f900000, 0x000000008f900000|100%| O|  |TAMS 0x000000008f900000| PB 0x000000008f900000| Untracked |  0
| 249|0x000000008f900000, 0x000000008fa00000, 0x000000008fa00000|100%| O|  |TAMS 0x000000008fa00000| PB 0x000000008fa00000| Untracked |  0
| 250|0x000000008fa00000, 0x000000008fb00000, 0x000000008fb00000|100%| O|  |TAMS 0x000000008fb00000| PB 0x000000008fb00000| Untracked |  0
| 251|0x000000008fb00000, 0x000000008fc00000, 0x000000008fc00000|100%| O|  |TAMS 0x000000008fc00000| PB 0x000000008fc00000| Untracked |  0
| 252|0x000000008fc00000, 0x000000008fd00000, 0x000000008fd00000|100%| O|  |TAMS 0x000000008fd00000| PB 0x000000008fd00000| Untracked |  0
| 253|0x000000008fd00000, 0x000000008fe00000, 0x000000008fe00000|100%| O|  |TAMS 0x000000008fe00000| PB 0x000000008fe00000| Untracked |  0
| 254|0x000000008fe00000, 0x000000008ff00000, 0x000000008ff00000|100%| O|  |TAMS 0x000000008ff00000| PB 0x000000008ff00000| Untracked |  0
| 255|0x000000008ff00000, 0x0000000090000000, 0x0000000090000000|100%| O|  |TAMS 0x0000000090000000| PB 0x0000000090000000| Untracked |  0
| 256|0x0000000090000000, 0x0000000090100000, 0x0000000090100000|100%| O|  |TAMS 0x0000000090100000| PB 0x0000000090100000| Untracked |  0
| 257|0x0000000090100000, 0x0000000090200000, 0x0000000090200000|100%| O|  |TAMS 0x0000000090200000| PB 0x0000000090200000| Untracked |  0
| 258|0x0000000090200000, 0x0000000090300000, 0x0000000090300000|100%| O|  |TAMS 0x0000000090300000| PB 0x0000000090300000| Untracked |  0
| 259|0x0000000090300000, 0x0000000090400000, 0x0000000090400000|100%| O|  |TAMS 0x0000000090400000| PB 0x0000000090400000| Untracked |  0
| 260|0x0000000090400000, 0x0000000090500000, 0x0000000090500000|100%| O|  |TAMS 0x0000000090500000| PB 0x0000000090500000| Untracked |  0
| 261|0x0000000090500000, 0x0000000090600000, 0x0000000090600000|100%| O|  |TAMS 0x0000000090600000| PB 0x0000000090600000| Untracked |  0
| 262|0x0000000090600000, 0x0000000090700000, 0x0000000090700000|100%| O|  |TAMS 0x0000000090700000| PB 0x0000000090700000| Untracked |  0
| 263|0x0000000090700000, 0x0000000090800000, 0x0000000090800000|100%| O|  |TAMS 0x0000000090800000| PB 0x0000000090800000| Untracked |  0
| 264|0x0000000090800000, 0x0000000090900000, 0x0000000090900000|100%| O|  |TAMS 0x0000000090900000| PB 0x0000000090900000| Untracked |  0
| 265|0x0000000090900000, 0x0000000090a00000, 0x0000000090a00000|100%| O|  |TAMS 0x0000000090a00000| PB 0x0000000090a00000| Untracked |  0
| 266|0x0000000090a00000, 0x0000000090b00000, 0x0000000090b00000|100%| O|  |TAMS 0x0000000090b00000| PB 0x0000000090b00000| Untracked |  0
| 267|0x0000000090b00000, 0x0000000090c00000, 0x0000000090c00000|100%| O|  |TAMS 0x0000000090c00000| PB 0x0000000090c00000| Untracked |  0
| 268|0x0000000090c00000, 0x0000000090d00000, 0x0000000090d00000|100%| O|  |TAMS 0x0000000090d00000| PB 0x0000000090d00000| Untracked |  0
| 269|0x0000000090d00000, 0x0000000090e00000, 0x0000000090e00000|100%| O|  |TAMS 0x0000000090e00000| PB 0x0000000090e00000| Untracked |  0
| 270|0x0000000090e00000, 0x0000000090f00000, 0x0000000090f00000|100%| O|  |TAMS 0x0000000090f00000| PB 0x0000000090f00000| Untracked |  0
| 271|0x0000000090f00000, 0x0000000091000000, 0x0000000091000000|100%| O|  |TAMS 0x0000000091000000| PB 0x0000000091000000| Untracked |  0
| 272|0x0000000091000000, 0x0000000091100000, 0x0000000091100000|100%| O|  |TAMS 0x0000000091100000| PB 0x0000000091100000| Untracked |  0
| 273|0x0000000091100000, 0x0000000091200000, 0x0000000091200000|100%| O|  |TAMS 0x0000000091200000| PB 0x0000000091200000| Untracked |  0
| 274|0x0000000091200000, 0x0000000091300000, 0x0000000091300000|100%| O|  |TAMS 0x0000000091300000| PB 0x0000000091300000| Untracked |  0
| 275|0x0000000091300000, 0x0000000091400000, 0x0000000091400000|100%| O|  |TAMS 0x0000000091400000| PB 0x0000000091400000| Untracked |  0
| 276|0x0000000091400000, 0x0000000091500000, 0x0000000091500000|100%| O|  |TAMS 0x0000000091500000| PB 0x0000000091500000| Untracked |  0
| 277|0x0000000091500000, 0x0000000091600000, 0x0000000091600000|100%| O|  |TAMS 0x0000000091600000| PB 0x0000000091600000| Untracked |  0
| 278|0x0000000091600000, 0x0000000091700000, 0x0000000091700000|100%| O|  |TAMS 0x0000000091700000| PB 0x0000000091700000| Untracked |  0
| 279|0x0000000091700000, 0x0000000091800000, 0x0000000091800000|100%| O|  |TAMS 0x0000000091800000| PB 0x0000000091800000| Untracked |  0
| 280|0x0000000091800000, 0x0000000091900000, 0x0000000091900000|100%| O|  |TAMS 0x0000000091900000| PB 0x0000000091900000| Untracked |  0
| 281|0x0000000091900000, 0x0000000091a00000, 0x0000000091a00000|100%| O|  |TAMS 0x0000000091a00000| PB 0x0000000091a00000| Untracked |  0
| 282|0x0000000091a00000, 0x0000000091b00000, 0x0000000091b00000|100%| O|  |TAMS 0x0000000091b00000| PB 0x0000000091b00000| Untracked |  0
| 283|0x0000000091b00000, 0x0000000091c00000, 0x0000000091c00000|100%| O|Cm|TAMS 0x0000000091c00000| PB 0x0000000091c00000| Updating |  0
| 284|0x0000000091c00000, 0x0000000091d00000, 0x0000000091d00000|100%| O|  |TAMS 0x0000000091d00000| PB 0x0000000091d00000| Untracked |  0
| 285|0x0000000091d00000, 0x0000000091e00000, 0x0000000091e00000|100%| O|  |TAMS 0x0000000091e00000| PB 0x0000000091e00000| Untracked |  0
| 286|0x0000000091e00000, 0x0000000091f00000, 0x0000000091f00000|100%| O|  |TAMS 0x0000000091f00000| PB 0x0000000091f00000| Untracked |  0
| 287|0x0000000091f00000, 0x0000000092000000, 0x0000000092000000|100%| O|  |TAMS 0x0000000092000000| PB 0x0000000092000000| Untracked |  0
| 288|0x0000000092000000, 0x0000000092100000, 0x0000000092100000|100%| O|  |TAMS 0x0000000092100000| PB 0x0000000092100000| Untracked |  0
| 289|0x0000000092100000, 0x0000000092200000, 0x0000000092200000|100%| O|  |TAMS 0x0000000092200000| PB 0x0000000092200000| Untracked |  0
| 290|0x0000000092200000, 0x0000000092300000, 0x0000000092300000|100%| O|  |TAMS 0x0000000092300000| PB 0x0000000092300000| Untracked |  0
| 291|0x0000000092300000, 0x0000000092400000, 0x0000000092400000|100%| O|Cm|TAMS 0x0000000092400000| PB 0x0000000092400000| Updating |  0
| 292|0x0000000092400000, 0x0000000092500000, 0x0000000092500000|100%| O|  |TAMS 0x0000000092500000| PB 0x0000000092500000| Untracked |  0
| 293|0x0000000092500000, 0x0000000092600000, 0x0000000092600000|100%| O|Cm|TAMS 0x0000000092600000| PB 0x0000000092600000| Updating |  0
| 294|0x0000000092600000, 0x0000000092700000, 0x0000000092700000|100%| O|  |TAMS 0x0000000092700000| PB 0x0000000092700000| Untracked |  0
| 295|0x0000000092700000, 0x0000000092800000, 0x0000000092800000|100%| O|  |TAMS 0x0000000092800000| PB 0x0000000092800000| Untracked |  0
| 296|0x0000000092800000, 0x0000000092900000, 0x0000000092900000|100%| O|Cm|TAMS 0x0000000092900000| PB 0x0000000092900000| Updating |  0
| 297|0x0000000092900000, 0x0000000092a00000, 0x0000000092a00000|100%| O|  |TAMS 0x0000000092a00000| PB 0x0000000092a00000| Untracked |  0
| 298|0x0000000092a00000, 0x0000000092b00000, 0x0000000092b00000|100%| O|  |TAMS 0x0000000092a00000| PB 0x0000000092a00000| Untracked |  0
| 299|0x0000000092b00000, 0x0000000092c00000, 0x0000000092c00000|100%| O|  |TAMS 0x0000000092c00000| PB 0x0000000092c00000| Untracked |  0
| 300|0x0000000092c00000, 0x0000000092d00000, 0x0000000092d00000|100%| O|  |TAMS 0x0000000092d00000| PB 0x0000000092d00000| Untracked |  0
| 301|0x0000000092d00000, 0x0000000092e00000, 0x0000000092e00000|100%| O|  |TAMS 0x0000000092e00000| PB 0x0000000092e00000| Untracked |  0
| 302|0x0000000092e00000, 0x0000000092ed9410, 0x0000000092f00000| 84%| O|  |TAMS 0x0000000092e00000| PB 0x0000000092e00000| Untracked |  0
| 303|0x0000000092f00000, 0x0000000092f00000, 0x0000000093000000|  0%| F|  |TAMS 0x0000000092f00000| PB 0x0000000092f00000| Untracked |  0
| 304|0x0000000093000000, 0x0000000093100000, 0x0000000093100000|100%| O|  |TAMS 0x0000000093100000| PB 0x0000000093100000| Untracked |  0
| 305|0x0000000093100000, 0x0000000093100000, 0x0000000093200000|  0%| F|  |TAMS 0x0000000093100000| PB 0x0000000093100000| Untracked |  0
| 306|0x0000000093200000, 0x0000000093300000, 0x0000000093300000|100%| O|  |TAMS 0x0000000093300000| PB 0x0000000093300000| Untracked |  0
| 307|0x0000000093300000, 0x0000000093300000, 0x0000000093400000|  0%| F|  |TAMS 0x0000000093300000| PB 0x0000000093300000| Untracked |  0
| 308|0x0000000093400000, 0x0000000093500000, 0x0000000093500000|100%| O|  |TAMS 0x0000000093500000| PB 0x0000000093500000| Untracked |  0
| 309|0x0000000093500000, 0x0000000093500000, 0x0000000093600000|  0%| F|  |TAMS 0x0000000093500000| PB 0x0000000093500000| Untracked |  0
| 310|0x0000000093600000, 0x0000000093700000, 0x0000000093700000|100%| O|  |TAMS 0x0000000093700000| PB 0x0000000093700000| Untracked |  0
| 311|0x0000000093700000, 0x0000000093800000, 0x0000000093800000|100%| O|  |TAMS 0x0000000093800000| PB 0x0000000093800000| Untracked |  0
| 312|0x0000000093800000, 0x0000000093900000, 0x0000000093900000|100%| O|  |TAMS 0x0000000093900000| PB 0x0000000093900000| Untracked |  0
| 313|0x0000000093900000, 0x0000000093a00000, 0x0000000093a00000|100%| O|  |TAMS 0x0000000093a00000| PB 0x0000000093a00000| Untracked |  0
| 314|0x0000000093a00000, 0x0000000093b00000, 0x0000000093b00000|100%| O|  |TAMS 0x0000000093b00000| PB 0x0000000093b00000| Untracked |  0
| 315|0x0000000093b00000, 0x0000000093c00000, 0x0000000093c00000|100%| O|  |TAMS 0x0000000093c00000| PB 0x0000000093c00000| Untracked |  0
| 316|0x0000000093c00000, 0x0000000093d00000, 0x0000000093d00000|100%| O|  |TAMS 0x0000000093d00000| PB 0x0000000093d00000| Untracked |  0
| 317|0x0000000093d00000, 0x0000000093e00000, 0x0000000093e00000|100%| O|Cm|TAMS 0x0000000093e00000| PB 0x0000000093e00000| Updating |  0
| 318|0x0000000093e00000, 0x0000000093e00000, 0x0000000093f00000|  0%| F|  |TAMS 0x0000000093e00000| PB 0x0000000093e00000| Untracked |  0
| 319|0x0000000093f00000, 0x0000000094000000, 0x0000000094000000|100%| O|  |TAMS 0x0000000094000000| PB 0x0000000094000000| Untracked |  0
| 320|0x0000000094000000, 0x0000000094100000, 0x0000000094100000|100%| O|  |TAMS 0x0000000094100000| PB 0x0000000094100000| Untracked |  0
| 321|0x0000000094100000, 0x0000000094200000, 0x0000000094200000|100%| O|  |TAMS 0x0000000094200000| PB 0x0000000094200000| Untracked |  0
| 322|0x0000000094200000, 0x0000000094300000, 0x0000000094300000|100%| O|  |TAMS 0x0000000094300000| PB 0x0000000094300000| Untracked |  0
| 323|0x0000000094300000, 0x0000000094400000, 0x0000000094400000|100%| O|Cm|TAMS 0x0000000094400000| PB 0x0000000094400000| Updating |  0
| 324|0x0000000094400000, 0x0000000094400000, 0x0000000094500000|  0%| F|  |TAMS 0x0000000094400000| PB 0x0000000094400000| Untracked |  0
| 325|0x0000000094500000, 0x0000000094600000, 0x0000000094600000|100%| O|Cm|TAMS 0x0000000094600000| PB 0x0000000094600000| Updating |  0
| 326|0x0000000094600000, 0x0000000094600000, 0x0000000094700000|  0%| F|  |TAMS 0x0000000094600000| PB 0x0000000094600000| Untracked |  0
| 327|0x0000000094700000, 0x0000000094700000, 0x0000000094800000|  0%| F|  |TAMS 0x0000000094700000| PB 0x0000000094700000| Untracked |  0
| 328|0x0000000094800000, 0x0000000094900000, 0x0000000094900000|100%| O|  |TAMS 0x0000000094900000| PB 0x0000000094900000| Untracked |  0
| 329|0x0000000094900000, 0x0000000094a00000, 0x0000000094a00000|100%| O|  |TAMS 0x0000000094a00000| PB 0x0000000094a00000| Untracked |  0
| 330|0x0000000094a00000, 0x0000000094b00000, 0x0000000094b00000|100%| O|  |TAMS 0x0000000094b00000| PB 0x0000000094b00000| Untracked |  0
| 331|0x0000000094b00000, 0x0000000094c00000, 0x0000000094c00000|100%| O|  |TAMS 0x0000000094c00000| PB 0x0000000094c00000| Untracked |  0
| 332|0x0000000094c00000, 0x0000000094d00000, 0x0000000094d00000|100%| O|  |TAMS 0x0000000094d00000| PB 0x0000000094d00000| Untracked |  0
| 333|0x0000000094d00000, 0x0000000094e00000, 0x0000000094e00000|100%| O|  |TAMS 0x0000000094e00000| PB 0x0000000094e00000| Untracked |  0
| 334|0x0000000094e00000, 0x0000000094f00000, 0x0000000094f00000|100%| O|  |TAMS 0x0000000094f00000| PB 0x0000000094f00000| Untracked |  0
| 335|0x0000000094f00000, 0x0000000095000000, 0x0000000095000000|100%| O|  |TAMS 0x0000000095000000| PB 0x0000000095000000| Untracked |  0
| 336|0x0000000095000000, 0x0000000095100000, 0x0000000095100000|100%| O|  |TAMS 0x0000000095100000| PB 0x0000000095100000| Untracked |  0
| 337|0x0000000095100000, 0x0000000095200000, 0x0000000095200000|100%| O|  |TAMS 0x0000000095200000| PB 0x0000000095200000| Untracked |  0
| 338|0x0000000095200000, 0x0000000095300000, 0x0000000095300000|100%| O|  |TAMS 0x0000000095300000| PB 0x0000000095300000| Untracked |  0
| 339|0x0000000095300000, 0x0000000095300000, 0x0000000095400000|  0%| F|  |TAMS 0x0000000095300000| PB 0x0000000095300000| Untracked |  0
| 340|0x0000000095400000, 0x0000000095500000, 0x0000000095500000|100%| O|  |TAMS 0x0000000095500000| PB 0x0000000095500000| Untracked |  0
| 341|0x0000000095500000, 0x0000000095600000, 0x0000000095600000|100%| O|  |TAMS 0x0000000095600000| PB 0x0000000095600000| Untracked |  0
| 342|0x0000000095600000, 0x0000000095700000, 0x0000000095700000|100%| O|  |TAMS 0x0000000095700000| PB 0x0000000095700000| Untracked |  0
| 343|0x0000000095700000, 0x0000000095800000, 0x0000000095800000|100%| O|  |TAMS 0x0000000095800000| PB 0x0000000095800000| Untracked |  0
| 344|0x0000000095800000, 0x0000000095900000, 0x0000000095900000|100%| O|  |TAMS 0x0000000095900000| PB 0x0000000095900000| Untracked |  0
| 345|0x0000000095900000, 0x0000000095a00000, 0x0000000095a00000|100%| O|  |TAMS 0x0000000095a00000| PB 0x0000000095a00000| Untracked |  0
| 346|0x0000000095a00000, 0x0000000095b00000, 0x0000000095b00000|100%| O|  |TAMS 0x0000000095b00000| PB 0x0000000095b00000| Untracked |  0
| 347|0x0000000095b00000, 0x0000000095c00000, 0x0000000095c00000|100%| O|  |TAMS 0x0000000095c00000| PB 0x0000000095c00000| Untracked |  0
| 348|0x0000000095c00000, 0x0000000095c00000, 0x0000000095d00000|  0%| F|  |TAMS 0x0000000095c00000| PB 0x0000000095c00000| Untracked |  0
| 349|0x0000000095d00000, 0x0000000095e00000, 0x0000000095e00000|100%| O|  |TAMS 0x0000000095e00000| PB 0x0000000095e00000| Untracked |  0
| 350|0x0000000095e00000, 0x0000000095f00000, 0x0000000095f00000|100%| O|  |TAMS 0x0000000095f00000| PB 0x0000000095f00000| Untracked |  0
| 351|0x0000000095f00000, 0x0000000096000000, 0x0000000096000000|100%| O|  |TAMS 0x0000000096000000| PB 0x0000000096000000| Untracked |  0
| 352|0x0000000096000000, 0x0000000096100000, 0x0000000096100000|100%| O|  |TAMS 0x0000000096100000| PB 0x0000000096100000| Untracked |  0
| 353|0x0000000096100000, 0x0000000096200000, 0x0000000096200000|100%| O|  |TAMS 0x0000000096200000| PB 0x0000000096200000| Untracked |  0
| 354|0x0000000096200000, 0x0000000096300000, 0x0000000096300000|100%| O|  |TAMS 0x0000000096300000| PB 0x0000000096300000| Untracked |  0
| 355|0x0000000096300000, 0x0000000096400000, 0x0000000096400000|100%| O|  |TAMS 0x0000000096400000| PB 0x0000000096400000| Untracked |  0
| 356|0x0000000096400000, 0x0000000096400000, 0x0000000096500000|  0%| F|  |TAMS 0x0000000096400000| PB 0x0000000096400000| Untracked |  0
| 357|0x0000000096500000, 0x0000000096600000, 0x0000000096600000|100%| O|  |TAMS 0x0000000096600000| PB 0x0000000096600000| Untracked |  0
| 358|0x0000000096600000, 0x0000000096700000, 0x0000000096700000|100%| O|  |TAMS 0x0000000096700000| PB 0x0000000096700000| Untracked |  0
| 359|0x0000000096700000, 0x0000000096800000, 0x0000000096800000|100%| O|  |TAMS 0x0000000096800000| PB 0x0000000096800000| Untracked |  0
| 360|0x0000000096800000, 0x0000000096900000, 0x0000000096900000|100%| O|  |TAMS 0x0000000096900000| PB 0x0000000096900000| Untracked |  0
| 361|0x0000000096900000, 0x0000000096a00000, 0x0000000096a00000|100%| O|  |TAMS 0x0000000096a00000| PB 0x0000000096a00000| Untracked |  0
| 362|0x0000000096a00000, 0x0000000096b00000, 0x0000000096b00000|100%| O|  |TAMS 0x0000000096b00000| PB 0x0000000096b00000| Untracked |  0
| 363|0x0000000096b00000, 0x0000000096c00000, 0x0000000096c00000|100%| O|  |TAMS 0x0000000096c00000| PB 0x0000000096c00000| Untracked |  0
| 364|0x0000000096c00000, 0x0000000096d00000, 0x0000000096d00000|100%| O|  |TAMS 0x0000000096d00000| PB 0x0000000096d00000| Untracked |  0
| 365|0x0000000096d00000, 0x0000000096e00000, 0x0000000096e00000|100%| O|Cm|TAMS 0x0000000096e00000| PB 0x0000000096e00000| Updating |  0
| 366|0x0000000096e00000, 0x0000000096f00000, 0x0000000096f00000|100%| O|  |TAMS 0x0000000096f00000| PB 0x0000000096f00000| Untracked |  0
| 367|0x0000000096f00000, 0x0000000096f00000, 0x0000000097000000|  0%| F|  |TAMS 0x0000000096f00000| PB 0x0000000096f00000| Untracked |  0
| 368|0x0000000097000000, 0x0000000097100000, 0x0000000097100000|100%| O|  |TAMS 0x0000000097100000| PB 0x0000000097100000| Untracked |  0
| 369|0x0000000097100000, 0x0000000097200000, 0x0000000097200000|100%| O|Cm|TAMS 0x0000000097200000| PB 0x0000000097200000| Updating |  0
| 370|0x0000000097200000, 0x0000000097200000, 0x0000000097300000|  0%| F|  |TAMS 0x0000000097200000| PB 0x0000000097200000| Untracked |  0
| 371|0x0000000097300000, 0x0000000097400000, 0x0000000097400000|100%| O|  |TAMS 0x0000000097400000| PB 0x0000000097400000| Untracked |  0
| 372|0x0000000097400000, 0x0000000097500000, 0x0000000097500000|100%| O|  |TAMS 0x0000000097500000| PB 0x0000000097500000| Untracked |  0
| 373|0x0000000097500000, 0x0000000097600000, 0x0000000097600000|100%| O|  |TAMS 0x0000000097600000| PB 0x0000000097600000| Untracked |  0
| 374|0x0000000097600000, 0x0000000097700000, 0x0000000097700000|100%| O|  |TAMS 0x0000000097700000| PB 0x0000000097700000| Untracked |  0
| 375|0x0000000097700000, 0x0000000097800000, 0x0000000097800000|100%| O|Cm|TAMS 0x0000000097800000| PB 0x0000000097800000| Updating |  0
| 376|0x0000000097800000, 0x0000000097900000, 0x0000000097900000|100%| O|  |TAMS 0x0000000097900000| PB 0x0000000097900000| Untracked |  0
| 377|0x0000000097900000, 0x0000000097a00000, 0x0000000097a00000|100%| O|  |TAMS 0x0000000097a00000| PB 0x0000000097a00000| Untracked |  0
| 378|0x0000000097a00000, 0x0000000097b00000, 0x0000000097b00000|100%| O|  |TAMS 0x0000000097b00000| PB 0x0000000097b00000| Untracked |  0
| 379|0x0000000097b00000, 0x0000000097c00000, 0x0000000097c00000|100%| O|  |TAMS 0x0000000097c00000| PB 0x0000000097c00000| Untracked |  0
| 380|0x0000000097c00000, 0x0000000097d00000, 0x0000000097d00000|100%| O|  |TAMS 0x0000000097d00000| PB 0x0000000097d00000| Untracked |  0
| 381|0x0000000097d00000, 0x0000000097e00000, 0x0000000097e00000|100%| O|  |TAMS 0x0000000097e00000| PB 0x0000000097e00000| Untracked |  0
| 382|0x0000000097e00000, 0x0000000097f00000, 0x0000000097f00000|100%| O|  |TAMS 0x0000000097f00000| PB 0x0000000097f00000| Untracked |  0
| 383|0x0000000097f00000, 0x0000000098000000, 0x0000000098000000|100%| O|  |TAMS 0x0000000098000000| PB 0x0000000098000000| Untracked |  0
| 384|0x0000000098000000, 0x0000000098100000, 0x0000000098100000|100%| O|  |TAMS 0x0000000098100000| PB 0x0000000098100000| Untracked |  0
| 385|0x0000000098100000, 0x0000000098200000, 0x0000000098200000|100%| O|  |TAMS 0x0000000098200000| PB 0x0000000098200000| Untracked |  0
| 386|0x0000000098200000, 0x0000000098300000, 0x0000000098300000|100%| O|  |TAMS 0x0000000098300000| PB 0x0000000098300000| Untracked |  0
| 387|0x0000000098300000, 0x0000000098400000, 0x0000000098400000|100%| O|  |TAMS 0x0000000098400000| PB 0x0000000098400000| Untracked |  0
| 388|0x0000000098400000, 0x0000000098500000, 0x0000000098500000|100%| O|  |TAMS 0x0000000098500000| PB 0x0000000098500000| Untracked |  0
| 389|0x0000000098500000, 0x0000000098600000, 0x0000000098600000|100%| O|  |TAMS 0x0000000098600000| PB 0x0000000098600000| Untracked |  0
| 390|0x0000000098600000, 0x0000000098700000, 0x0000000098700000|100%| O|  |TAMS 0x0000000098700000| PB 0x0000000098700000| Untracked |  0
| 391|0x0000000098700000, 0x0000000098800000, 0x0000000098800000|100%| O|Cm|TAMS 0x0000000098800000| PB 0x0000000098800000| Updating |  0
| 392|0x0000000098800000, 0x0000000098800000, 0x0000000098900000|  0%| F|  |TAMS 0x0000000098800000| PB 0x0000000098800000| Untracked |  0
| 393|0x0000000098900000, 0x0000000098900000, 0x0000000098a00000|  0%| F|  |TAMS 0x0000000098900000| PB 0x0000000098900000| Untracked |  0
| 394|0x0000000098a00000, 0x0000000098a00000, 0x0000000098b00000|  0%| F|  |TAMS 0x0000000098a00000| PB 0x0000000098a00000| Untracked |  0
| 395|0x0000000098b00000, 0x0000000098b00000, 0x0000000098c00000|  0%| F|  |TAMS 0x0000000098b00000| PB 0x0000000098b00000| Untracked |  0
| 396|0x0000000098c00000, 0x0000000098c00000, 0x0000000098d00000|  0%| F|  |TAMS 0x0000000098c00000| PB 0x0000000098c00000| Untracked |  0
| 397|0x0000000098d00000, 0x0000000098e00000, 0x0000000098e00000|100%| O|  |TAMS 0x0000000098e00000| PB 0x0000000098e00000| Untracked |  0
| 398|0x0000000098e00000, 0x0000000098f00000, 0x0000000098f00000|100%| O|Cm|TAMS 0x0000000098f00000| PB 0x0000000098f00000| Updating |  0
| 399|0x0000000098f00000, 0x0000000099000000, 0x0000000099000000|100%| O|  |TAMS 0x0000000099000000| PB 0x0000000099000000| Untracked |  0
| 400|0x0000000099000000, 0x0000000099000000, 0x0000000099100000|  0%| F|  |TAMS 0x0000000099000000| PB 0x0000000099000000| Untracked |  0
| 401|0x0000000099100000, 0x0000000099200000, 0x0000000099200000|100%| O|  |TAMS 0x0000000099200000| PB 0x0000000099200000| Untracked |  0
| 402|0x0000000099200000, 0x0000000099300000, 0x0000000099300000|100%| O|  |TAMS 0x0000000099300000| PB 0x0000000099300000| Untracked |  0
| 403|0x0000000099300000, 0x0000000099300000, 0x0000000099400000|  0%| F|  |TAMS 0x0000000099300000| PB 0x0000000099300000| Untracked |  0
| 404|0x0000000099400000, 0x0000000099500000, 0x0000000099500000|100%| O|  |TAMS 0x0000000099500000| PB 0x0000000099500000| Untracked |  0
| 405|0x0000000099500000, 0x0000000099600000, 0x0000000099600000|100%| O|  |TAMS 0x0000000099600000| PB 0x0000000099600000| Untracked |  0
| 406|0x0000000099600000, 0x0000000099700000, 0x0000000099700000|100%| O|  |TAMS 0x0000000099700000| PB 0x0000000099700000| Untracked |  0
| 407|0x0000000099700000, 0x0000000099800000, 0x0000000099800000|100%| O|  |TAMS 0x0000000099800000| PB 0x0000000099800000| Untracked |  0
| 408|0x0000000099800000, 0x0000000099900000, 0x0000000099900000|100%| O|  |TAMS 0x0000000099900000| PB 0x0000000099900000| Untracked |  0
| 409|0x0000000099900000, 0x0000000099a00000, 0x0000000099a00000|100%| O|  |TAMS 0x0000000099a00000| PB 0x0000000099a00000| Untracked |  0
| 410|0x0000000099a00000, 0x0000000099b00000, 0x0000000099b00000|100%| O|  |TAMS 0x0000000099b00000| PB 0x0000000099b00000| Untracked |  0
| 411|0x0000000099b00000, 0x0000000099c00000, 0x0000000099c00000|100%| O|  |TAMS 0x0000000099c00000| PB 0x0000000099c00000| Untracked |  0
| 412|0x0000000099c00000, 0x0000000099c00000, 0x0000000099d00000|  0%| F|  |TAMS 0x0000000099c00000| PB 0x0000000099c00000| Untracked |  0
| 413|0x0000000099d00000, 0x0000000099d00000, 0x0000000099e00000|  0%| F|  |TAMS 0x0000000099d00000| PB 0x0000000099d00000| Untracked |  0
| 414|0x0000000099e00000, 0x0000000099f00000, 0x0000000099f00000|100%| O|  |TAMS 0x0000000099f00000| PB 0x0000000099f00000| Untracked |  0
| 415|0x0000000099f00000, 0x000000009a000000, 0x000000009a000000|100%| O|  |TAMS 0x000000009a000000| PB 0x000000009a000000| Untracked |  0
| 416|0x000000009a000000, 0x000000009a100000, 0x000000009a100000|100%| O|  |TAMS 0x000000009a100000| PB 0x000000009a100000| Untracked |  0
| 417|0x000000009a100000, 0x000000009a200000, 0x000000009a200000|100%| O|  |TAMS 0x000000009a200000| PB 0x000000009a200000| Untracked |  0
| 418|0x000000009a200000, 0x000000009a300000, 0x000000009a300000|100%| O|  |TAMS 0x000000009a300000| PB 0x000000009a300000| Untracked |  0
| 419|0x000000009a300000, 0x000000009a400000, 0x000000009a400000|100%| O|  |TAMS 0x000000009a400000| PB 0x000000009a400000| Untracked |  0
| 420|0x000000009a400000, 0x000000009a500000, 0x000000009a500000|100%| O|  |TAMS 0x000000009a500000| PB 0x000000009a500000| Untracked |  0
| 421|0x000000009a500000, 0x000000009a600000, 0x000000009a600000|100%| O|  |TAMS 0x000000009a600000| PB 0x000000009a600000| Untracked |  0
| 422|0x000000009a600000, 0x000000009a700000, 0x000000009a700000|100%| O|  |TAMS 0x000000009a685930| PB 0x000000009a685930| Untracked |  0
| 423|0x000000009a700000, 0x000000009a700000, 0x000000009a800000|  0%| F|  |TAMS 0x000000009a700000| PB 0x000000009a700000| Untracked |  0
| 424|0x000000009a800000, 0x000000009a800000, 0x000000009a900000|  0%| F|  |TAMS 0x000000009a800000| PB 0x000000009a800000| Untracked |  0
| 425|0x000000009a900000, 0x000000009aa00000, 0x000000009aa00000|100%| O|  |TAMS 0x000000009aa00000| PB 0x000000009aa00000| Untracked |  0
| 426|0x000000009aa00000, 0x000000009ab00000, 0x000000009ab00000|100%| O|  |TAMS 0x000000009ab00000| PB 0x000000009ab00000| Untracked |  0
| 427|0x000000009ab00000, 0x000000009ab00000, 0x000000009ac00000|  0%| F|  |TAMS 0x000000009ab00000| PB 0x000000009ab00000| Untracked |  0
| 428|0x000000009ac00000, 0x000000009ad00000, 0x000000009ad00000|100%| O|Cm|TAMS 0x000000009ad00000| PB 0x000000009ad00000| Updating |  0
| 429|0x000000009ad00000, 0x000000009ad00000, 0x000000009ae00000|  0%| F|  |TAMS 0x000000009ad00000| PB 0x000000009ad00000| Untracked |  0
| 430|0x000000009ae00000, 0x000000009ae00000, 0x000000009af00000|  0%| F|  |TAMS 0x000000009ae00000| PB 0x000000009ae00000| Untracked |  0
| 431|0x000000009af00000, 0x000000009af00000, 0x000000009b000000|  0%| F|  |TAMS 0x000000009af00000| PB 0x000000009af00000| Untracked |  0
| 432|0x000000009b000000, 0x000000009b000000, 0x000000009b100000|  0%| F|  |TAMS 0x000000009b000000| PB 0x000000009b000000| Untracked |  0
| 433|0x000000009b100000, 0x000000009b200000, 0x000000009b200000|100%| O|  |TAMS 0x000000009b200000| PB 0x000000009b200000| Untracked |  0
| 434|0x000000009b200000, 0x000000009b200000, 0x000000009b300000|  0%| F|  |TAMS 0x000000009b200000| PB 0x000000009b200000| Untracked |  0
| 435|0x000000009b300000, 0x000000009b400000, 0x000000009b400000|100%| O|  |TAMS 0x000000009b400000| PB 0x000000009b400000| Untracked |  0
| 436|0x000000009b400000, 0x000000009b500000, 0x000000009b500000|100%| O|  |TAMS 0x000000009b500000| PB 0x000000009b500000| Untracked |  0
| 437|0x000000009b500000, 0x000000009b500000, 0x000000009b600000|  0%| F|  |TAMS 0x000000009b500000| PB 0x000000009b500000| Untracked |  0
| 438|0x000000009b600000, 0x000000009b700000, 0x000000009b700000|100%| O|  |TAMS 0x000000009b700000| PB 0x000000009b700000| Untracked |  0
| 439|0x000000009b700000, 0x000000009b800000, 0x000000009b800000|100%| O|  |TAMS 0x000000009b800000| PB 0x000000009b800000| Untracked |  0
| 440|0x000000009b800000, 0x000000009b800000, 0x000000009b900000|  0%| F|  |TAMS 0x000000009b800000| PB 0x000000009b800000| Untracked |  0
| 441|0x000000009b900000, 0x000000009ba00000, 0x000000009ba00000|100%| O|  |TAMS 0x000000009ba00000| PB 0x000000009ba00000| Untracked |  0
| 442|0x000000009ba00000, 0x000000009ba00000, 0x000000009bb00000|  0%| F|  |TAMS 0x000000009ba00000| PB 0x000000009ba00000| Untracked |  0
| 443|0x000000009bb00000, 0x000000009bc00000, 0x000000009bc00000|100%| O|Cm|TAMS 0x000000009bc00000| PB 0x000000009bc00000| Updating |  0
| 444|0x000000009bc00000, 0x000000009bc00000, 0x000000009bd00000|  0%| F|  |TAMS 0x000000009bc00000| PB 0x000000009bc00000| Untracked |  0
| 445|0x000000009bd00000, 0x000000009be00000, 0x000000009be00000|100%| O|  |TAMS 0x000000009be00000| PB 0x000000009be00000| Untracked |  0
| 446|0x000000009be00000, 0x000000009bf00000, 0x000000009bf00000|100%| O|Cm|TAMS 0x000000009bf00000| PB 0x000000009bf00000| Updating |  0
| 447|0x000000009bf00000, 0x000000009bf00000, 0x000000009c000000|  0%| F|  |TAMS 0x000000009bf00000| PB 0x000000009bf00000| Untracked |  0
| 448|0x000000009c000000, 0x000000009c000000, 0x000000009c100000|  0%| F|  |TAMS 0x000000009c000000| PB 0x000000009c000000| Untracked |  0
| 449|0x000000009c100000, 0x000000009c100000, 0x000000009c200000|  0%| F|  |TAMS 0x000000009c100000| PB 0x000000009c100000| Untracked |  0
| 450|0x000000009c200000, 0x000000009c200000, 0x000000009c300000|  0%| F|  |TAMS 0x000000009c200000| PB 0x000000009c200000| Untracked |  0
| 451|0x000000009c300000, 0x000000009c300000, 0x000000009c400000|  0%| F|  |TAMS 0x000000009c300000| PB 0x000000009c300000| Untracked |  0
| 452|0x000000009c400000, 0x000000009c400000, 0x000000009c500000|  0%| F|  |TAMS 0x000000009c400000| PB 0x000000009c400000| Untracked |  0
| 453|0x000000009c500000, 0x000000009c600000, 0x000000009c600000|100%| O|  |TAMS 0x000000009c600000| PB 0x000000009c600000| Untracked |  0
| 454|0x000000009c600000, 0x000000009c600000, 0x000000009c700000|  0%| F|  |TAMS 0x000000009c600000| PB 0x000000009c600000| Untracked |  0
| 455|0x000000009c700000, 0x000000009c700000, 0x000000009c800000|  0%| F|  |TAMS 0x000000009c700000| PB 0x000000009c700000| Untracked |  0
| 456|0x000000009c800000, 0x000000009c900000, 0x000000009c900000|100%| O|Cm|TAMS 0x000000009c900000| PB 0x000000009c900000| Updating |  0
| 457|0x000000009c900000, 0x000000009c900000, 0x000000009ca00000|  0%| F|  |TAMS 0x000000009c900000| PB 0x000000009c900000| Untracked |  0
| 458|0x000000009ca00000, 0x000000009cb00000, 0x000000009cb00000|100%| S|CS|TAMS 0x000000009ca00000| PB 0x000000009ca00000| Complete |  0
| 459|0x000000009cb00000, 0x000000009cc00000, 0x000000009cc00000|100%| O|Cm|TAMS 0x000000009cc00000| PB 0x000000009cc00000| Updating |  0
| 460|0x000000009cc00000, 0x000000009cd00000, 0x000000009cd00000|100%| O|Cm|TAMS 0x000000009cd00000| PB 0x000000009cd00000| Updating |  0
| 461|0x000000009cd00000, 0x000000009ce00000, 0x000000009ce00000|100%| O|Cm|TAMS 0x000000009ce00000| PB 0x000000009ce00000| Updating |  0
| 462|0x000000009ce00000, 0x000000009cf00000, 0x000000009cf00000|100%| O|Cm|TAMS 0x000000009cf00000| PB 0x000000009cf00000| Updating |  0
| 463|0x000000009cf00000, 0x000000009d000000, 0x000000009d000000|100%| O|Cm|TAMS 0x000000009d000000| PB 0x000000009d000000| Updating |  0
| 464|0x000000009d000000, 0x000000009d100000, 0x000000009d100000|100%| O|  |TAMS 0x000000009d100000| PB 0x000000009d100000| Untracked |  0
| 465|0x000000009d100000, 0x000000009d200000, 0x000000009d200000|100%| S|CS|TAMS 0x000000009d100000| PB 0x000000009d100000| Complete |  0
| 466|0x000000009d200000, 0x000000009d300000, 0x000000009d300000|100%| S|CS|TAMS 0x000000009d200000| PB 0x000000009d200000| Complete |  0
| 467|0x000000009d300000, 0x000000009d400000, 0x000000009d400000|100%| S|CS|TAMS 0x000000009d300000| PB 0x000000009d300000| Complete |  0
| 468|0x000000009d400000, 0x000000009d500000, 0x000000009d500000|100%| S|CS|TAMS 0x000000009d400000| PB 0x000000009d400000| Complete |  0
| 469|0x000000009d500000, 0x000000009d600000, 0x000000009d600000|100%| S|CS|TAMS 0x000000009d500000| PB 0x000000009d500000| Complete |  0
| 470|0x000000009d600000, 0x000000009d700000, 0x000000009d700000|100%| O|  |TAMS 0x000000009d700000| PB 0x000000009d700000| Untracked |  0
| 471|0x000000009d700000, 0x000000009d800000, 0x000000009d800000|100%| O|  |TAMS 0x000000009d800000| PB 0x000000009d800000| Untracked |  0
| 472|0x000000009d800000, 0x000000009d900000, 0x000000009d900000|100%| O|Cm|TAMS 0x000000009d900000| PB 0x000000009d900000| Updating |  0
| 473|0x000000009d900000, 0x000000009da00000, 0x000000009da00000|100%| O|  |TAMS 0x000000009da00000| PB 0x000000009da00000| Untracked |  0
| 474|0x000000009da00000, 0x000000009db00000, 0x000000009db00000|100%| S|CS|TAMS 0x000000009da00000| PB 0x000000009da00000| Complete |  0
| 475|0x000000009db00000, 0x000000009dc00000, 0x000000009dc00000|100%| S|CS|TAMS 0x000000009db00000| PB 0x000000009db00000| Complete |  0
| 476|0x000000009dc00000, 0x000000009dd00000, 0x000000009dd00000|100%| O|Cm|TAMS 0x000000009dd00000| PB 0x000000009dd00000| Updating |  0
| 477|0x000000009dd00000, 0x000000009de00000, 0x000000009de00000|100%| O|Cm|TAMS 0x000000009de00000| PB 0x000000009de00000| Updating |  0
| 478|0x000000009de00000, 0x000000009df00000, 0x000000009df00000|100%| S|CS|TAMS 0x000000009de00000| PB 0x000000009de00000| Complete |  0
| 479|0x000000009df00000, 0x000000009e000000, 0x000000009e000000|100%| O|  |TAMS 0x000000009e000000| PB 0x000000009e000000| Untracked |  0
| 480|0x000000009e000000, 0x000000009e100000, 0x000000009e100000|100%| O|  |TAMS 0x000000009e100000| PB 0x000000009e100000| Untracked |  0
| 481|0x000000009e100000, 0x000000009e200000, 0x000000009e200000|100%| O|  |TAMS 0x000000009e200000| PB 0x000000009e200000| Untracked |  0
| 482|0x000000009e200000, 0x000000009e300000, 0x000000009e300000|100%| O|  |TAMS 0x000000009e300000| PB 0x000000009e300000| Untracked |  0
| 483|0x000000009e300000, 0x000000009e400000, 0x000000009e400000|100%| O|  |TAMS 0x000000009e400000| PB 0x000000009e400000| Untracked |  0
| 484|0x000000009e400000, 0x000000009e500000, 0x000000009e500000|100%| O|  |TAMS 0x000000009e500000| PB 0x000000009e500000| Untracked |  0
| 485|0x000000009e500000, 0x000000009e600000, 0x000000009e600000|100%| S|CS|TAMS 0x000000009e500000| PB 0x000000009e500000| Complete |  0
| 486|0x000000009e600000, 0x000000009e700000, 0x000000009e700000|100%| O|  |TAMS 0x000000009e700000| PB 0x000000009e700000| Untracked |  0
| 487|0x000000009e700000, 0x000000009e800000, 0x000000009e800000|100%| O|  |TAMS 0x000000009e800000| PB 0x000000009e800000| Untracked |  0
| 488|0x000000009e800000, 0x000000009e900000, 0x000000009e900000|100%| O|  |TAMS 0x000000009e900000| PB 0x000000009e900000| Untracked |  0
| 489|0x000000009e900000, 0x000000009ea00000, 0x000000009ea00000|100%| O|  |TAMS 0x000000009ea00000| PB 0x000000009ea00000| Untracked |  0
| 490|0x000000009ea00000, 0x000000009eb00000, 0x000000009eb00000|100%| O|  |TAMS 0x000000009eb00000| PB 0x000000009eb00000| Untracked |  0
| 491|0x000000009eb00000, 0x000000009ec00000, 0x000000009ec00000|100%| O|  |TAMS 0x000000009ec00000| PB 0x000000009ec00000| Untracked |  0
| 492|0x000000009ec00000, 0x000000009ed00000, 0x000000009ed00000|100%| O|  |TAMS 0x000000009ed00000| PB 0x000000009ed00000| Untracked |  0
| 493|0x000000009ed00000, 0x000000009ee00000, 0x000000009ee00000|100%| O|Cm|TAMS 0x000000009ee00000| PB 0x000000009ee00000| Updating |  0
| 494|0x000000009ee00000, 0x000000009ef00000, 0x000000009ef00000|100%| S|CS|TAMS 0x000000009ee00000| PB 0x000000009ee00000| Complete |  0
| 495|0x000000009ef00000, 0x000000009f000000, 0x000000009f000000|100%| S|CS|TAMS 0x000000009ef00000| PB 0x000000009ef00000| Complete |  0
| 496|0x000000009f000000, 0x000000009f100000, 0x000000009f100000|100%|HS|  |TAMS 0x000000009f100000| PB 0x000000009f000000| Complete |  0
| 497|0x000000009f100000, 0x000000009f200000, 0x000000009f200000|100%| O|  |TAMS 0x000000009f200000| PB 0x000000009f200000| Untracked |  0
| 498|0x000000009f200000, 0x000000009f300000, 0x000000009f300000|100%| O|  |TAMS 0x000000009f300000| PB 0x000000009f300000| Untracked |  0
| 499|0x000000009f300000, 0x000000009f400000, 0x000000009f400000|100%| O|  |TAMS 0x000000009f400000| PB 0x000000009f400000| Untracked |  0
| 500|0x000000009f400000, 0x000000009f500000, 0x000000009f500000|100%| O|  |TAMS 0x000000009f500000| PB 0x000000009f500000| Untracked |  0
| 501|0x000000009f500000, 0x000000009f600000, 0x000000009f600000|100%| O|  |TAMS 0x000000009f600000| PB 0x000000009f600000| Untracked |  0
| 502|0x000000009f600000, 0x000000009f700000, 0x000000009f700000|100%| O|  |TAMS 0x000000009f700000| PB 0x000000009f700000| Untracked |  0
| 503|0x000000009f700000, 0x000000009f800000, 0x000000009f800000|100%| O|  |TAMS 0x000000009f800000| PB 0x000000009f800000| Untracked |  0
| 504|0x000000009f800000, 0x000000009f900000, 0x000000009f900000|100%| O|  |TAMS 0x000000009f900000| PB 0x000000009f900000| Untracked |  0
| 505|0x000000009f900000, 0x000000009fa00000, 0x000000009fa00000|100%| O|  |TAMS 0x000000009fa00000| PB 0x000000009fa00000| Untracked |  0
| 506|0x000000009fa00000, 0x000000009fb00000, 0x000000009fb00000|100%| O|  |TAMS 0x000000009fb00000| PB 0x000000009fb00000| Untracked |  0
| 507|0x000000009fb00000, 0x000000009fc00000, 0x000000009fc00000|100%| O|  |TAMS 0x000000009fc00000| PB 0x000000009fc00000| Untracked |  0
| 508|0x000000009fc00000, 0x000000009fd00000, 0x000000009fd00000|100%| O|  |TAMS 0x000000009fd00000| PB 0x000000009fd00000| Untracked |  0
| 509|0x000000009fd00000, 0x000000009fe00000, 0x000000009fe00000|100%| O|  |TAMS 0x000000009fe00000| PB 0x000000009fe00000| Untracked |  0
| 510|0x000000009fe00000, 0x000000009ff00000, 0x000000009ff00000|100%| O|  |TAMS 0x000000009ff00000| PB 0x000000009ff00000| Untracked |  0
| 511|0x000000009ff00000, 0x00000000a0000000, 0x00000000a0000000|100%| O|  |TAMS 0x00000000a0000000| PB 0x00000000a0000000| Untracked |  0
| 512|0x00000000a0000000, 0x00000000a0100000, 0x00000000a0100000|100%| S|CS|TAMS 0x00000000a0000000| PB 0x00000000a0000000| Complete |  0
| 513|0x00000000a0100000, 0x00000000a0200000, 0x00000000a0200000|100%| O|  |TAMS 0x00000000a0200000| PB 0x00000000a0100000| Untracked |  0
| 514|0x00000000a0200000, 0x00000000a0300000, 0x00000000a0300000|100%| O|  |TAMS 0x00000000a0300000| PB 0x00000000a0200000| Untracked |  0
| 515|0x00000000a0300000, 0x00000000a0400000, 0x00000000a0400000|100%| O|  |TAMS 0x00000000a0400000| PB 0x00000000a0300000| Untracked |  0
| 516|0x00000000a0400000, 0x00000000a0500000, 0x00000000a0500000|100%| S|CS|TAMS 0x00000000a0400000| PB 0x00000000a0400000| Complete |  0
| 517|0x00000000a0500000, 0x00000000a0600000, 0x00000000a0600000|100%| O|  |TAMS 0x00000000a0600000| PB 0x00000000a0500000| Untracked |  0
| 518|0x00000000a0600000, 0x00000000a0700000, 0x00000000a0700000|100%| O|  |TAMS 0x00000000a0700000| PB 0x00000000a0600000| Untracked |  0
| 519|0x00000000a0700000, 0x00000000a0800000, 0x00000000a0800000|100%| O|  |TAMS 0x00000000a0800000| PB 0x00000000a0700000| Untracked |  0
| 520|0x00000000a0800000, 0x00000000a0900000, 0x00000000a0900000|100%| O|  |TAMS 0x00000000a0900000| PB 0x00000000a0800000| Untracked |  0
| 521|0x00000000a0900000, 0x00000000a0a00000, 0x00000000a0a00000|100%| O|  |TAMS 0x00000000a0a00000| PB 0x00000000a0900000| Untracked |  0
| 522|0x00000000a0a00000, 0x00000000a0b00000, 0x00000000a0b00000|100%| O|  |TAMS 0x00000000a0b00000| PB 0x00000000a0a00000| Untracked |  0
| 523|0x00000000a0b00000, 0x00000000a0c00000, 0x00000000a0c00000|100%| O|  |TAMS 0x00000000a0c00000| PB 0x00000000a0b00000| Untracked |  0
| 524|0x00000000a0c00000, 0x00000000a0d00000, 0x00000000a0d00000|100%| O|  |TAMS 0x00000000a0d00000| PB 0x00000000a0c00000| Untracked |  0
| 525|0x00000000a0d00000, 0x00000000a0e00000, 0x00000000a0e00000|100%| O|  |TAMS 0x00000000a0e00000| PB 0x00000000a0d00000| Untracked |  0
| 526|0x00000000a0e00000, 0x00000000a0f00000, 0x00000000a0f00000|100%| O|  |TAMS 0x00000000a0f00000| PB 0x00000000a0e00000| Untracked |  0
| 527|0x00000000a0f00000, 0x00000000a1000000, 0x00000000a1000000|100%| O|  |TAMS 0x00000000a1000000| PB 0x00000000a0f00000| Untracked |  0
| 528|0x00000000a1000000, 0x00000000a1100000, 0x00000000a1100000|100%| S|CS|TAMS 0x00000000a1000000| PB 0x00000000a1000000| Complete |  0
| 529|0x00000000a1100000, 0x00000000a1200000, 0x00000000a1200000|100%| O|  |TAMS 0x00000000a1200000| PB 0x00000000a1100000| Untracked |  0
| 530|0x00000000a1200000, 0x00000000a1300000, 0x00000000a1300000|100%| O|  |TAMS 0x00000000a1300000| PB 0x00000000a1200000| Untracked |  0
| 531|0x00000000a1300000, 0x00000000a1400000, 0x00000000a1400000|100%| S|CS|TAMS 0x00000000a1300000| PB 0x00000000a1300000| Complete |  0
| 532|0x00000000a1400000, 0x00000000a1500000, 0x00000000a1500000|100%| S|CS|TAMS 0x00000000a1400000| PB 0x00000000a1400000| Complete |  0
| 533|0x00000000a1500000, 0x00000000a1600000, 0x00000000a1600000|100%| S|CS|TAMS 0x00000000a1500000| PB 0x00000000a1500000| Complete |  0
| 534|0x00000000a1600000, 0x00000000a1700000, 0x00000000a1700000|100%| S|CS|TAMS 0x00000000a1600000| PB 0x00000000a1600000| Complete |  0
| 535|0x00000000a1700000, 0x00000000a1800000, 0x00000000a1800000|100%| S|CS|TAMS 0x00000000a1700000| PB 0x00000000a1700000| Complete |  0
| 536|0x00000000a1800000, 0x00000000a1900000, 0x00000000a1900000|100%| S|CS|TAMS 0x00000000a1800000| PB 0x00000000a1800000| Complete |  0
| 537|0x00000000a1900000, 0x00000000a1a00000, 0x00000000a1a00000|100%| S|CS|TAMS 0x00000000a1900000| PB 0x00000000a1900000| Complete |  0
| 538|0x00000000a1a00000, 0x00000000a1b00000, 0x00000000a1b00000|100%| S|CS|TAMS 0x00000000a1a00000| PB 0x00000000a1a00000| Complete |  0
| 539|0x00000000a1b00000, 0x00000000a1c00000, 0x00000000a1c00000|100%| S|CS|TAMS 0x00000000a1b00000| PB 0x00000000a1b00000| Complete |  0
| 540|0x00000000a1c00000, 0x00000000a1d00000, 0x00000000a1d00000|100%| S|CS|TAMS 0x00000000a1c00000| PB 0x00000000a1c00000| Complete |  0
| 541|0x00000000a1d00000, 0x00000000a1e00000, 0x00000000a1e00000|100%| S|CS|TAMS 0x00000000a1d00000| PB 0x00000000a1d00000| Complete |  0
| 542|0x00000000a1e00000, 0x00000000a1f00000, 0x00000000a1f00000|100%| S|CS|TAMS 0x00000000a1e00000| PB 0x00000000a1e00000| Complete |  0
| 543|0x00000000a1f00000, 0x00000000a2000000, 0x00000000a2000000|100%| S|CS|TAMS 0x00000000a1f00000| PB 0x00000000a1f00000| Complete |  0
| 544|0x00000000a2000000, 0x00000000a2100000, 0x00000000a2100000|100%| S|CS|TAMS 0x00000000a2000000| PB 0x00000000a2000000| Complete |  0
| 545|0x00000000a2100000, 0x00000000a2200000, 0x00000000a2200000|100%| S|CS|TAMS 0x00000000a2100000| PB 0x00000000a2100000| Complete |  0
| 546|0x00000000a2200000, 0x00000000a2300000, 0x00000000a2300000|100%| S|CS|TAMS 0x00000000a2200000| PB 0x00000000a2200000| Complete |  0
| 547|0x00000000a2300000, 0x00000000a2400000, 0x00000000a2400000|100%| S|CS|TAMS 0x00000000a2300000| PB 0x00000000a2300000| Complete |  0
| 548|0x00000000a2400000, 0x00000000a2500000, 0x00000000a2500000|100%| S|CS|TAMS 0x00000000a2400000| PB 0x00000000a2400000| Complete |  0
| 549|0x00000000a2500000, 0x00000000a2600000, 0x00000000a2600000|100%| S|CS|TAMS 0x00000000a2500000| PB 0x00000000a2500000| Complete |  0
| 550|0x00000000a2600000, 0x00000000a2700000, 0x00000000a2700000|100%| S|CS|TAMS 0x00000000a2600000| PB 0x00000000a2600000| Complete |  0
| 551|0x00000000a2700000, 0x00000000a2800000, 0x00000000a2800000|100%| S|CS|TAMS 0x00000000a2700000| PB 0x00000000a2700000| Complete |  0
| 552|0x00000000a2800000, 0x00000000a2900000, 0x00000000a2900000|100%| S|CS|TAMS 0x00000000a2800000| PB 0x00000000a2800000| Complete |  0
| 553|0x00000000a2900000, 0x00000000a2a00000, 0x00000000a2a00000|100%| S|CS|TAMS 0x00000000a2900000| PB 0x00000000a2900000| Complete |  0
| 554|0x00000000a2a00000, 0x00000000a2b00000, 0x00000000a2b00000|100%| S|CS|TAMS 0x00000000a2a00000| PB 0x00000000a2a00000| Complete |  0
| 555|0x00000000a2b00000, 0x00000000a2c00000, 0x00000000a2c00000|100%| S|CS|TAMS 0x00000000a2b00000| PB 0x00000000a2b00000| Complete |  0
| 556|0x00000000a2c00000, 0x00000000a2d00000, 0x00000000a2d00000|100%| S|CS|TAMS 0x00000000a2c00000| PB 0x00000000a2c00000| Complete |  0
| 557|0x00000000a2d00000, 0x00000000a2e00000, 0x00000000a2e00000|100%| S|CS|TAMS 0x00000000a2d00000| PB 0x00000000a2d00000| Complete |  0
| 558|0x00000000a2e00000, 0x00000000a2f00000, 0x00000000a2f00000|100%| S|CS|TAMS 0x00000000a2e00000| PB 0x00000000a2e00000| Complete |  0
| 559|0x00000000a2f00000, 0x00000000a3000000, 0x00000000a3000000|100%| S|CS|TAMS 0x00000000a2f00000| PB 0x00000000a2f00000| Complete |  0
| 560|0x00000000a3000000, 0x00000000a3100000, 0x00000000a3100000|100%| S|CS|TAMS 0x00000000a3000000| PB 0x00000000a3000000| Complete |  0
| 561|0x00000000a3100000, 0x00000000a3200000, 0x00000000a3200000|100%| S|CS|TAMS 0x00000000a3100000| PB 0x00000000a3100000| Complete |  0
| 562|0x00000000a3200000, 0x00000000a3300000, 0x00000000a3300000|100%| S|CS|TAMS 0x00000000a3200000| PB 0x00000000a3200000| Complete |  0
| 563|0x00000000a3300000, 0x00000000a3400000, 0x00000000a3400000|100%| S|CS|TAMS 0x00000000a3300000| PB 0x00000000a3300000| Complete |  0
| 564|0x00000000a3400000, 0x00000000a3500000, 0x00000000a3500000|100%| S|CS|TAMS 0x00000000a3400000| PB 0x00000000a3400000| Complete |  0
| 565|0x00000000a3500000, 0x00000000a3600000, 0x00000000a3600000|100%| S|CS|TAMS 0x00000000a3500000| PB 0x00000000a3500000| Complete |  0
| 566|0x00000000a3600000, 0x00000000a3700000, 0x00000000a3700000|100%| S|CS|TAMS 0x00000000a3600000| PB 0x00000000a3600000| Complete |  0
| 567|0x00000000a3700000, 0x00000000a3800000, 0x00000000a3800000|100%| S|CS|TAMS 0x00000000a3700000| PB 0x00000000a3700000| Complete |  0
| 568|0x00000000a3800000, 0x00000000a3900000, 0x00000000a3900000|100%| S|CS|TAMS 0x00000000a3800000| PB 0x00000000a3800000| Complete |  0
| 569|0x00000000a3900000, 0x00000000a3a00000, 0x00000000a3a00000|100%| S|CS|TAMS 0x00000000a3900000| PB 0x00000000a3900000| Complete |  0
| 570|0x00000000a3a00000, 0x00000000a3b00000, 0x00000000a3b00000|100%| S|CS|TAMS 0x00000000a3a00000| PB 0x00000000a3a00000| Complete |  0
| 571|0x00000000a3b00000, 0x00000000a3c00000, 0x00000000a3c00000|100%| S|CS|TAMS 0x00000000a3b00000| PB 0x00000000a3b00000| Complete |  0
| 572|0x00000000a3c00000, 0x00000000a3d00000, 0x00000000a3d00000|100%| S|CS|TAMS 0x00000000a3c00000| PB 0x00000000a3c00000| Complete |  0
| 573|0x00000000a3d00000, 0x00000000a3e00000, 0x00000000a3e00000|100%| S|CS|TAMS 0x00000000a3d00000| PB 0x00000000a3d00000| Complete |  0
| 574|0x00000000a3e00000, 0x00000000a3f00000, 0x00000000a3f00000|100%| S|CS|TAMS 0x00000000a3e00000| PB 0x00000000a3e00000| Complete |  0
| 575|0x00000000a3f00000, 0x00000000a4000000, 0x00000000a4000000|100%| S|CS|TAMS 0x00000000a3f00000| PB 0x00000000a3f00000| Complete |  0
| 576|0x00000000a4000000, 0x00000000a4100000, 0x00000000a4100000|100%| S|CS|TAMS 0x00000000a4000000| PB 0x00000000a4000000| Complete |  0
| 577|0x00000000a4100000, 0x00000000a4200000, 0x00000000a4200000|100%| S|CS|TAMS 0x00000000a4100000| PB 0x00000000a4100000| Complete |  0
| 578|0x00000000a4200000, 0x00000000a4300000, 0x00000000a4300000|100%| S|CS|TAMS 0x00000000a4200000| PB 0x00000000a4200000| Complete |  0
| 579|0x00000000a4300000, 0x00000000a4400000, 0x00000000a4400000|100%| S|CS|TAMS 0x00000000a4300000| PB 0x00000000a4300000| Complete |  0
| 580|0x00000000a4400000, 0x00000000a4500000, 0x00000000a4500000|100%| S|CS|TAMS 0x00000000a4400000| PB 0x00000000a4400000| Complete |  0
| 581|0x00000000a4500000, 0x00000000a4600000, 0x00000000a4600000|100%| S|CS|TAMS 0x00000000a4500000| PB 0x00000000a4500000| Complete |  0
| 582|0x00000000a4600000, 0x00000000a4600000, 0x00000000a4700000|  0%| F|  |TAMS 0x00000000a4600000| PB 0x00000000a4600000| Untracked |  0
| 583|0x00000000a4700000, 0x00000000a4700000, 0x00000000a4800000|  0%| F|  |TAMS 0x00000000a4700000| PB 0x00000000a4700000| Untracked |  0
| 584|0x00000000a4800000, 0x00000000a4800000, 0x00000000a4900000|  0%| F|  |TAMS 0x00000000a4800000| PB 0x00000000a4800000| Untracked |  0
| 585|0x00000000a4900000, 0x00000000a4900000, 0x00000000a4a00000|  0%| F|  |TAMS 0x00000000a4900000| PB 0x00000000a4900000| Untracked |  0
| 586|0x00000000a4a00000, 0x00000000a4a00000, 0x00000000a4b00000|  0%| F|  |TAMS 0x00000000a4a00000| PB 0x00000000a4a00000| Untracked |  0
| 587|0x00000000a4b00000, 0x00000000a4b00000, 0x00000000a4c00000|  0%| F|  |TAMS 0x00000000a4b00000| PB 0x00000000a4b00000| Untracked |  0
| 588|0x00000000a4c00000, 0x00000000a4c00000, 0x00000000a4d00000|  0%| F|  |TAMS 0x00000000a4c00000| PB 0x00000000a4c00000| Untracked |  0
| 589|0x00000000a4d00000, 0x00000000a4d00000, 0x00000000a4e00000|  0%| F|  |TAMS 0x00000000a4d00000| PB 0x00000000a4d00000| Untracked |  0
| 590|0x00000000a4e00000, 0x00000000a4e00000, 0x00000000a4f00000|  0%| F|  |TAMS 0x00000000a4e00000| PB 0x00000000a4e00000| Untracked |  0
| 591|0x00000000a4f00000, 0x00000000a4f00000, 0x00000000a5000000|  0%| F|  |TAMS 0x00000000a4f00000| PB 0x00000000a4f00000| Untracked |  0
| 592|0x00000000a5000000, 0x00000000a5000000, 0x00000000a5100000|  0%| F|  |TAMS 0x00000000a5000000| PB 0x00000000a5000000| Untracked |  0
| 593|0x00000000a5100000, 0x00000000a5100000, 0x00000000a5200000|  0%| F|  |TAMS 0x00000000a5100000| PB 0x00000000a5100000| Untracked |  0
| 594|0x00000000a5200000, 0x00000000a5200000, 0x00000000a5300000|  0%| F|  |TAMS 0x00000000a5200000| PB 0x00000000a5200000| Untracked |  0
| 595|0x00000000a5300000, 0x00000000a5300000, 0x00000000a5400000|  0%| F|  |TAMS 0x00000000a5300000| PB 0x00000000a5300000| Untracked |  0
| 596|0x00000000a5400000, 0x00000000a5400000, 0x00000000a5500000|  0%| F|  |TAMS 0x00000000a5400000| PB 0x00000000a5400000| Untracked |  0
| 597|0x00000000a5500000, 0x00000000a5500000, 0x00000000a5600000|  0%| F|  |TAMS 0x00000000a5500000| PB 0x00000000a5500000| Untracked |  0
| 598|0x00000000a5600000, 0x00000000a5600000, 0x00000000a5700000|  0%| F|  |TAMS 0x00000000a5600000| PB 0x00000000a5600000| Untracked |  0
| 599|0x00000000a5700000, 0x00000000a5700000, 0x00000000a5800000|  0%| F|  |TAMS 0x00000000a5700000| PB 0x00000000a5700000| Untracked |  0
| 600|0x00000000a5800000, 0x00000000a5800000, 0x00000000a5900000|  0%| F|  |TAMS 0x00000000a5800000| PB 0x00000000a5800000| Untracked |  0
| 601|0x00000000a5900000, 0x00000000a5900000, 0x00000000a5a00000|  0%| F|  |TAMS 0x00000000a5900000| PB 0x00000000a5900000| Untracked |  0
| 602|0x00000000a5a00000, 0x00000000a5a00000, 0x00000000a5b00000|  0%| F|  |TAMS 0x00000000a5a00000| PB 0x00000000a5a00000| Untracked |  0
| 603|0x00000000a5b00000, 0x00000000a5b00000, 0x00000000a5c00000|  0%| F|  |TAMS 0x00000000a5b00000| PB 0x00000000a5b00000| Untracked |  0
| 604|0x00000000a5c00000, 0x00000000a5c00000, 0x00000000a5d00000|  0%| F|  |TAMS 0x00000000a5c00000| PB 0x00000000a5c00000| Untracked |  0
| 605|0x00000000a5d00000, 0x00000000a5d00000, 0x00000000a5e00000|  0%| F|  |TAMS 0x00000000a5d00000| PB 0x00000000a5d00000| Untracked |  0
| 606|0x00000000a5e00000, 0x00000000a5e00000, 0x00000000a5f00000|  0%| F|  |TAMS 0x00000000a5e00000| PB 0x00000000a5e00000| Untracked |  0
| 607|0x00000000a5f00000, 0x00000000a5f00000, 0x00000000a6000000|  0%| F|  |TAMS 0x00000000a5f00000| PB 0x00000000a5f00000| Untracked |  0
| 608|0x00000000a6000000, 0x00000000a6000000, 0x00000000a6100000|  0%| F|  |TAMS 0x00000000a6000000| PB 0x00000000a6000000| Untracked |  0
| 609|0x00000000a6100000, 0x00000000a6100000, 0x00000000a6200000|  0%| F|  |TAMS 0x00000000a6100000| PB 0x00000000a6100000| Untracked |  0
| 610|0x00000000a6200000, 0x00000000a6200000, 0x00000000a6300000|  0%| F|  |TAMS 0x00000000a6200000| PB 0x00000000a6200000| Untracked |  0
| 611|0x00000000a6300000, 0x00000000a6300000, 0x00000000a6400000|  0%| F|  |TAMS 0x00000000a6300000| PB 0x00000000a6300000| Untracked |  0
| 612|0x00000000a6400000, 0x00000000a6400000, 0x00000000a6500000|  0%| F|  |TAMS 0x00000000a6400000| PB 0x00000000a6400000| Untracked |  0
| 613|0x00000000a6500000, 0x00000000a6500000, 0x00000000a6600000|  0%| F|  |TAMS 0x00000000a6500000| PB 0x00000000a6500000| Untracked |  0
| 614|0x00000000a6600000, 0x00000000a6600000, 0x00000000a6700000|  0%| F|  |TAMS 0x00000000a6600000| PB 0x00000000a6600000| Untracked |  0
| 615|0x00000000a6700000, 0x00000000a6700000, 0x00000000a6800000|  0%| F|  |TAMS 0x00000000a6700000| PB 0x00000000a6700000| Untracked |  0
| 616|0x00000000a6800000, 0x00000000a6800000, 0x00000000a6900000|  0%| F|  |TAMS 0x00000000a6800000| PB 0x00000000a6800000| Untracked |  0
| 617|0x00000000a6900000, 0x00000000a6900000, 0x00000000a6a00000|  0%| F|  |TAMS 0x00000000a6900000| PB 0x00000000a6900000| Untracked |  0
| 618|0x00000000a6a00000, 0x00000000a6a00000, 0x00000000a6b00000|  0%| F|  |TAMS 0x00000000a6a00000| PB 0x00000000a6a00000| Untracked |  0
| 619|0x00000000a6b00000, 0x00000000a6b00000, 0x00000000a6c00000|  0%| F|  |TAMS 0x00000000a6b00000| PB 0x00000000a6b00000| Untracked |  0
| 620|0x00000000a6c00000, 0x00000000a6c00000, 0x00000000a6d00000|  0%| F|  |TAMS 0x00000000a6c00000| PB 0x00000000a6c00000| Untracked |  0
| 621|0x00000000a6d00000, 0x00000000a6d00000, 0x00000000a6e00000|  0%| F|  |TAMS 0x00000000a6d00000| PB 0x00000000a6d00000| Untracked |  0
| 622|0x00000000a6e00000, 0x00000000a6e00000, 0x00000000a6f00000|  0%| F|  |TAMS 0x00000000a6e00000| PB 0x00000000a6e00000| Untracked |  0
| 623|0x00000000a6f00000, 0x00000000a6f00000, 0x00000000a7000000|  0%| F|  |TAMS 0x00000000a6f00000| PB 0x00000000a6f00000| Untracked |  0
| 624|0x00000000a7000000, 0x00000000a7000000, 0x00000000a7100000|  0%| F|  |TAMS 0x00000000a7000000| PB 0x00000000a7000000| Untracked |  0
| 625|0x00000000a7100000, 0x00000000a7100000, 0x00000000a7200000|  0%| F|  |TAMS 0x00000000a7100000| PB 0x00000000a7100000| Untracked |  0
| 626|0x00000000a7200000, 0x00000000a7200000, 0x00000000a7300000|  0%| F|  |TAMS 0x00000000a7200000| PB 0x00000000a7200000| Untracked |  0
| 627|0x00000000a7300000, 0x00000000a7300000, 0x00000000a7400000|  0%| F|  |TAMS 0x00000000a7300000| PB 0x00000000a7300000| Untracked |  0
| 628|0x00000000a7400000, 0x00000000a7400000, 0x00000000a7500000|  0%| F|  |TAMS 0x00000000a7400000| PB 0x00000000a7400000| Untracked |  0
| 629|0x00000000a7500000, 0x00000000a7500000, 0x00000000a7600000|  0%| F|  |TAMS 0x00000000a7500000| PB 0x00000000a7500000| Untracked |  0
| 630|0x00000000a7600000, 0x00000000a7600000, 0x00000000a7700000|  0%| F|  |TAMS 0x00000000a7600000| PB 0x00000000a7600000| Untracked |  0
| 631|0x00000000a7700000, 0x00000000a7700000, 0x00000000a7800000|  0%| F|  |TAMS 0x00000000a7700000| PB 0x00000000a7700000| Untracked |  0
| 632|0x00000000a7800000, 0x00000000a7800000, 0x00000000a7900000|  0%| F|  |TAMS 0x00000000a7800000| PB 0x00000000a7800000| Untracked |  0
| 633|0x00000000a7900000, 0x00000000a7900000, 0x00000000a7a00000|  0%| F|  |TAMS 0x00000000a7900000| PB 0x00000000a7900000| Untracked |  0
| 634|0x00000000a7a00000, 0x00000000a7a00000, 0x00000000a7b00000|  0%| F|  |TAMS 0x00000000a7a00000| PB 0x00000000a7a00000| Untracked |  0
| 635|0x00000000a7b00000, 0x00000000a7b00000, 0x00000000a7c00000|  0%| F|  |TAMS 0x00000000a7b00000| PB 0x00000000a7b00000| Untracked |  0
| 636|0x00000000a7c00000, 0x00000000a7c00000, 0x00000000a7d00000|  0%| F|  |TAMS 0x00000000a7c00000| PB 0x00000000a7c00000| Untracked |  0
| 637|0x00000000a7d00000, 0x00000000a7d00000, 0x00000000a7e00000|  0%| F|  |TAMS 0x00000000a7d00000| PB 0x00000000a7d00000| Untracked |  0
| 638|0x00000000a7e00000, 0x00000000a7e00000, 0x00000000a7f00000|  0%| F|  |TAMS 0x00000000a7e00000| PB 0x00000000a7e00000| Untracked |  0
| 639|0x00000000a7f00000, 0x00000000a7f00000, 0x00000000a8000000|  0%| F|  |TAMS 0x00000000a7f00000| PB 0x00000000a7f00000| Untracked |  0
| 640|0x00000000a8000000, 0x00000000a8000000, 0x00000000a8100000|  0%| F|  |TAMS 0x00000000a8000000| PB 0x00000000a8000000| Untracked |  0
| 641|0x00000000a8100000, 0x00000000a8100000, 0x00000000a8200000|  0%| F|  |TAMS 0x00000000a8100000| PB 0x00000000a8100000| Untracked |  0
| 642|0x00000000a8200000, 0x00000000a8200000, 0x00000000a8300000|  0%| F|  |TAMS 0x00000000a8200000| PB 0x00000000a8200000| Untracked |  0
| 643|0x00000000a8300000, 0x00000000a8300000, 0x00000000a8400000|  0%| F|  |TAMS 0x00000000a8300000| PB 0x00000000a8300000| Untracked |  0
| 644|0x00000000a8400000, 0x00000000a8400000, 0x00000000a8500000|  0%| F|  |TAMS 0x00000000a8400000| PB 0x00000000a8400000| Untracked |  0
| 645|0x00000000a8500000, 0x00000000a8500000, 0x00000000a8600000|  0%| F|  |TAMS 0x00000000a8500000| PB 0x00000000a8500000| Untracked |  0
| 646|0x00000000a8600000, 0x00000000a8600000, 0x00000000a8700000|  0%| F|  |TAMS 0x00000000a8600000| PB 0x00000000a8600000| Untracked |  0
| 647|0x00000000a8700000, 0x00000000a8700000, 0x00000000a8800000|  0%| F|  |TAMS 0x00000000a8700000| PB 0x00000000a8700000| Untracked |  0
| 648|0x00000000a8800000, 0x00000000a8800000, 0x00000000a8900000|  0%| F|  |TAMS 0x00000000a8800000| PB 0x00000000a8800000| Untracked |  0
| 649|0x00000000a8900000, 0x00000000a8900000, 0x00000000a8a00000|  0%| F|  |TAMS 0x00000000a8900000| PB 0x00000000a8900000| Untracked |  0
| 650|0x00000000a8a00000, 0x00000000a8a00000, 0x00000000a8b00000|  0%| F|  |TAMS 0x00000000a8a00000| PB 0x00000000a8a00000| Untracked |  0
| 651|0x00000000a8b00000, 0x00000000a8b00000, 0x00000000a8c00000|  0%| F|  |TAMS 0x00000000a8b00000| PB 0x00000000a8b00000| Untracked |  0
| 652|0x00000000a8c00000, 0x00000000a8c00000, 0x00000000a8d00000|  0%| F|  |TAMS 0x00000000a8c00000| PB 0x00000000a8c00000| Untracked |  0
| 653|0x00000000a8d00000, 0x00000000a8d00000, 0x00000000a8e00000|  0%| F|  |TAMS 0x00000000a8d00000| PB 0x00000000a8d00000| Untracked |  0
| 654|0x00000000a8e00000, 0x00000000a8e00000, 0x00000000a8f00000|  0%| F|  |TAMS 0x00000000a8e00000| PB 0x00000000a8e00000| Untracked |  0
| 655|0x00000000a8f00000, 0x00000000a8f00000, 0x00000000a9000000|  0%| F|  |TAMS 0x00000000a8f00000| PB 0x00000000a8f00000| Untracked |  0
| 656|0x00000000a9000000, 0x00000000a9000000, 0x00000000a9100000|  0%| F|  |TAMS 0x00000000a9000000| PB 0x00000000a9000000| Untracked |  0
| 657|0x00000000a9100000, 0x00000000a9100000, 0x00000000a9200000|  0%| F|  |TAMS 0x00000000a9100000| PB 0x00000000a9100000| Untracked |  0
| 658|0x00000000a9200000, 0x00000000a9200000, 0x00000000a9300000|  0%| F|  |TAMS 0x00000000a9200000| PB 0x00000000a9200000| Untracked |  0
| 659|0x00000000a9300000, 0x00000000a9300000, 0x00000000a9400000|  0%| F|  |TAMS 0x00000000a9300000| PB 0x00000000a9300000| Untracked |  0
| 660|0x00000000a9400000, 0x00000000a9400000, 0x00000000a9500000|  0%| F|  |TAMS 0x00000000a9400000| PB 0x00000000a9400000| Untracked |  0
| 661|0x00000000a9500000, 0x00000000a9500000, 0x00000000a9600000|  0%| F|  |TAMS 0x00000000a9500000| PB 0x00000000a9500000| Untracked |  0
| 662|0x00000000a9600000, 0x00000000a9600000, 0x00000000a9700000|  0%| F|  |TAMS 0x00000000a9600000| PB 0x00000000a9600000| Untracked |  0
| 663|0x00000000a9700000, 0x00000000a9700000, 0x00000000a9800000|  0%| F|  |TAMS 0x00000000a9700000| PB 0x00000000a9700000| Untracked |  0
| 664|0x00000000a9800000, 0x00000000a9800000, 0x00000000a9900000|  0%| F|  |TAMS 0x00000000a9800000| PB 0x00000000a9800000| Untracked |  0
| 665|0x00000000a9900000, 0x00000000a9900000, 0x00000000a9a00000|  0%| F|  |TAMS 0x00000000a9900000| PB 0x00000000a9900000| Untracked |  0
| 666|0x00000000a9a00000, 0x00000000a9a00000, 0x00000000a9b00000|  0%| F|  |TAMS 0x00000000a9a00000| PB 0x00000000a9a00000| Untracked |  0
| 667|0x00000000a9b00000, 0x00000000a9b00000, 0x00000000a9c00000|  0%| F|  |TAMS 0x00000000a9b00000| PB 0x00000000a9b00000| Untracked |  0
| 668|0x00000000a9c00000, 0x00000000a9c00000, 0x00000000a9d00000|  0%| F|  |TAMS 0x00000000a9c00000| PB 0x00000000a9c00000| Untracked |  0
| 669|0x00000000a9d00000, 0x00000000a9d00000, 0x00000000a9e00000|  0%| F|  |TAMS 0x00000000a9d00000| PB 0x00000000a9d00000| Untracked |  0
| 670|0x00000000a9e00000, 0x00000000a9e00000, 0x00000000a9f00000|  0%| F|  |TAMS 0x00000000a9e00000| PB 0x00000000a9e00000| Untracked |  0
| 671|0x00000000a9f00000, 0x00000000a9f00000, 0x00000000aa000000|  0%| F|  |TAMS 0x00000000a9f00000| PB 0x00000000a9f00000| Untracked |  0
| 672|0x00000000aa000000, 0x00000000aa000000, 0x00000000aa100000|  0%| F|  |TAMS 0x00000000aa000000| PB 0x00000000aa000000| Untracked |  0
| 673|0x00000000aa100000, 0x00000000aa100000, 0x00000000aa200000|  0%| F|  |TAMS 0x00000000aa100000| PB 0x00000000aa100000| Untracked |  0
| 674|0x00000000aa200000, 0x00000000aa200000, 0x00000000aa300000|  0%| F|  |TAMS 0x00000000aa200000| PB 0x00000000aa200000| Untracked |  0
| 675|0x00000000aa300000, 0x00000000aa300000, 0x00000000aa400000|  0%| F|  |TAMS 0x00000000aa300000| PB 0x00000000aa300000| Untracked |  0
| 676|0x00000000aa400000, 0x00000000aa400000, 0x00000000aa500000|  0%| F|  |TAMS 0x00000000aa400000| PB 0x00000000aa400000| Untracked |  0
| 677|0x00000000aa500000, 0x00000000aa500000, 0x00000000aa600000|  0%| F|  |TAMS 0x00000000aa500000| PB 0x00000000aa500000| Untracked |  0
| 678|0x00000000aa600000, 0x00000000aa600000, 0x00000000aa700000|  0%| F|  |TAMS 0x00000000aa600000| PB 0x00000000aa600000| Untracked |  0
| 679|0x00000000aa700000, 0x00000000aa700000, 0x00000000aa800000|  0%| F|  |TAMS 0x00000000aa700000| PB 0x00000000aa700000| Untracked |  0
| 680|0x00000000aa800000, 0x00000000aa800000, 0x00000000aa900000|  0%| F|  |TAMS 0x00000000aa800000| PB 0x00000000aa800000| Untracked |  0
| 681|0x00000000aa900000, 0x00000000aa900000, 0x00000000aaa00000|  0%| F|  |TAMS 0x00000000aa900000| PB 0x00000000aa900000| Untracked |  0
| 682|0x00000000aaa00000, 0x00000000aaa00000, 0x00000000aab00000|  0%| F|  |TAMS 0x00000000aaa00000| PB 0x00000000aaa00000| Untracked |  0
| 683|0x00000000aab00000, 0x00000000aab00000, 0x00000000aac00000|  0%| F|  |TAMS 0x00000000aab00000| PB 0x00000000aab00000| Untracked |  0
| 684|0x00000000aac00000, 0x00000000aac00000, 0x00000000aad00000|  0%| F|  |TAMS 0x00000000aac00000| PB 0x00000000aac00000| Untracked |  0
| 685|0x00000000aad00000, 0x00000000aad00000, 0x00000000aae00000|  0%| F|  |TAMS 0x00000000aad00000| PB 0x00000000aad00000| Untracked |  0
| 686|0x00000000aae00000, 0x00000000aae00000, 0x00000000aaf00000|  0%| F|  |TAMS 0x00000000aae00000| PB 0x00000000aae00000| Untracked |  0
| 687|0x00000000aaf00000, 0x00000000aaf00000, 0x00000000ab000000|  0%| F|  |TAMS 0x00000000aaf00000| PB 0x00000000aaf00000| Untracked |  0
| 688|0x00000000ab000000, 0x00000000ab000000, 0x00000000ab100000|  0%| F|  |TAMS 0x00000000ab000000| PB 0x00000000ab000000| Untracked |  0
| 689|0x00000000ab100000, 0x00000000ab100000, 0x00000000ab200000|  0%| F|  |TAMS 0x00000000ab100000| PB 0x00000000ab100000| Untracked |  0
| 690|0x00000000ab200000, 0x00000000ab200000, 0x00000000ab300000|  0%| F|  |TAMS 0x00000000ab200000| PB 0x00000000ab200000| Untracked |  0
| 691|0x00000000ab300000, 0x00000000ab300000, 0x00000000ab400000|  0%| F|  |TAMS 0x00000000ab300000| PB 0x00000000ab300000| Untracked |  0
| 692|0x00000000ab400000, 0x00000000ab400000, 0x00000000ab500000|  0%| F|  |TAMS 0x00000000ab400000| PB 0x00000000ab400000| Untracked |  0
| 693|0x00000000ab500000, 0x00000000ab500000, 0x00000000ab600000|  0%| F|  |TAMS 0x00000000ab500000| PB 0x00000000ab500000| Untracked |  0
| 694|0x00000000ab600000, 0x00000000ab600000, 0x00000000ab700000|  0%| F|  |TAMS 0x00000000ab600000| PB 0x00000000ab600000| Untracked |  0
| 695|0x00000000ab700000, 0x00000000ab700000, 0x00000000ab800000|  0%| F|  |TAMS 0x00000000ab700000| PB 0x00000000ab700000| Untracked |  0
| 696|0x00000000ab800000, 0x00000000ab800000, 0x00000000ab900000|  0%| F|  |TAMS 0x00000000ab800000| PB 0x00000000ab800000| Untracked |  0
| 697|0x00000000ab900000, 0x00000000ab900000, 0x00000000aba00000|  0%| F|  |TAMS 0x00000000ab900000| PB 0x00000000ab900000| Untracked |  0
| 698|0x00000000aba00000, 0x00000000aba00000, 0x00000000abb00000|  0%| F|  |TAMS 0x00000000aba00000| PB 0x00000000aba00000| Untracked |  0
| 699|0x00000000abb00000, 0x00000000abb00000, 0x00000000abc00000|  0%| F|  |TAMS 0x00000000abb00000| PB 0x00000000abb00000| Untracked |  0
| 700|0x00000000abc00000, 0x00000000abc00000, 0x00000000abd00000|  0%| F|  |TAMS 0x00000000abc00000| PB 0x00000000abc00000| Untracked |  0
| 701|0x00000000abd00000, 0x00000000abd00000, 0x00000000abe00000|  0%| F|  |TAMS 0x00000000abd00000| PB 0x00000000abd00000| Untracked |  0
| 702|0x00000000abe00000, 0x00000000abe00000, 0x00000000abf00000|  0%| F|  |TAMS 0x00000000abe00000| PB 0x00000000abe00000| Untracked |  0
| 703|0x00000000abf00000, 0x00000000abf00000, 0x00000000ac000000|  0%| F|  |TAMS 0x00000000abf00000| PB 0x00000000abf00000| Untracked |  0
| 704|0x00000000ac000000, 0x00000000ac000000, 0x00000000ac100000|  0%| F|  |TAMS 0x00000000ac000000| PB 0x00000000ac000000| Untracked |  0
| 705|0x00000000ac100000, 0x00000000ac100000, 0x00000000ac200000|  0%| F|  |TAMS 0x00000000ac100000| PB 0x00000000ac100000| Untracked |  0
| 706|0x00000000ac200000, 0x00000000ac200000, 0x00000000ac300000|  0%| F|  |TAMS 0x00000000ac200000| PB 0x00000000ac200000| Untracked |  0
| 707|0x00000000ac300000, 0x00000000ac300000, 0x00000000ac400000|  0%| F|  |TAMS 0x00000000ac300000| PB 0x00000000ac300000| Untracked |  0
| 708|0x00000000ac400000, 0x00000000ac400000, 0x00000000ac500000|  0%| F|  |TAMS 0x00000000ac400000| PB 0x00000000ac400000| Untracked |  0
| 709|0x00000000ac500000, 0x00000000ac500000, 0x00000000ac600000|  0%| F|  |TAMS 0x00000000ac500000| PB 0x00000000ac500000| Untracked |  0
| 710|0x00000000ac600000, 0x00000000ac600000, 0x00000000ac700000|  0%| F|  |TAMS 0x00000000ac600000| PB 0x00000000ac600000| Untracked |  0
| 711|0x00000000ac700000, 0x00000000ac700000, 0x00000000ac800000|  0%| F|  |TAMS 0x00000000ac700000| PB 0x00000000ac700000| Untracked |  0
| 712|0x00000000ac800000, 0x00000000ac800000, 0x00000000ac900000|  0%| F|  |TAMS 0x00000000ac800000| PB 0x00000000ac800000| Untracked |  0
| 713|0x00000000ac900000, 0x00000000ac900000, 0x00000000aca00000|  0%| F|  |TAMS 0x00000000ac900000| PB 0x00000000ac900000| Untracked |  0
| 714|0x00000000aca00000, 0x00000000aca00000, 0x00000000acb00000|  0%| F|  |TAMS 0x00000000aca00000| PB 0x00000000aca00000| Untracked |  0
| 715|0x00000000acb00000, 0x00000000acb00000, 0x00000000acc00000|  0%| F|  |TAMS 0x00000000acb00000| PB 0x00000000acb00000| Untracked |  0
| 716|0x00000000acc00000, 0x00000000acc00000, 0x00000000acd00000|  0%| F|  |TAMS 0x00000000acc00000| PB 0x00000000acc00000| Untracked |  0
| 717|0x00000000acd00000, 0x00000000acd00000, 0x00000000ace00000|  0%| F|  |TAMS 0x00000000acd00000| PB 0x00000000acd00000| Untracked |  0
| 718|0x00000000ace00000, 0x00000000ace00000, 0x00000000acf00000|  0%| F|  |TAMS 0x00000000ace00000| PB 0x00000000ace00000| Untracked |  0
| 719|0x00000000acf00000, 0x00000000acf00000, 0x00000000ad000000|  0%| F|  |TAMS 0x00000000acf00000| PB 0x00000000acf00000| Untracked |  0
| 720|0x00000000ad000000, 0x00000000ad000000, 0x00000000ad100000|  0%| F|  |TAMS 0x00000000ad000000| PB 0x00000000ad000000| Untracked |  0
| 721|0x00000000ad100000, 0x00000000ad100000, 0x00000000ad200000|  0%| F|  |TAMS 0x00000000ad100000| PB 0x00000000ad100000| Untracked |  0
| 722|0x00000000ad200000, 0x00000000ad200000, 0x00000000ad300000|  0%| F|  |TAMS 0x00000000ad200000| PB 0x00000000ad200000| Untracked |  0
| 723|0x00000000ad300000, 0x00000000ad300000, 0x00000000ad400000|  0%| F|  |TAMS 0x00000000ad300000| PB 0x00000000ad300000| Untracked |  0
| 724|0x00000000ad400000, 0x00000000ad400000, 0x00000000ad500000|  0%| F|  |TAMS 0x00000000ad400000| PB 0x00000000ad400000| Untracked |  0
| 725|0x00000000ad500000, 0x00000000ad500000, 0x00000000ad600000|  0%| F|  |TAMS 0x00000000ad500000| PB 0x00000000ad500000| Untracked |  0
| 726|0x00000000ad600000, 0x00000000ad600000, 0x00000000ad700000|  0%| F|  |TAMS 0x00000000ad600000| PB 0x00000000ad600000| Untracked |  0
| 727|0x00000000ad700000, 0x00000000ad700000, 0x00000000ad800000|  0%| F|  |TAMS 0x00000000ad700000| PB 0x00000000ad700000| Untracked |  0
| 728|0x00000000ad800000, 0x00000000ad800000, 0x00000000ad900000|  0%| F|  |TAMS 0x00000000ad800000| PB 0x00000000ad800000| Untracked |  0
| 729|0x00000000ad900000, 0x00000000ad900000, 0x00000000ada00000|  0%| F|  |TAMS 0x00000000ad900000| PB 0x00000000ad900000| Untracked |  0
| 730|0x00000000ada00000, 0x00000000ada00000, 0x00000000adb00000|  0%| F|  |TAMS 0x00000000ada00000| PB 0x00000000ada00000| Untracked |  0
| 731|0x00000000adb00000, 0x00000000adb00000, 0x00000000adc00000|  0%| F|  |TAMS 0x00000000adb00000| PB 0x00000000adb00000| Untracked |  0
| 732|0x00000000adc00000, 0x00000000adc00000, 0x00000000add00000|  0%| F|  |TAMS 0x00000000adc00000| PB 0x00000000adc00000| Untracked |  0
| 733|0x00000000add00000, 0x00000000add00000, 0x00000000ade00000|  0%| F|  |TAMS 0x00000000add00000| PB 0x00000000add00000| Untracked |  0
| 734|0x00000000ade00000, 0x00000000ade00000, 0x00000000adf00000|  0%| F|  |TAMS 0x00000000ade00000| PB 0x00000000ade00000| Untracked |  0
| 735|0x00000000adf00000, 0x00000000adf00000, 0x00000000ae000000|  0%| F|  |TAMS 0x00000000adf00000| PB 0x00000000adf00000| Untracked |  0
| 736|0x00000000ae000000, 0x00000000ae000000, 0x00000000ae100000|  0%| F|  |TAMS 0x00000000ae000000| PB 0x00000000ae000000| Untracked |  0
| 737|0x00000000ae100000, 0x00000000ae100000, 0x00000000ae200000|  0%| F|  |TAMS 0x00000000ae100000| PB 0x00000000ae100000| Untracked |  0
| 738|0x00000000ae200000, 0x00000000ae200000, 0x00000000ae300000|  0%| F|  |TAMS 0x00000000ae200000| PB 0x00000000ae200000| Untracked |  0
| 739|0x00000000ae300000, 0x00000000ae300000, 0x00000000ae400000|  0%| F|  |TAMS 0x00000000ae300000| PB 0x00000000ae300000| Untracked |  0
| 740|0x00000000ae400000, 0x00000000ae400000, 0x00000000ae500000|  0%| F|  |TAMS 0x00000000ae400000| PB 0x00000000ae400000| Untracked |  0
| 741|0x00000000ae500000, 0x00000000ae500000, 0x00000000ae600000|  0%| F|  |TAMS 0x00000000ae500000| PB 0x00000000ae500000| Untracked |  0
| 742|0x00000000ae600000, 0x00000000ae600000, 0x00000000ae700000|  0%| F|  |TAMS 0x00000000ae600000| PB 0x00000000ae600000| Untracked |  0
| 743|0x00000000ae700000, 0x00000000ae700000, 0x00000000ae800000|  0%| F|  |TAMS 0x00000000ae700000| PB 0x00000000ae700000| Untracked |  0
| 744|0x00000000ae800000, 0x00000000ae800000, 0x00000000ae900000|  0%| F|  |TAMS 0x00000000ae800000| PB 0x00000000ae800000| Untracked |  0
| 745|0x00000000ae900000, 0x00000000ae900000, 0x00000000aea00000|  0%| F|  |TAMS 0x00000000ae900000| PB 0x00000000ae900000| Untracked |  0
| 746|0x00000000aea00000, 0x00000000aea00000, 0x00000000aeb00000|  0%| F|  |TAMS 0x00000000aea00000| PB 0x00000000aea00000| Untracked |  0
| 747|0x00000000aeb00000, 0x00000000aeb00000, 0x00000000aec00000|  0%| F|  |TAMS 0x00000000aeb00000| PB 0x00000000aeb00000| Untracked |  0
| 748|0x00000000aec00000, 0x00000000aec00000, 0x00000000aed00000|  0%| F|  |TAMS 0x00000000aec00000| PB 0x00000000aec00000| Untracked |  0
| 749|0x00000000aed00000, 0x00000000aed00000, 0x00000000aee00000|  0%| F|  |TAMS 0x00000000aed00000| PB 0x00000000aed00000| Untracked |  0
| 750|0x00000000aee00000, 0x00000000aee00000, 0x00000000aef00000|  0%| F|  |TAMS 0x00000000aee00000| PB 0x00000000aee00000| Untracked |  0
| 751|0x00000000aef00000, 0x00000000aef00000, 0x00000000af000000|  0%| F|  |TAMS 0x00000000aef00000| PB 0x00000000aef00000| Untracked |  0
| 752|0x00000000af000000, 0x00000000af000000, 0x00000000af100000|  0%| F|  |TAMS 0x00000000af000000| PB 0x00000000af000000| Untracked |  0
| 753|0x00000000af100000, 0x00000000af100000, 0x00000000af200000|  0%| F|  |TAMS 0x00000000af100000| PB 0x00000000af100000| Untracked |  0
| 754|0x00000000af200000, 0x00000000af200000, 0x00000000af300000|  0%| F|  |TAMS 0x00000000af200000| PB 0x00000000af200000| Untracked |  0
| 755|0x00000000af300000, 0x00000000af300000, 0x00000000af400000|  0%| F|  |TAMS 0x00000000af300000| PB 0x00000000af300000| Untracked |  0
| 756|0x00000000af400000, 0x00000000af400000, 0x00000000af500000|  0%| F|  |TAMS 0x00000000af400000| PB 0x00000000af400000| Untracked |  0
| 757|0x00000000af500000, 0x00000000af500000, 0x00000000af600000|  0%| F|  |TAMS 0x00000000af500000| PB 0x00000000af500000| Untracked |  0
| 758|0x00000000af600000, 0x00000000af600000, 0x00000000af700000|  0%| F|  |TAMS 0x00000000af600000| PB 0x00000000af600000| Untracked |  0
| 759|0x00000000af700000, 0x00000000af700000, 0x00000000af800000|  0%| F|  |TAMS 0x00000000af700000| PB 0x00000000af700000| Untracked |  0
| 760|0x00000000af800000, 0x00000000af800000, 0x00000000af900000|  0%| F|  |TAMS 0x00000000af800000| PB 0x00000000af800000| Untracked |  0
| 761|0x00000000af900000, 0x00000000af900000, 0x00000000afa00000|  0%| F|  |TAMS 0x00000000af900000| PB 0x00000000af900000| Untracked |  0
| 762|0x00000000afa00000, 0x00000000afa00000, 0x00000000afb00000|  0%| F|  |TAMS 0x00000000afa00000| PB 0x00000000afa00000| Untracked |  0
| 763|0x00000000afb00000, 0x00000000afb00000, 0x00000000afc00000|  0%| F|  |TAMS 0x00000000afb00000| PB 0x00000000afb00000| Untracked |  0
| 764|0x00000000afc00000, 0x00000000afc00000, 0x00000000afd00000|  0%| F|  |TAMS 0x00000000afc00000| PB 0x00000000afc00000| Untracked |  0
| 765|0x00000000afd00000, 0x00000000afd00000, 0x00000000afe00000|  0%| F|  |TAMS 0x00000000afd00000| PB 0x00000000afd00000| Untracked |  0
| 766|0x00000000afe00000, 0x00000000afe00000, 0x00000000aff00000|  0%| F|  |TAMS 0x00000000afe00000| PB 0x00000000afe00000| Untracked |  0
| 767|0x00000000aff00000, 0x00000000aff00000, 0x00000000b0000000|  0%| F|  |TAMS 0x00000000aff00000| PB 0x00000000aff00000| Untracked |  0
| 768|0x00000000b0000000, 0x00000000b0000000, 0x00000000b0100000|  0%| F|  |TAMS 0x00000000b0000000| PB 0x00000000b0000000| Untracked |  0
| 769|0x00000000b0100000, 0x00000000b0100000, 0x00000000b0200000|  0%| F|  |TAMS 0x00000000b0100000| PB 0x00000000b0100000| Untracked |  0
| 770|0x00000000b0200000, 0x00000000b0200000, 0x00000000b0300000|  0%| F|  |TAMS 0x00000000b0200000| PB 0x00000000b0200000| Untracked |  0
| 771|0x00000000b0300000, 0x00000000b0300000, 0x00000000b0400000|  0%| F|  |TAMS 0x00000000b0300000| PB 0x00000000b0300000| Untracked |  0
| 772|0x00000000b0400000, 0x00000000b0400000, 0x00000000b0500000|  0%| F|  |TAMS 0x00000000b0400000| PB 0x00000000b0400000| Untracked |  0
| 773|0x00000000b0500000, 0x00000000b0500000, 0x00000000b0600000|  0%| F|  |TAMS 0x00000000b0500000| PB 0x00000000b0500000| Untracked |  0
| 774|0x00000000b0600000, 0x00000000b0600000, 0x00000000b0700000|  0%| F|  |TAMS 0x00000000b0600000| PB 0x00000000b0600000| Untracked |  0
| 775|0x00000000b0700000, 0x00000000b0700000, 0x00000000b0800000|  0%| F|  |TAMS 0x00000000b0700000| PB 0x00000000b0700000| Untracked |  0
| 776|0x00000000b0800000, 0x00000000b0800000, 0x00000000b0900000|  0%| F|  |TAMS 0x00000000b0800000| PB 0x00000000b0800000| Untracked |  0
| 777|0x00000000b0900000, 0x00000000b0900000, 0x00000000b0a00000|  0%| F|  |TAMS 0x00000000b0900000| PB 0x00000000b0900000| Untracked |  0
| 778|0x00000000b0a00000, 0x00000000b0a00000, 0x00000000b0b00000|  0%| F|  |TAMS 0x00000000b0a00000| PB 0x00000000b0a00000| Untracked |  0
| 779|0x00000000b0b00000, 0x00000000b0b00000, 0x00000000b0c00000|  0%| F|  |TAMS 0x00000000b0b00000| PB 0x00000000b0b00000| Untracked |  0
| 780|0x00000000b0c00000, 0x00000000b0c00000, 0x00000000b0d00000|  0%| F|  |TAMS 0x00000000b0c00000| PB 0x00000000b0c00000| Untracked |  0
| 781|0x00000000b0d00000, 0x00000000b0d00000, 0x00000000b0e00000|  0%| F|  |TAMS 0x00000000b0d00000| PB 0x00000000b0d00000| Untracked |  0
| 782|0x00000000b0e00000, 0x00000000b0e00000, 0x00000000b0f00000|  0%| F|  |TAMS 0x00000000b0e00000| PB 0x00000000b0e00000| Untracked |  0
| 783|0x00000000b0f00000, 0x00000000b0f00000, 0x00000000b1000000|  0%| F|  |TAMS 0x00000000b0f00000| PB 0x00000000b0f00000| Untracked |  0
| 784|0x00000000b1000000, 0x00000000b1000000, 0x00000000b1100000|  0%| F|  |TAMS 0x00000000b1000000| PB 0x00000000b1000000| Untracked |  0
| 785|0x00000000b1100000, 0x00000000b1100000, 0x00000000b1200000|  0%| F|  |TAMS 0x00000000b1100000| PB 0x00000000b1100000| Untracked |  0
| 786|0x00000000b1200000, 0x00000000b1200000, 0x00000000b1300000|  0%| F|  |TAMS 0x00000000b1200000| PB 0x00000000b1200000| Untracked |  0
| 787|0x00000000b1300000, 0x00000000b1300000, 0x00000000b1400000|  0%| F|  |TAMS 0x00000000b1300000| PB 0x00000000b1300000| Untracked |  0
| 788|0x00000000b1400000, 0x00000000b1400000, 0x00000000b1500000|  0%| F|  |TAMS 0x00000000b1400000| PB 0x00000000b1400000| Untracked |  0
| 789|0x00000000b1500000, 0x00000000b1500000, 0x00000000b1600000|  0%| F|  |TAMS 0x00000000b1500000| PB 0x00000000b1500000| Untracked |  0
| 790|0x00000000b1600000, 0x00000000b1600000, 0x00000000b1700000|  0%| F|  |TAMS 0x00000000b1600000| PB 0x00000000b1600000| Untracked |  0
| 791|0x00000000b1700000, 0x00000000b1700000, 0x00000000b1800000|  0%| F|  |TAMS 0x00000000b1700000| PB 0x00000000b1700000| Untracked |  0
| 792|0x00000000b1800000, 0x00000000b1800000, 0x00000000b1900000|  0%| F|  |TAMS 0x00000000b1800000| PB 0x00000000b1800000| Untracked |  0
| 793|0x00000000b1900000, 0x00000000b1900000, 0x00000000b1a00000|  0%| F|  |TAMS 0x00000000b1900000| PB 0x00000000b1900000| Untracked |  0
| 794|0x00000000b1a00000, 0x00000000b1a00000, 0x00000000b1b00000|  0%| F|  |TAMS 0x00000000b1a00000| PB 0x00000000b1a00000| Untracked |  0
| 795|0x00000000b1b00000, 0x00000000b1b00000, 0x00000000b1c00000|  0%| F|  |TAMS 0x00000000b1b00000| PB 0x00000000b1b00000| Untracked |  0
| 796|0x00000000b1c00000, 0x00000000b1c00000, 0x00000000b1d00000|  0%| F|  |TAMS 0x00000000b1c00000| PB 0x00000000b1c00000| Untracked |  0
| 797|0x00000000b1d00000, 0x00000000b1d00000, 0x00000000b1e00000|  0%| F|  |TAMS 0x00000000b1d00000| PB 0x00000000b1d00000| Untracked |  0
| 798|0x00000000b1e00000, 0x00000000b1e00000, 0x00000000b1f00000|  0%| F|  |TAMS 0x00000000b1e00000| PB 0x00000000b1e00000| Untracked |  0
| 799|0x00000000b1f00000, 0x00000000b1f00000, 0x00000000b2000000|  0%| F|  |TAMS 0x00000000b1f00000| PB 0x00000000b1f00000| Untracked |  0
| 800|0x00000000b2000000, 0x00000000b2000000, 0x00000000b2100000|  0%| F|  |TAMS 0x00000000b2000000| PB 0x00000000b2000000| Untracked |  0
| 801|0x00000000b2100000, 0x00000000b2100000, 0x00000000b2200000|  0%| F|  |TAMS 0x00000000b2100000| PB 0x00000000b2100000| Untracked |  0
| 802|0x00000000b2200000, 0x00000000b2200000, 0x00000000b2300000|  0%| F|  |TAMS 0x00000000b2200000| PB 0x00000000b2200000| Untracked |  0
| 803|0x00000000b2300000, 0x00000000b2300000, 0x00000000b2400000|  0%| F|  |TAMS 0x00000000b2300000| PB 0x00000000b2300000| Untracked |  0
| 804|0x00000000b2400000, 0x00000000b2400000, 0x00000000b2500000|  0%| F|  |TAMS 0x00000000b2400000| PB 0x00000000b2400000| Untracked |  0
| 805|0x00000000b2500000, 0x00000000b2500000, 0x00000000b2600000|  0%| F|  |TAMS 0x00000000b2500000| PB 0x00000000b2500000| Untracked |  0
| 806|0x00000000b2600000, 0x00000000b2600000, 0x00000000b2700000|  0%| F|  |TAMS 0x00000000b2600000| PB 0x00000000b2600000| Untracked |  0
| 807|0x00000000b2700000, 0x00000000b2700000, 0x00000000b2800000|  0%| F|  |TAMS 0x00000000b2700000| PB 0x00000000b2700000| Untracked |  0
| 808|0x00000000b2800000, 0x00000000b2800000, 0x00000000b2900000|  0%| F|  |TAMS 0x00000000b2800000| PB 0x00000000b2800000| Untracked |  0
| 809|0x00000000b2900000, 0x00000000b2900000, 0x00000000b2a00000|  0%| F|  |TAMS 0x00000000b2900000| PB 0x00000000b2900000| Untracked |  0
| 810|0x00000000b2a00000, 0x00000000b2a00000, 0x00000000b2b00000|  0%| F|  |TAMS 0x00000000b2a00000| PB 0x00000000b2a00000| Untracked |  0
| 811|0x00000000b2b00000, 0x00000000b2b00000, 0x00000000b2c00000|  0%| F|  |TAMS 0x00000000b2b00000| PB 0x00000000b2b00000| Untracked |  0
| 812|0x00000000b2c00000, 0x00000000b2c00000, 0x00000000b2d00000|  0%| F|  |TAMS 0x00000000b2c00000| PB 0x00000000b2c00000| Untracked |  0
| 813|0x00000000b2d00000, 0x00000000b2d00000, 0x00000000b2e00000|  0%| F|  |TAMS 0x00000000b2d00000| PB 0x00000000b2d00000| Untracked |  0
| 814|0x00000000b2e00000, 0x00000000b2e00000, 0x00000000b2f00000|  0%| F|  |TAMS 0x00000000b2e00000| PB 0x00000000b2e00000| Untracked |  0
| 815|0x00000000b2f00000, 0x00000000b2f00000, 0x00000000b3000000|  0%| F|  |TAMS 0x00000000b2f00000| PB 0x00000000b2f00000| Untracked |  0
| 816|0x00000000b3000000, 0x00000000b3000000, 0x00000000b3100000|  0%| F|  |TAMS 0x00000000b3000000| PB 0x00000000b3000000| Untracked |  0
| 817|0x00000000b3100000, 0x00000000b3100000, 0x00000000b3200000|  0%| F|  |TAMS 0x00000000b3100000| PB 0x00000000b3100000| Untracked |  0
| 818|0x00000000b3200000, 0x00000000b3200000, 0x00000000b3300000|  0%| F|  |TAMS 0x00000000b3200000| PB 0x00000000b3200000| Untracked |  0
| 819|0x00000000b3300000, 0x00000000b3300000, 0x00000000b3400000|  0%| F|  |TAMS 0x00000000b3300000| PB 0x00000000b3300000| Untracked |  0
| 820|0x00000000b3400000, 0x00000000b3400000, 0x00000000b3500000|  0%| F|  |TAMS 0x00000000b3400000| PB 0x00000000b3400000| Untracked |  0
| 821|0x00000000b3500000, 0x00000000b3500000, 0x00000000b3600000|  0%| F|  |TAMS 0x00000000b3500000| PB 0x00000000b3500000| Untracked |  0
| 822|0x00000000b3600000, 0x00000000b3600000, 0x00000000b3700000|  0%| F|  |TAMS 0x00000000b3600000| PB 0x00000000b3600000| Untracked |  0
| 823|0x00000000b3700000, 0x00000000b3700000, 0x00000000b3800000|  0%| F|  |TAMS 0x00000000b3700000| PB 0x00000000b3700000| Untracked |  0
| 824|0x00000000b3800000, 0x00000000b3800000, 0x00000000b3900000|  0%| F|  |TAMS 0x00000000b3800000| PB 0x00000000b3800000| Untracked |  0
| 825|0x00000000b3900000, 0x00000000b3900000, 0x00000000b3a00000|  0%| F|  |TAMS 0x00000000b3900000| PB 0x00000000b3900000| Untracked |  0
| 826|0x00000000b3a00000, 0x00000000b3a00000, 0x00000000b3b00000|  0%| F|  |TAMS 0x00000000b3a00000| PB 0x00000000b3a00000| Untracked |  0
| 827|0x00000000b3b00000, 0x00000000b3b00000, 0x00000000b3c00000|  0%| F|  |TAMS 0x00000000b3b00000| PB 0x00000000b3b00000| Untracked |  0
| 828|0x00000000b3c00000, 0x00000000b3c00000, 0x00000000b3d00000|  0%| F|  |TAMS 0x00000000b3c00000| PB 0x00000000b3c00000| Untracked |  0
| 829|0x00000000b3d00000, 0x00000000b3d00000, 0x00000000b3e00000|  0%| F|  |TAMS 0x00000000b3d00000| PB 0x00000000b3d00000| Untracked |  0
| 830|0x00000000b3e00000, 0x00000000b3e00000, 0x00000000b3f00000|  0%| F|  |TAMS 0x00000000b3e00000| PB 0x00000000b3e00000| Untracked |  0
| 831|0x00000000b3f00000, 0x00000000b3f00000, 0x00000000b4000000|  0%| F|  |TAMS 0x00000000b3f00000| PB 0x00000000b3f00000| Untracked |  0
| 832|0x00000000b4000000, 0x00000000b4000000, 0x00000000b4100000|  0%| F|  |TAMS 0x00000000b4000000| PB 0x00000000b4000000| Untracked |  0
| 833|0x00000000b4100000, 0x00000000b4100000, 0x00000000b4200000|  0%| F|  |TAMS 0x00000000b4100000| PB 0x00000000b4100000| Untracked |  0
| 834|0x00000000b4200000, 0x00000000b4200000, 0x00000000b4300000|  0%| F|  |TAMS 0x00000000b4200000| PB 0x00000000b4200000| Untracked |  0
| 835|0x00000000b4300000, 0x00000000b4300000, 0x00000000b4400000|  0%| F|  |TAMS 0x00000000b4300000| PB 0x00000000b4300000| Untracked |  0
| 836|0x00000000b4400000, 0x00000000b4400000, 0x00000000b4500000|  0%| F|  |TAMS 0x00000000b4400000| PB 0x00000000b4400000| Untracked |  0
| 837|0x00000000b4500000, 0x00000000b4500000, 0x00000000b4600000|  0%| F|  |TAMS 0x00000000b4500000| PB 0x00000000b4500000| Untracked |  0
| 838|0x00000000b4600000, 0x00000000b4600000, 0x00000000b4700000|  0%| F|  |TAMS 0x00000000b4600000| PB 0x00000000b4600000| Untracked |  0
| 839|0x00000000b4700000, 0x00000000b4700000, 0x00000000b4800000|  0%| F|  |TAMS 0x00000000b4700000| PB 0x00000000b4700000| Untracked |  0
| 840|0x00000000b4800000, 0x00000000b4800000, 0x00000000b4900000|  0%| F|  |TAMS 0x00000000b4800000| PB 0x00000000b4800000| Untracked |  0
| 841|0x00000000b4900000, 0x00000000b4900000, 0x00000000b4a00000|  0%| F|  |TAMS 0x00000000b4900000| PB 0x00000000b4900000| Untracked |  0
| 842|0x00000000b4a00000, 0x00000000b4a00000, 0x00000000b4b00000|  0%| F|  |TAMS 0x00000000b4a00000| PB 0x00000000b4a00000| Untracked |  0
| 843|0x00000000b4b00000, 0x00000000b4b00000, 0x00000000b4c00000|  0%| F|  |TAMS 0x00000000b4b00000| PB 0x00000000b4b00000| Untracked |  0
| 844|0x00000000b4c00000, 0x00000000b4c00000, 0x00000000b4d00000|  0%| F|  |TAMS 0x00000000b4c00000| PB 0x00000000b4c00000| Untracked |  0
| 845|0x00000000b4d00000, 0x00000000b4d00000, 0x00000000b4e00000|  0%| F|  |TAMS 0x00000000b4d00000| PB 0x00000000b4d00000| Untracked |  0
| 846|0x00000000b4e00000, 0x00000000b4e00000, 0x00000000b4f00000|  0%| F|  |TAMS 0x00000000b4e00000| PB 0x00000000b4e00000| Untracked |  0
| 847|0x00000000b4f00000, 0x00000000b4f00000, 0x00000000b5000000|  0%| F|  |TAMS 0x00000000b4f00000| PB 0x00000000b4f00000| Untracked |  0
| 848|0x00000000b5000000, 0x00000000b5000000, 0x00000000b5100000|  0%| F|  |TAMS 0x00000000b5000000| PB 0x00000000b5000000| Untracked |  0
| 849|0x00000000b5100000, 0x00000000b5100000, 0x00000000b5200000|  0%| F|  |TAMS 0x00000000b5100000| PB 0x00000000b5100000| Untracked |  0
| 850|0x00000000b5200000, 0x00000000b5200000, 0x00000000b5300000|  0%| F|  |TAMS 0x00000000b5200000| PB 0x00000000b5200000| Untracked |  0
| 851|0x00000000b5300000, 0x00000000b5300000, 0x00000000b5400000|  0%| F|  |TAMS 0x00000000b5300000| PB 0x00000000b5300000| Untracked |  0
| 852|0x00000000b5400000, 0x00000000b5400000, 0x00000000b5500000|  0%| F|  |TAMS 0x00000000b5400000| PB 0x00000000b5400000| Untracked |  0
| 853|0x00000000b5500000, 0x00000000b5500000, 0x00000000b5600000|  0%| F|  |TAMS 0x00000000b5500000| PB 0x00000000b5500000| Untracked |  0
| 854|0x00000000b5600000, 0x00000000b5600000, 0x00000000b5700000|  0%| F|  |TAMS 0x00000000b5600000| PB 0x00000000b5600000| Untracked |  0
| 855|0x00000000b5700000, 0x00000000b5700000, 0x00000000b5800000|  0%| F|  |TAMS 0x00000000b5700000| PB 0x00000000b5700000| Untracked |  0
| 856|0x00000000b5800000, 0x00000000b5800000, 0x00000000b5900000|  0%| F|  |TAMS 0x00000000b5800000| PB 0x00000000b5800000| Untracked |  0
| 857|0x00000000b5900000, 0x00000000b5900000, 0x00000000b5a00000|  0%| F|  |TAMS 0x00000000b5900000| PB 0x00000000b5900000| Untracked |  0
| 858|0x00000000b5a00000, 0x00000000b5a00000, 0x00000000b5b00000|  0%| F|  |TAMS 0x00000000b5a00000| PB 0x00000000b5a00000| Untracked |  0
| 859|0x00000000b5b00000, 0x00000000b5b00000, 0x00000000b5c00000|  0%| F|  |TAMS 0x00000000b5b00000| PB 0x00000000b5b00000| Untracked |  0
| 860|0x00000000b5c00000, 0x00000000b5c00000, 0x00000000b5d00000|  0%| F|  |TAMS 0x00000000b5c00000| PB 0x00000000b5c00000| Untracked |  0
| 861|0x00000000b5d00000, 0x00000000b5d00000, 0x00000000b5e00000|  0%| F|  |TAMS 0x00000000b5d00000| PB 0x00000000b5d00000| Untracked |  0
| 862|0x00000000b5e00000, 0x00000000b5e00000, 0x00000000b5f00000|  0%| F|  |TAMS 0x00000000b5e00000| PB 0x00000000b5e00000| Untracked |  0
| 863|0x00000000b5f00000, 0x00000000b5f00000, 0x00000000b6000000|  0%| F|  |TAMS 0x00000000b5f00000| PB 0x00000000b5f00000| Untracked |  0
| 864|0x00000000b6000000, 0x00000000b6000000, 0x00000000b6100000|  0%| F|  |TAMS 0x00000000b6000000| PB 0x00000000b6000000| Untracked |  0
| 865|0x00000000b6100000, 0x00000000b6100000, 0x00000000b6200000|  0%| F|  |TAMS 0x00000000b6100000| PB 0x00000000b6100000| Untracked |  0
| 866|0x00000000b6200000, 0x00000000b6200000, 0x00000000b6300000|  0%| F|  |TAMS 0x00000000b6200000| PB 0x00000000b6200000| Untracked |  0
| 867|0x00000000b6300000, 0x00000000b6300000, 0x00000000b6400000|  0%| F|  |TAMS 0x00000000b6300000| PB 0x00000000b6300000| Untracked |  0
| 868|0x00000000b6400000, 0x00000000b6400000, 0x00000000b6500000|  0%| F|  |TAMS 0x00000000b6400000| PB 0x00000000b6400000| Untracked |  0
| 869|0x00000000b6500000, 0x00000000b6500000, 0x00000000b6600000|  0%| F|  |TAMS 0x00000000b6500000| PB 0x00000000b6500000| Untracked |  0
| 870|0x00000000b6600000, 0x00000000b6600000, 0x00000000b6700000|  0%| F|  |TAMS 0x00000000b6600000| PB 0x00000000b6600000| Untracked |  0
| 871|0x00000000b6700000, 0x00000000b6700000, 0x00000000b6800000|  0%| F|  |TAMS 0x00000000b6700000| PB 0x00000000b6700000| Untracked |  0
| 872|0x00000000b6800000, 0x00000000b6800000, 0x00000000b6900000|  0%| F|  |TAMS 0x00000000b6800000| PB 0x00000000b6800000| Untracked |  0
| 873|0x00000000b6900000, 0x00000000b6900000, 0x00000000b6a00000|  0%| F|  |TAMS 0x00000000b6900000| PB 0x00000000b6900000| Untracked |  0
| 874|0x00000000b6a00000, 0x00000000b6a00000, 0x00000000b6b00000|  0%| F|  |TAMS 0x00000000b6a00000| PB 0x00000000b6a00000| Untracked |  0
| 875|0x00000000b6b00000, 0x00000000b6b00000, 0x00000000b6c00000|  0%| F|  |TAMS 0x00000000b6b00000| PB 0x00000000b6b00000| Untracked |  0
| 876|0x00000000b6c00000, 0x00000000b6c00000, 0x00000000b6d00000|  0%| F|  |TAMS 0x00000000b6c00000| PB 0x00000000b6c00000| Untracked |  0
| 877|0x00000000b6d00000, 0x00000000b6d00000, 0x00000000b6e00000|  0%| F|  |TAMS 0x00000000b6d00000| PB 0x00000000b6d00000| Untracked |  0
| 878|0x00000000b6e00000, 0x00000000b6e00000, 0x00000000b6f00000|  0%| F|  |TAMS 0x00000000b6e00000| PB 0x00000000b6e00000| Untracked |  0
| 879|0x00000000b6f00000, 0x00000000b6f00000, 0x00000000b7000000|  0%| F|  |TAMS 0x00000000b6f00000| PB 0x00000000b6f00000| Untracked |  0
| 880|0x00000000b7000000, 0x00000000b7000000, 0x00000000b7100000|  0%| F|  |TAMS 0x00000000b7000000| PB 0x00000000b7000000| Untracked |  0
| 881|0x00000000b7100000, 0x00000000b7100000, 0x00000000b7200000|  0%| F|  |TAMS 0x00000000b7100000| PB 0x00000000b7100000| Untracked |  0
| 882|0x00000000b7200000, 0x00000000b7200000, 0x00000000b7300000|  0%| F|  |TAMS 0x00000000b7200000| PB 0x00000000b7200000| Untracked |  0
| 883|0x00000000b7300000, 0x00000000b7300000, 0x00000000b7400000|  0%| F|  |TAMS 0x00000000b7300000| PB 0x00000000b7300000| Untracked |  0
| 884|0x00000000b7400000, 0x00000000b7400000, 0x00000000b7500000|  0%| F|  |TAMS 0x00000000b7400000| PB 0x00000000b7400000| Untracked |  0
| 885|0x00000000b7500000, 0x00000000b7500000, 0x00000000b7600000|  0%| F|  |TAMS 0x00000000b7500000| PB 0x00000000b7500000| Untracked |  0
| 886|0x00000000b7600000, 0x00000000b7600000, 0x00000000b7700000|  0%| F|  |TAMS 0x00000000b7600000| PB 0x00000000b7600000| Untracked |  0
| 887|0x00000000b7700000, 0x00000000b7700000, 0x00000000b7800000|  0%| F|  |TAMS 0x00000000b7700000| PB 0x00000000b7700000| Untracked |  0
| 888|0x00000000b7800000, 0x00000000b7800000, 0x00000000b7900000|  0%| F|  |TAMS 0x00000000b7800000| PB 0x00000000b7800000| Untracked |  0
| 889|0x00000000b7900000, 0x00000000b7900000, 0x00000000b7a00000|  0%| F|  |TAMS 0x00000000b7900000| PB 0x00000000b7900000| Untracked |  0
| 890|0x00000000b7a00000, 0x00000000b7a00000, 0x00000000b7b00000|  0%| F|  |TAMS 0x00000000b7a00000| PB 0x00000000b7a00000| Untracked |  0
| 891|0x00000000b7b00000, 0x00000000b7b00000, 0x00000000b7c00000|  0%| F|  |TAMS 0x00000000b7b00000| PB 0x00000000b7b00000| Untracked |  0
| 892|0x00000000b7c00000, 0x00000000b7c00000, 0x00000000b7d00000|  0%| F|  |TAMS 0x00000000b7c00000| PB 0x00000000b7c00000| Untracked |  0
| 893|0x00000000b7d00000, 0x00000000b7d00000, 0x00000000b7e00000|  0%| F|  |TAMS 0x00000000b7d00000| PB 0x00000000b7d00000| Untracked |  0
| 894|0x00000000b7e00000, 0x00000000b7e00000, 0x00000000b7f00000|  0%| F|  |TAMS 0x00000000b7e00000| PB 0x00000000b7e00000| Untracked |  0
| 895|0x00000000b7f00000, 0x00000000b7f00000, 0x00000000b8000000|  0%| F|  |TAMS 0x00000000b7f00000| PB 0x00000000b7f00000| Untracked |  0
| 896|0x00000000b8000000, 0x00000000b8000000, 0x00000000b8100000|  0%| F|  |TAMS 0x00000000b8000000| PB 0x00000000b8000000| Untracked |  0
| 897|0x00000000b8100000, 0x00000000b8100000, 0x00000000b8200000|  0%| F|  |TAMS 0x00000000b8100000| PB 0x00000000b8100000| Untracked |  0
| 898|0x00000000b8200000, 0x00000000b8200000, 0x00000000b8300000|  0%| F|  |TAMS 0x00000000b8200000| PB 0x00000000b8200000| Untracked |  0
| 899|0x00000000b8300000, 0x00000000b8300000, 0x00000000b8400000|  0%| F|  |TAMS 0x00000000b8300000| PB 0x00000000b8300000| Untracked |  0
| 900|0x00000000b8400000, 0x00000000b8400000, 0x00000000b8500000|  0%| F|  |TAMS 0x00000000b8400000| PB 0x00000000b8400000| Untracked |  0
| 901|0x00000000b8500000, 0x00000000b8500000, 0x00000000b8600000|  0%| F|  |TAMS 0x00000000b8500000| PB 0x00000000b8500000| Untracked |  0
| 902|0x00000000b8600000, 0x00000000b8600000, 0x00000000b8700000|  0%| F|  |TAMS 0x00000000b8600000| PB 0x00000000b8600000| Untracked |  0
| 903|0x00000000b8700000, 0x00000000b8700000, 0x00000000b8800000|  0%| F|  |TAMS 0x00000000b8700000| PB 0x00000000b8700000| Untracked |  0
| 904|0x00000000b8800000, 0x00000000b8800000, 0x00000000b8900000|  0%| F|  |TAMS 0x00000000b8800000| PB 0x00000000b8800000| Untracked |  0
| 905|0x00000000b8900000, 0x00000000b8900000, 0x00000000b8a00000|  0%| F|  |TAMS 0x00000000b8900000| PB 0x00000000b8900000| Untracked |  0
| 906|0x00000000b8a00000, 0x00000000b8a00000, 0x00000000b8b00000|  0%| F|  |TAMS 0x00000000b8a00000| PB 0x00000000b8a00000| Untracked |  0
| 907|0x00000000b8b00000, 0x00000000b8b00000, 0x00000000b8c00000|  0%| F|  |TAMS 0x00000000b8b00000| PB 0x00000000b8b00000| Untracked |  0
| 908|0x00000000b8c00000, 0x00000000b8c00000, 0x00000000b8d00000|  0%| F|  |TAMS 0x00000000b8c00000| PB 0x00000000b8c00000| Untracked |  0
| 909|0x00000000b8d00000, 0x00000000b8d00000, 0x00000000b8e00000|  0%| F|  |TAMS 0x00000000b8d00000| PB 0x00000000b8d00000| Untracked |  0
| 910|0x00000000b8e00000, 0x00000000b8e00000, 0x00000000b8f00000|  0%| F|  |TAMS 0x00000000b8e00000| PB 0x00000000b8e00000| Untracked |  0
| 911|0x00000000b8f00000, 0x00000000b8f00000, 0x00000000b9000000|  0%| F|  |TAMS 0x00000000b8f00000| PB 0x00000000b8f00000| Untracked |  0
| 912|0x00000000b9000000, 0x00000000b9000000, 0x00000000b9100000|  0%| F|  |TAMS 0x00000000b9000000| PB 0x00000000b9000000| Untracked |  0
| 913|0x00000000b9100000, 0x00000000b9100000, 0x00000000b9200000|  0%| F|  |TAMS 0x00000000b9100000| PB 0x00000000b9100000| Untracked |  0
| 914|0x00000000b9200000, 0x00000000b9200000, 0x00000000b9300000|  0%| F|  |TAMS 0x00000000b9200000| PB 0x00000000b9200000| Untracked |  0
| 915|0x00000000b9300000, 0x00000000b9300000, 0x00000000b9400000|  0%| F|  |TAMS 0x00000000b9300000| PB 0x00000000b9300000| Untracked |  0
| 916|0x00000000b9400000, 0x00000000b9400000, 0x00000000b9500000|  0%| F|  |TAMS 0x00000000b9400000| PB 0x00000000b9400000| Untracked |  0
| 917|0x00000000b9500000, 0x00000000b9500000, 0x00000000b9600000|  0%| F|  |TAMS 0x00000000b9500000| PB 0x00000000b9500000| Untracked |  0
| 918|0x00000000b9600000, 0x00000000b9600000, 0x00000000b9700000|  0%| F|  |TAMS 0x00000000b9600000| PB 0x00000000b9600000| Untracked |  0
| 919|0x00000000b9700000, 0x00000000b9700000, 0x00000000b9800000|  0%| F|  |TAMS 0x00000000b9700000| PB 0x00000000b9700000| Untracked |  0
| 920|0x00000000b9800000, 0x00000000b9800000, 0x00000000b9900000|  0%| F|  |TAMS 0x00000000b9800000| PB 0x00000000b9800000| Untracked |  0
| 921|0x00000000b9900000, 0x00000000b9900000, 0x00000000b9a00000|  0%| F|  |TAMS 0x00000000b9900000| PB 0x00000000b9900000| Untracked |  0
| 922|0x00000000b9a00000, 0x00000000b9a00000, 0x00000000b9b00000|  0%| F|  |TAMS 0x00000000b9a00000| PB 0x00000000b9a00000| Untracked |  0
| 923|0x00000000b9b00000, 0x00000000b9b00000, 0x00000000b9c00000|  0%| F|  |TAMS 0x00000000b9b00000| PB 0x00000000b9b00000| Untracked |  0
| 924|0x00000000b9c00000, 0x00000000b9c00000, 0x00000000b9d00000|  0%| F|  |TAMS 0x00000000b9c00000| PB 0x00000000b9c00000| Untracked |  0
| 925|0x00000000b9d00000, 0x00000000b9d00000, 0x00000000b9e00000|  0%| F|  |TAMS 0x00000000b9d00000| PB 0x00000000b9d00000| Untracked |  0
| 926|0x00000000b9e00000, 0x00000000b9e00000, 0x00000000b9f00000|  0%| F|  |TAMS 0x00000000b9e00000| PB 0x00000000b9e00000| Untracked |  0
| 927|0x00000000b9f00000, 0x00000000b9f00000, 0x00000000ba000000|  0%| F|  |TAMS 0x00000000b9f00000| PB 0x00000000b9f00000| Untracked |  0
| 928|0x00000000ba000000, 0x00000000ba000000, 0x00000000ba100000|  0%| F|  |TAMS 0x00000000ba000000| PB 0x00000000ba000000| Untracked |  0
| 929|0x00000000ba100000, 0x00000000ba100000, 0x00000000ba200000|  0%| F|  |TAMS 0x00000000ba100000| PB 0x00000000ba100000| Untracked |  0
| 930|0x00000000ba200000, 0x00000000ba200000, 0x00000000ba300000|  0%| F|  |TAMS 0x00000000ba200000| PB 0x00000000ba200000| Untracked |  0
| 931|0x00000000ba300000, 0x00000000ba300000, 0x00000000ba400000|  0%| F|  |TAMS 0x00000000ba300000| PB 0x00000000ba300000| Untracked |  0
| 932|0x00000000ba400000, 0x00000000ba400000, 0x00000000ba500000|  0%| F|  |TAMS 0x00000000ba400000| PB 0x00000000ba400000| Untracked |  0
| 933|0x00000000ba500000, 0x00000000ba500000, 0x00000000ba600000|  0%| F|  |TAMS 0x00000000ba500000| PB 0x00000000ba500000| Untracked |  0
| 934|0x00000000ba600000, 0x00000000ba600000, 0x00000000ba700000|  0%| F|  |TAMS 0x00000000ba600000| PB 0x00000000ba600000| Untracked |  0
| 935|0x00000000ba700000, 0x00000000ba700000, 0x00000000ba800000|  0%| F|  |TAMS 0x00000000ba700000| PB 0x00000000ba700000| Untracked |  0
| 936|0x00000000ba800000, 0x00000000ba800000, 0x00000000ba900000|  0%| F|  |TAMS 0x00000000ba800000| PB 0x00000000ba800000| Untracked |  0
| 937|0x00000000ba900000, 0x00000000ba900000, 0x00000000baa00000|  0%| F|  |TAMS 0x00000000ba900000| PB 0x00000000ba900000| Untracked |  0
| 938|0x00000000baa00000, 0x00000000baa00000, 0x00000000bab00000|  0%| F|  |TAMS 0x00000000baa00000| PB 0x00000000baa00000| Untracked |  0
| 939|0x00000000bab00000, 0x00000000bab00000, 0x00000000bac00000|  0%| F|  |TAMS 0x00000000bab00000| PB 0x00000000bab00000| Untracked |  0
| 940|0x00000000bac00000, 0x00000000bac00000, 0x00000000bad00000|  0%| F|  |TAMS 0x00000000bac00000| PB 0x00000000bac00000| Untracked |  0
| 941|0x00000000bad00000, 0x00000000bad00000, 0x00000000bae00000|  0%| F|  |TAMS 0x00000000bad00000| PB 0x00000000bad00000| Untracked |  0
| 942|0x00000000bae00000, 0x00000000bae00000, 0x00000000baf00000|  0%| F|  |TAMS 0x00000000bae00000| PB 0x00000000bae00000| Untracked |  0
| 943|0x00000000baf00000, 0x00000000baf00000, 0x00000000bb000000|  0%| F|  |TAMS 0x00000000baf00000| PB 0x00000000baf00000| Untracked |  0
| 944|0x00000000bb000000, 0x00000000bb000000, 0x00000000bb100000|  0%| F|  |TAMS 0x00000000bb000000| PB 0x00000000bb000000| Untracked |  0
| 945|0x00000000bb100000, 0x00000000bb100000, 0x00000000bb200000|  0%| F|  |TAMS 0x00000000bb100000| PB 0x00000000bb100000| Untracked |  0
| 946|0x00000000bb200000, 0x00000000bb200000, 0x00000000bb300000|  0%| F|  |TAMS 0x00000000bb200000| PB 0x00000000bb200000| Untracked |  0
| 947|0x00000000bb300000, 0x00000000bb300000, 0x00000000bb400000|  0%| F|  |TAMS 0x00000000bb300000| PB 0x00000000bb300000| Untracked |  0
| 948|0x00000000bb400000, 0x00000000bb400000, 0x00000000bb500000|  0%| F|  |TAMS 0x00000000bb400000| PB 0x00000000bb400000| Untracked |  0
| 949|0x00000000bb500000, 0x00000000bb500000, 0x00000000bb600000|  0%| F|  |TAMS 0x00000000bb500000| PB 0x00000000bb500000| Untracked |  0
| 950|0x00000000bb600000, 0x00000000bb600000, 0x00000000bb700000|  0%| F|  |TAMS 0x00000000bb600000| PB 0x00000000bb600000| Untracked |  0
| 951|0x00000000bb700000, 0x00000000bb700000, 0x00000000bb800000|  0%| F|  |TAMS 0x00000000bb700000| PB 0x00000000bb700000| Untracked |  0
| 952|0x00000000bb800000, 0x00000000bb800000, 0x00000000bb900000|  0%| F|  |TAMS 0x00000000bb800000| PB 0x00000000bb800000| Untracked |  0
| 953|0x00000000bb900000, 0x00000000bb900000, 0x00000000bba00000|  0%| F|  |TAMS 0x00000000bb900000| PB 0x00000000bb900000| Untracked |  0
| 954|0x00000000bba00000, 0x00000000bba00000, 0x00000000bbb00000|  0%| F|  |TAMS 0x00000000bba00000| PB 0x00000000bba00000| Untracked |  0
| 955|0x00000000bbb00000, 0x00000000bbb00000, 0x00000000bbc00000|  0%| F|  |TAMS 0x00000000bbb00000| PB 0x00000000bbb00000| Untracked |  0
| 956|0x00000000bbc00000, 0x00000000bbc00000, 0x00000000bbd00000|  0%| F|  |TAMS 0x00000000bbc00000| PB 0x00000000bbc00000| Untracked |  0
| 957|0x00000000bbd00000, 0x00000000bbd00000, 0x00000000bbe00000|  0%| F|  |TAMS 0x00000000bbd00000| PB 0x00000000bbd00000| Untracked |  0
| 958|0x00000000bbe00000, 0x00000000bbe00000, 0x00000000bbf00000|  0%| F|  |TAMS 0x00000000bbe00000| PB 0x00000000bbe00000| Untracked |  0
| 959|0x00000000bbf00000, 0x00000000bbf00000, 0x00000000bc000000|  0%| F|  |TAMS 0x00000000bbf00000| PB 0x00000000bbf00000| Untracked |  0
| 960|0x00000000bc000000, 0x00000000bc000000, 0x00000000bc100000|  0%| F|  |TAMS 0x00000000bc000000| PB 0x00000000bc000000| Untracked |  0
| 961|0x00000000bc100000, 0x00000000bc100000, 0x00000000bc200000|  0%| F|  |TAMS 0x00000000bc100000| PB 0x00000000bc100000| Untracked |  0
| 962|0x00000000bc200000, 0x00000000bc200000, 0x00000000bc300000|  0%| F|  |TAMS 0x00000000bc200000| PB 0x00000000bc200000| Untracked |  0
| 963|0x00000000bc300000, 0x00000000bc300000, 0x00000000bc400000|  0%| F|  |TAMS 0x00000000bc300000| PB 0x00000000bc300000| Untracked |  0
| 964|0x00000000bc400000, 0x00000000bc400000, 0x00000000bc500000|  0%| F|  |TAMS 0x00000000bc400000| PB 0x00000000bc400000| Untracked |  0
| 965|0x00000000bc500000, 0x00000000bc500000, 0x00000000bc600000|  0%| F|  |TAMS 0x00000000bc500000| PB 0x00000000bc500000| Untracked |  0
| 966|0x00000000bc600000, 0x00000000bc600000, 0x00000000bc700000|  0%| F|  |TAMS 0x00000000bc600000| PB 0x00000000bc600000| Untracked |  0
| 967|0x00000000bc700000, 0x00000000bc700000, 0x00000000bc800000|  0%| F|  |TAMS 0x00000000bc700000| PB 0x00000000bc700000| Untracked |  0
| 968|0x00000000bc800000, 0x00000000bc800000, 0x00000000bc900000|  0%| F|  |TAMS 0x00000000bc800000| PB 0x00000000bc800000| Untracked |  0
| 969|0x00000000bc900000, 0x00000000bc900000, 0x00000000bca00000|  0%| F|  |TAMS 0x00000000bc900000| PB 0x00000000bc900000| Untracked |  0
| 970|0x00000000bca00000, 0x00000000bca00000, 0x00000000bcb00000|  0%| F|  |TAMS 0x00000000bca00000| PB 0x00000000bca00000| Untracked |  0
| 971|0x00000000bcb00000, 0x00000000bcb00000, 0x00000000bcc00000|  0%| F|  |TAMS 0x00000000bcb00000| PB 0x00000000bcb00000| Untracked |  0
| 972|0x00000000bcc00000, 0x00000000bcc00000, 0x00000000bcd00000|  0%| F|  |TAMS 0x00000000bcc00000| PB 0x00000000bcc00000| Untracked |  0
| 973|0x00000000bcd00000, 0x00000000bcd00000, 0x00000000bce00000|  0%| F|  |TAMS 0x00000000bcd00000| PB 0x00000000bcd00000| Untracked |  0
| 974|0x00000000bce00000, 0x00000000bce00000, 0x00000000bcf00000|  0%| F|  |TAMS 0x00000000bce00000| PB 0x00000000bce00000| Untracked |  0
| 975|0x00000000bcf00000, 0x00000000bcf00000, 0x00000000bd000000|  0%| F|  |TAMS 0x00000000bcf00000| PB 0x00000000bcf00000| Untracked |  0
| 976|0x00000000bd000000, 0x00000000bd000000, 0x00000000bd100000|  0%| F|  |TAMS 0x00000000bd000000| PB 0x00000000bd000000| Untracked |  0
| 977|0x00000000bd100000, 0x00000000bd100000, 0x00000000bd200000|  0%| F|  |TAMS 0x00000000bd100000| PB 0x00000000bd100000| Untracked |  0
| 978|0x00000000bd200000, 0x00000000bd200000, 0x00000000bd300000|  0%| F|  |TAMS 0x00000000bd200000| PB 0x00000000bd200000| Untracked |  0
| 979|0x00000000bd300000, 0x00000000bd300000, 0x00000000bd400000|  0%| F|  |TAMS 0x00000000bd300000| PB 0x00000000bd300000| Untracked |  0
| 980|0x00000000bd400000, 0x00000000bd400000, 0x00000000bd500000|  0%| F|  |TAMS 0x00000000bd400000| PB 0x00000000bd400000| Untracked |  0
| 981|0x00000000bd500000, 0x00000000bd500000, 0x00000000bd600000|  0%| F|  |TAMS 0x00000000bd500000| PB 0x00000000bd500000| Untracked |  0
| 982|0x00000000bd600000, 0x00000000bd600000, 0x00000000bd700000|  0%| F|  |TAMS 0x00000000bd600000| PB 0x00000000bd600000| Untracked |  0
| 983|0x00000000bd700000, 0x00000000bd700000, 0x00000000bd800000|  0%| F|  |TAMS 0x00000000bd700000| PB 0x00000000bd700000| Untracked |  0
| 984|0x00000000bd800000, 0x00000000bd800000, 0x00000000bd900000|  0%| F|  |TAMS 0x00000000bd800000| PB 0x00000000bd800000| Untracked |  0
| 985|0x00000000bd900000, 0x00000000bd900000, 0x00000000bda00000|  0%| F|  |TAMS 0x00000000bd900000| PB 0x00000000bd900000| Untracked |  0
| 986|0x00000000bda00000, 0x00000000bda00000, 0x00000000bdb00000|  0%| F|  |TAMS 0x00000000bda00000| PB 0x00000000bda00000| Untracked |  0
| 987|0x00000000bdb00000, 0x00000000bdb00000, 0x00000000bdc00000|  0%| F|  |TAMS 0x00000000bdb00000| PB 0x00000000bdb00000| Untracked |  0
| 988|0x00000000bdc00000, 0x00000000bdc00000, 0x00000000bdd00000|  0%| F|  |TAMS 0x00000000bdc00000| PB 0x00000000bdc00000| Untracked |  0
| 989|0x00000000bdd00000, 0x00000000bdd00000, 0x00000000bde00000|  0%| F|  |TAMS 0x00000000bdd00000| PB 0x00000000bdd00000| Untracked |  0
| 990|0x00000000bde00000, 0x00000000bde00000, 0x00000000bdf00000|  0%| F|  |TAMS 0x00000000bde00000| PB 0x00000000bde00000| Untracked |  0
| 991|0x00000000bdf00000, 0x00000000bdf00000, 0x00000000be000000|  0%| F|  |TAMS 0x00000000bdf00000| PB 0x00000000bdf00000| Untracked |  0
| 992|0x00000000be000000, 0x00000000be000000, 0x00000000be100000|  0%| F|  |TAMS 0x00000000be000000| PB 0x00000000be000000| Untracked |  0
| 993|0x00000000be100000, 0x00000000be100000, 0x00000000be200000|  0%| F|  |TAMS 0x00000000be100000| PB 0x00000000be100000| Untracked |  0
| 994|0x00000000be200000, 0x00000000be200000, 0x00000000be300000|  0%| F|  |TAMS 0x00000000be200000| PB 0x00000000be200000| Untracked |  0
| 995|0x00000000be300000, 0x00000000be300000, 0x00000000be400000|  0%| F|  |TAMS 0x00000000be300000| PB 0x00000000be300000| Untracked |  0
| 996|0x00000000be400000, 0x00000000be400000, 0x00000000be500000|  0%| F|  |TAMS 0x00000000be400000| PB 0x00000000be400000| Untracked |  0
| 997|0x00000000be500000, 0x00000000be500000, 0x00000000be600000|  0%| F|  |TAMS 0x00000000be500000| PB 0x00000000be500000| Untracked |  0
| 998|0x00000000be600000, 0x00000000be600000, 0x00000000be700000|  0%| F|  |TAMS 0x00000000be600000| PB 0x00000000be600000| Untracked |  0
| 999|0x00000000be700000, 0x00000000be700000, 0x00000000be800000|  0%| F|  |TAMS 0x00000000be700000| PB 0x00000000be700000| Untracked |  0
|1000|0x00000000be800000, 0x00000000be800000, 0x00000000be900000|  0%| F|  |TAMS 0x00000000be800000| PB 0x00000000be800000| Untracked |  0
|1001|0x00000000be900000, 0x00000000be900000, 0x00000000bea00000|  0%| F|  |TAMS 0x00000000be900000| PB 0x00000000be900000| Untracked |  0
|1002|0x00000000bea00000, 0x00000000bea00000, 0x00000000beb00000|  0%| F|  |TAMS 0x00000000bea00000| PB 0x00000000bea00000| Untracked |  0
|1003|0x00000000beb00000, 0x00000000beb00000, 0x00000000bec00000|  0%| F|  |TAMS 0x00000000beb00000| PB 0x00000000beb00000| Untracked |  0
|1004|0x00000000bec00000, 0x00000000bec00000, 0x00000000bed00000|  0%| F|  |TAMS 0x00000000bec00000| PB 0x00000000bec00000| Untracked |  0
|1005|0x00000000bed00000, 0x00000000bed00000, 0x00000000bee00000|  0%| F|  |TAMS 0x00000000bed00000| PB 0x00000000bed00000| Untracked |  0
|1006|0x00000000bee00000, 0x00000000bee00000, 0x00000000bef00000|  0%| F|  |TAMS 0x00000000bee00000| PB 0x00000000bee00000| Untracked |  0
|1007|0x00000000bef00000, 0x00000000bf000000, 0x00000000bf000000|100%| E|  |TAMS 0x00000000bef00000| PB 0x00000000bef00000| Complete |  0
|1008|0x00000000bf000000, 0x00000000bf100000, 0x00000000bf100000|100%| E|CS|TAMS 0x00000000bf000000| PB 0x00000000bf000000| Complete |  0
|1009|0x00000000bf100000, 0x00000000bf200000, 0x00000000bf200000|100%| E|CS|TAMS 0x00000000bf100000| PB 0x00000000bf100000| Complete |  0
|1010|0x00000000bf200000, 0x00000000bf300000, 0x00000000bf300000|100%| E|CS|TAMS 0x00000000bf200000| PB 0x00000000bf200000| Complete |  0
|1011|0x00000000bf300000, 0x00000000bf400000, 0x00000000bf400000|100%| E|CS|TAMS 0x00000000bf300000| PB 0x00000000bf300000| Complete |  0
|1012|0x00000000bf400000, 0x00000000bf500000, 0x00000000bf500000|100%| E|CS|TAMS 0x00000000bf400000| PB 0x00000000bf400000| Complete |  0
|1013|0x00000000bf500000, 0x00000000bf600000, 0x00000000bf600000|100%| E|CS|TAMS 0x00000000bf500000| PB 0x00000000bf500000| Complete |  0
|1014|0x00000000bf600000, 0x00000000bf700000, 0x00000000bf700000|100%| E|CS|TAMS 0x00000000bf600000| PB 0x00000000bf600000| Complete |  0
|1015|0x00000000bf700000, 0x00000000bf800000, 0x00000000bf800000|100%| E|CS|TAMS 0x00000000bf700000| PB 0x00000000bf700000| Complete |  0
|1016|0x00000000bf800000, 0x00000000bf900000, 0x00000000bf900000|100%| E|CS|TAMS 0x00000000bf800000| PB 0x00000000bf800000| Complete |  0
|1017|0x00000000bf900000, 0x00000000bfa00000, 0x00000000bfa00000|100%| E|CS|TAMS 0x00000000bf900000| PB 0x00000000bf900000| Complete |  0
|1018|0x00000000bfa00000, 0x00000000bfb00000, 0x00000000bfb00000|100%| E|CS|TAMS 0x00000000bfa00000| PB 0x00000000bfa00000| Complete |  0
|1019|0x00000000bfb00000, 0x00000000bfc00000, 0x00000000bfc00000|100%| E|CS|TAMS 0x00000000bfb00000| PB 0x00000000bfb00000| Complete |  0
|1020|0x00000000bfc00000, 0x00000000bfd00000, 0x00000000bfd00000|100%| E|CS|TAMS 0x00000000bfc00000| PB 0x00000000bfc00000| Complete |  0
|1021|0x00000000bfd00000, 0x00000000bfe00000, 0x00000000bfe00000|100%| E|CS|TAMS 0x00000000bfd00000| PB 0x00000000bfd00000| Complete |  0
|1022|0x00000000bfe00000, 0x00000000bff00000, 0x00000000bff00000|100%| E|CS|TAMS 0x00000000bfe00000| PB 0x00000000bfe00000| Complete |  0
|1023|0x00000000bff00000, 0x00000000c0000000, 0x00000000c0000000|100%| E|CS|TAMS 0x00000000bff00000| PB 0x00000000bff00000| Complete |  0
|1024|0x00000000c0000000, 0x00000000c0100000, 0x00000000c0100000|100%| E|CS|TAMS 0x00000000c0000000| PB 0x00000000c0000000| Complete |  0
|1025|0x00000000c0100000, 0x00000000c0200000, 0x00000000c0200000|100%| E|CS|TAMS 0x00000000c0100000| PB 0x00000000c0100000| Complete |  0
|1026|0x00000000c0200000, 0x00000000c0300000, 0x00000000c0300000|100%| E|CS|TAMS 0x00000000c0200000| PB 0x00000000c0200000| Complete |  0
|1027|0x00000000c0300000, 0x00000000c0400000, 0x00000000c0400000|100%| E|CS|TAMS 0x00000000c0300000| PB 0x00000000c0300000| Complete |  0
|1028|0x00000000c0400000, 0x00000000c0500000, 0x00000000c0500000|100%| E|CS|TAMS 0x00000000c0400000| PB 0x00000000c0400000| Complete |  0
|1029|0x00000000c0500000, 0x00000000c0600000, 0x00000000c0600000|100%| E|CS|TAMS 0x00000000c0500000| PB 0x00000000c0500000| Complete |  0
|1030|0x00000000c0600000, 0x00000000c0700000, 0x00000000c0700000|100%| E|CS|TAMS 0x00000000c0600000| PB 0x00000000c0600000| Complete |  0
|1031|0x00000000c0700000, 0x00000000c0800000, 0x00000000c0800000|100%| E|CS|TAMS 0x00000000c0700000| PB 0x00000000c0700000| Complete |  0
|1032|0x00000000c0800000, 0x00000000c0900000, 0x00000000c0900000|100%| E|CS|TAMS 0x00000000c0800000| PB 0x00000000c0800000| Complete |  0
|1033|0x00000000c0900000, 0x00000000c0a00000, 0x00000000c0a00000|100%| E|CS|TAMS 0x00000000c0900000| PB 0x00000000c0900000| Complete |  0
|1034|0x00000000c0a00000, 0x00000000c0b00000, 0x00000000c0b00000|100%| E|CS|TAMS 0x00000000c0a00000| PB 0x00000000c0a00000| Complete |  0
|1035|0x00000000c0b00000, 0x00000000c0c00000, 0x00000000c0c00000|100%| E|CS|TAMS 0x00000000c0b00000| PB 0x00000000c0b00000| Complete |  0
|1036|0x00000000c0c00000, 0x00000000c0d00000, 0x00000000c0d00000|100%| E|CS|TAMS 0x00000000c0c00000| PB 0x00000000c0c00000| Complete |  0
|1037|0x00000000c0d00000, 0x00000000c0e00000, 0x00000000c0e00000|100%| E|CS|TAMS 0x00000000c0d00000| PB 0x00000000c0d00000| Complete |  0
|1038|0x00000000c0e00000, 0x00000000c0f00000, 0x00000000c0f00000|100%| E|CS|TAMS 0x00000000c0e00000| PB 0x00000000c0e00000| Complete |  0
|1039|0x00000000c0f00000, 0x00000000c1000000, 0x00000000c1000000|100%| E|CS|TAMS 0x00000000c0f00000| PB 0x00000000c0f00000| Complete |  0
|1040|0x00000000c1000000, 0x00000000c1100000, 0x00000000c1100000|100%| E|CS|TAMS 0x00000000c1000000| PB 0x00000000c1000000| Complete |  0
|1041|0x00000000c1100000, 0x00000000c1200000, 0x00000000c1200000|100%| E|CS|TAMS 0x00000000c1100000| PB 0x00000000c1100000| Complete |  0
|1042|0x00000000c1200000, 0x00000000c1300000, 0x00000000c1300000|100%| E|CS|TAMS 0x00000000c1200000| PB 0x00000000c1200000| Complete |  0
|1043|0x00000000c1300000, 0x00000000c1400000, 0x00000000c1400000|100%| E|CS|TAMS 0x00000000c1300000| PB 0x00000000c1300000| Complete |  0
|1044|0x00000000c1400000, 0x00000000c1500000, 0x00000000c1500000|100%| E|CS|TAMS 0x00000000c1400000| PB 0x00000000c1400000| Complete |  0
|1045|0x00000000c1500000, 0x00000000c1600000, 0x00000000c1600000|100%| E|CS|TAMS 0x00000000c1500000| PB 0x00000000c1500000| Complete |  0
|1046|0x00000000c1600000, 0x00000000c1700000, 0x00000000c1700000|100%| E|CS|TAMS 0x00000000c1600000| PB 0x00000000c1600000| Complete |  0
|1047|0x00000000c1700000, 0x00000000c1800000, 0x00000000c1800000|100%| E|CS|TAMS 0x00000000c1700000| PB 0x00000000c1700000| Complete |  0
|1048|0x00000000c1800000, 0x00000000c1900000, 0x00000000c1900000|100%| E|CS|TAMS 0x00000000c1800000| PB 0x00000000c1800000| Complete |  0
|1049|0x00000000c1900000, 0x00000000c1a00000, 0x00000000c1a00000|100%| E|CS|TAMS 0x00000000c1900000| PB 0x00000000c1900000| Complete |  0
|1050|0x00000000c1a00000, 0x00000000c1b00000, 0x00000000c1b00000|100%| E|CS|TAMS 0x00000000c1a00000| PB 0x00000000c1a00000| Complete |  0
|1051|0x00000000c1b00000, 0x00000000c1c00000, 0x00000000c1c00000|100%| E|CS|TAMS 0x00000000c1b00000| PB 0x00000000c1b00000| Complete |  0
|1052|0x00000000c1c00000, 0x00000000c1d00000, 0x00000000c1d00000|100%| E|CS|TAMS 0x00000000c1c00000| PB 0x00000000c1c00000| Complete |  0
|1053|0x00000000c1d00000, 0x00000000c1e00000, 0x00000000c1e00000|100%| E|CS|TAMS 0x00000000c1d00000| PB 0x00000000c1d00000| Complete |  0
|1054|0x00000000c1e00000, 0x00000000c1f00000, 0x00000000c1f00000|100%| E|CS|TAMS 0x00000000c1e00000| PB 0x00000000c1e00000| Complete |  0
|1055|0x00000000c1f00000, 0x00000000c2000000, 0x00000000c2000000|100%| E|CS|TAMS 0x00000000c1f00000| PB 0x00000000c1f00000| Complete |  0
|1056|0x00000000c2000000, 0x00000000c2100000, 0x00000000c2100000|100%| E|CS|TAMS 0x00000000c2000000| PB 0x00000000c2000000| Complete |  0
|1057|0x00000000c2100000, 0x00000000c2200000, 0x00000000c2200000|100%| E|CS|TAMS 0x00000000c2100000| PB 0x00000000c2100000| Complete |  0
|1058|0x00000000c2200000, 0x00000000c2300000, 0x00000000c2300000|100%| E|CS|TAMS 0x00000000c2200000| PB 0x00000000c2200000| Complete |  0
|1059|0x00000000c2300000, 0x00000000c2400000, 0x00000000c2400000|100%| E|CS|TAMS 0x00000000c2300000| PB 0x00000000c2300000| Complete |  0
|1060|0x00000000c2400000, 0x00000000c2500000, 0x00000000c2500000|100%| E|CS|TAMS 0x00000000c2400000| PB 0x00000000c2400000| Complete |  0
|1061|0x00000000c2500000, 0x00000000c2600000, 0x00000000c2600000|100%| E|CS|TAMS 0x00000000c2500000| PB 0x00000000c2500000| Complete |  0
|1062|0x00000000c2600000, 0x00000000c2700000, 0x00000000c2700000|100%| E|CS|TAMS 0x00000000c2600000| PB 0x00000000c2600000| Complete |  0
|1063|0x00000000c2700000, 0x00000000c2800000, 0x00000000c2800000|100%| E|CS|TAMS 0x00000000c2700000| PB 0x00000000c2700000| Complete |  0
|1064|0x00000000c2800000, 0x00000000c2900000, 0x00000000c2900000|100%| E|CS|TAMS 0x00000000c2800000| PB 0x00000000c2800000| Complete |  0
|1065|0x00000000c2900000, 0x00000000c2a00000, 0x00000000c2a00000|100%| E|CS|TAMS 0x00000000c2900000| PB 0x00000000c2900000| Complete |  0
|1066|0x00000000c2a00000, 0x00000000c2b00000, 0x00000000c2b00000|100%| E|CS|TAMS 0x00000000c2a00000| PB 0x00000000c2a00000| Complete |  0
|1067|0x00000000c2b00000, 0x00000000c2c00000, 0x00000000c2c00000|100%| E|CS|TAMS 0x00000000c2b00000| PB 0x00000000c2b00000| Complete |  0
|1068|0x00000000c2c00000, 0x00000000c2d00000, 0x00000000c2d00000|100%| E|CS|TAMS 0x00000000c2c00000| PB 0x00000000c2c00000| Complete |  0
|1069|0x00000000c2d00000, 0x00000000c2e00000, 0x00000000c2e00000|100%| E|CS|TAMS 0x00000000c2d00000| PB 0x00000000c2d00000| Complete |  0
|1070|0x00000000c2e00000, 0x00000000c2f00000, 0x00000000c2f00000|100%| E|CS|TAMS 0x00000000c2e00000| PB 0x00000000c2e00000| Complete |  0
|1071|0x00000000c2f00000, 0x00000000c3000000, 0x00000000c3000000|100%| E|CS|TAMS 0x00000000c2f00000| PB 0x00000000c2f00000| Complete |  0
|1072|0x00000000c3000000, 0x00000000c3100000, 0x00000000c3100000|100%| E|CS|TAMS 0x00000000c3000000| PB 0x00000000c3000000| Complete |  0
|1073|0x00000000c3100000, 0x00000000c3200000, 0x00000000c3200000|100%| E|CS|TAMS 0x00000000c3100000| PB 0x00000000c3100000| Complete |  0
|1074|0x00000000c3200000, 0x00000000c3300000, 0x00000000c3300000|100%| E|CS|TAMS 0x00000000c3200000| PB 0x00000000c3200000| Complete |  0
|1075|0x00000000c3300000, 0x00000000c3400000, 0x00000000c3400000|100%| E|CS|TAMS 0x00000000c3300000| PB 0x00000000c3300000| Complete |  0
|1076|0x00000000c3400000, 0x00000000c3500000, 0x00000000c3500000|100%| E|CS|TAMS 0x00000000c3400000| PB 0x00000000c3400000| Complete |  0
|1077|0x00000000c3500000, 0x00000000c3600000, 0x00000000c3600000|100%| E|CS|TAMS 0x00000000c3500000| PB 0x00000000c3500000| Complete |  0
|1078|0x00000000c3600000, 0x00000000c3700000, 0x00000000c3700000|100%| E|CS|TAMS 0x00000000c3600000| PB 0x00000000c3600000| Complete |  0
|1079|0x00000000c3700000, 0x00000000c3800000, 0x00000000c3800000|100%| E|CS|TAMS 0x00000000c3700000| PB 0x00000000c3700000| Complete |  0
|1080|0x00000000c3800000, 0x00000000c3900000, 0x00000000c3900000|100%| E|CS|TAMS 0x00000000c3800000| PB 0x00000000c3800000| Complete |  0
|1081|0x00000000c3900000, 0x00000000c3a00000, 0x00000000c3a00000|100%| E|CS|TAMS 0x00000000c3900000| PB 0x00000000c3900000| Complete |  0
|1082|0x00000000c3a00000, 0x00000000c3b00000, 0x00000000c3b00000|100%| E|CS|TAMS 0x00000000c3a00000| PB 0x00000000c3a00000| Complete |  0
|1083|0x00000000c3b00000, 0x00000000c3c00000, 0x00000000c3c00000|100%| E|CS|TAMS 0x00000000c3b00000| PB 0x00000000c3b00000| Complete |  0
|1084|0x00000000c3c00000, 0x00000000c3d00000, 0x00000000c3d00000|100%| E|CS|TAMS 0x00000000c3c00000| PB 0x00000000c3c00000| Complete |  0
|1085|0x00000000c3d00000, 0x00000000c3e00000, 0x00000000c3e00000|100%| E|CS|TAMS 0x00000000c3d00000| PB 0x00000000c3d00000| Complete |  0
|1086|0x00000000c3e00000, 0x00000000c3f00000, 0x00000000c3f00000|100%| E|CS|TAMS 0x00000000c3e00000| PB 0x00000000c3e00000| Complete |  0
|1087|0x00000000c3f00000, 0x00000000c4000000, 0x00000000c4000000|100%| E|CS|TAMS 0x00000000c3f00000| PB 0x00000000c3f00000| Complete |  0
|1088|0x00000000c4000000, 0x00000000c4100000, 0x00000000c4100000|100%| E|CS|TAMS 0x00000000c4000000| PB 0x00000000c4000000| Complete |  0
|1089|0x00000000c4100000, 0x00000000c4200000, 0x00000000c4200000|100%| E|CS|TAMS 0x00000000c4100000| PB 0x00000000c4100000| Complete |  0
|1090|0x00000000c4200000, 0x00000000c4300000, 0x00000000c4300000|100%| E|CS|TAMS 0x00000000c4200000| PB 0x00000000c4200000| Complete |  0
|1091|0x00000000c4300000, 0x00000000c4400000, 0x00000000c4400000|100%| E|CS|TAMS 0x00000000c4300000| PB 0x00000000c4300000| Complete |  0
|1092|0x00000000c4400000, 0x00000000c4500000, 0x00000000c4500000|100%| E|CS|TAMS 0x00000000c4400000| PB 0x00000000c4400000| Complete |  0
|1093|0x00000000c4500000, 0x00000000c4600000, 0x00000000c4600000|100%| E|CS|TAMS 0x00000000c4500000| PB 0x00000000c4500000| Complete |  0
|1094|0x00000000c4600000, 0x00000000c4700000, 0x00000000c4700000|100%| E|CS|TAMS 0x00000000c4600000| PB 0x00000000c4600000| Complete |  0
|1095|0x00000000c4700000, 0x00000000c4800000, 0x00000000c4800000|100%| E|CS|TAMS 0x00000000c4700000| PB 0x00000000c4700000| Complete |  0
|1096|0x00000000c4800000, 0x00000000c4900000, 0x00000000c4900000|100%| E|CS|TAMS 0x00000000c4800000| PB 0x00000000c4800000| Complete |  0
|1097|0x00000000c4900000, 0x00000000c4a00000, 0x00000000c4a00000|100%| E|CS|TAMS 0x00000000c4900000| PB 0x00000000c4900000| Complete |  0
|1098|0x00000000c4a00000, 0x00000000c4b00000, 0x00000000c4b00000|100%| E|CS|TAMS 0x00000000c4a00000| PB 0x00000000c4a00000| Complete |  0
|1099|0x00000000c4b00000, 0x00000000c4c00000, 0x00000000c4c00000|100%| E|CS|TAMS 0x00000000c4b00000| PB 0x00000000c4b00000| Complete |  0
|1100|0x00000000c4c00000, 0x00000000c4d00000, 0x00000000c4d00000|100%| E|CS|TAMS 0x00000000c4c00000| PB 0x00000000c4c00000| Complete |  0
|1101|0x00000000c4d00000, 0x00000000c4e00000, 0x00000000c4e00000|100%| E|CS|TAMS 0x00000000c4d00000| PB 0x00000000c4d00000| Complete |  0
|1102|0x00000000c4e00000, 0x00000000c4f00000, 0x00000000c4f00000|100%| E|CS|TAMS 0x00000000c4e00000| PB 0x00000000c4e00000| Complete |  0
|1103|0x00000000c4f00000, 0x00000000c5000000, 0x00000000c5000000|100%| E|CS|TAMS 0x00000000c4f00000| PB 0x00000000c4f00000| Complete |  0
|1104|0x00000000c5000000, 0x00000000c5100000, 0x00000000c5100000|100%| E|CS|TAMS 0x00000000c5000000| PB 0x00000000c5000000| Complete |  0
|1105|0x00000000c5100000, 0x00000000c5200000, 0x00000000c5200000|100%| E|CS|TAMS 0x00000000c5100000| PB 0x00000000c5100000| Complete |  0
|1106|0x00000000c5200000, 0x00000000c5300000, 0x00000000c5300000|100%| E|CS|TAMS 0x00000000c5200000| PB 0x00000000c5200000| Complete |  0
|1107|0x00000000c5300000, 0x00000000c5400000, 0x00000000c5400000|100%| E|CS|TAMS 0x00000000c5300000| PB 0x00000000c5300000| Complete |  0
|1108|0x00000000c5400000, 0x00000000c5500000, 0x00000000c5500000|100%| E|CS|TAMS 0x00000000c5400000| PB 0x00000000c5400000| Complete |  0
|1109|0x00000000c5500000, 0x00000000c5600000, 0x00000000c5600000|100%| E|CS|TAMS 0x00000000c5500000| PB 0x00000000c5500000| Complete |  0
|1110|0x00000000c5600000, 0x00000000c5700000, 0x00000000c5700000|100%| E|CS|TAMS 0x00000000c5600000| PB 0x00000000c5600000| Complete |  0
|1111|0x00000000c5700000, 0x00000000c5800000, 0x00000000c5800000|100%| E|CS|TAMS 0x00000000c5700000| PB 0x00000000c5700000| Complete |  0
|1112|0x00000000c5800000, 0x00000000c5900000, 0x00000000c5900000|100%| E|CS|TAMS 0x00000000c5800000| PB 0x00000000c5800000| Complete |  0
|1113|0x00000000c5900000, 0x00000000c5a00000, 0x00000000c5a00000|100%| E|CS|TAMS 0x00000000c5900000| PB 0x00000000c5900000| Complete |  0
|1114|0x00000000c5a00000, 0x00000000c5b00000, 0x00000000c5b00000|100%| E|CS|TAMS 0x00000000c5a00000| PB 0x00000000c5a00000| Complete |  0
|1115|0x00000000c5b00000, 0x00000000c5c00000, 0x00000000c5c00000|100%| E|CS|TAMS 0x00000000c5b00000| PB 0x00000000c5b00000| Complete |  0
|1116|0x00000000c5c00000, 0x00000000c5d00000, 0x00000000c5d00000|100%| E|CS|TAMS 0x00000000c5c00000| PB 0x00000000c5c00000| Complete |  0
|1117|0x00000000c5d00000, 0x00000000c5e00000, 0x00000000c5e00000|100%| E|CS|TAMS 0x00000000c5d00000| PB 0x00000000c5d00000| Complete |  0
|1118|0x00000000c5e00000, 0x00000000c5f00000, 0x00000000c5f00000|100%| E|CS|TAMS 0x00000000c5e00000| PB 0x00000000c5e00000| Complete |  0
|1119|0x00000000c5f00000, 0x00000000c6000000, 0x00000000c6000000|100%| E|CS|TAMS 0x00000000c5f00000| PB 0x00000000c5f00000| Complete |  0
|1120|0x00000000c6000000, 0x00000000c6100000, 0x00000000c6100000|100%| E|CS|TAMS 0x00000000c6000000| PB 0x00000000c6000000| Complete |  0
|1121|0x00000000c6100000, 0x00000000c6200000, 0x00000000c6200000|100%| E|CS|TAMS 0x00000000c6100000| PB 0x00000000c6100000| Complete |  0
|1122|0x00000000c6200000, 0x00000000c6300000, 0x00000000c6300000|100%| E|CS|TAMS 0x00000000c6200000| PB 0x00000000c6200000| Complete |  0
|1123|0x00000000c6300000, 0x00000000c6400000, 0x00000000c6400000|100%| E|CS|TAMS 0x00000000c6300000| PB 0x00000000c6300000| Complete |  0
|1124|0x00000000c6400000, 0x00000000c6500000, 0x00000000c6500000|100%| E|CS|TAMS 0x00000000c6400000| PB 0x00000000c6400000| Complete |  0
|1125|0x00000000c6500000, 0x00000000c6600000, 0x00000000c6600000|100%| E|CS|TAMS 0x00000000c6500000| PB 0x00000000c6500000| Complete |  0
|1126|0x00000000c6600000, 0x00000000c6700000, 0x00000000c6700000|100%| E|CS|TAMS 0x00000000c6600000| PB 0x00000000c6600000| Complete |  0
|1127|0x00000000c6700000, 0x00000000c6800000, 0x00000000c6800000|100%| E|CS|TAMS 0x00000000c6700000| PB 0x00000000c6700000| Complete |  0
|1128|0x00000000c6800000, 0x00000000c6900000, 0x00000000c6900000|100%| E|CS|TAMS 0x00000000c6800000| PB 0x00000000c6800000| Complete |  0
|1129|0x00000000c6900000, 0x00000000c6a00000, 0x00000000c6a00000|100%| E|CS|TAMS 0x00000000c6900000| PB 0x00000000c6900000| Complete |  0
|1130|0x00000000c6a00000, 0x00000000c6b00000, 0x00000000c6b00000|100%| E|CS|TAMS 0x00000000c6a00000| PB 0x00000000c6a00000| Complete |  0
|1131|0x00000000c6b00000, 0x00000000c6c00000, 0x00000000c6c00000|100%| E|CS|TAMS 0x00000000c6b00000| PB 0x00000000c6b00000| Complete |  0
|1132|0x00000000c6c00000, 0x00000000c6d00000, 0x00000000c6d00000|100%| E|CS|TAMS 0x00000000c6c00000| PB 0x00000000c6c00000| Complete |  0
|1133|0x00000000c6d00000, 0x00000000c6e00000, 0x00000000c6e00000|100%| E|CS|TAMS 0x00000000c6d00000| PB 0x00000000c6d00000| Complete |  0
|1134|0x00000000c6e00000, 0x00000000c6f00000, 0x00000000c6f00000|100%| E|CS|TAMS 0x00000000c6e00000| PB 0x00000000c6e00000| Complete |  0
|1135|0x00000000c6f00000, 0x00000000c7000000, 0x00000000c7000000|100%| E|CS|TAMS 0x00000000c6f00000| PB 0x00000000c6f00000| Complete |  0
|1136|0x00000000c7000000, 0x00000000c7100000, 0x00000000c7100000|100%| E|CS|TAMS 0x00000000c7000000| PB 0x00000000c7000000| Complete |  0
|1137|0x00000000c7100000, 0x00000000c7200000, 0x00000000c7200000|100%| E|CS|TAMS 0x00000000c7100000| PB 0x00000000c7100000| Complete |  0
|1138|0x00000000c7200000, 0x00000000c7300000, 0x00000000c7300000|100%| E|CS|TAMS 0x00000000c7200000| PB 0x00000000c7200000| Complete |  0
|1139|0x00000000c7300000, 0x00000000c7400000, 0x00000000c7400000|100%| E|CS|TAMS 0x00000000c7300000| PB 0x00000000c7300000| Complete |  0
|1140|0x00000000c7400000, 0x00000000c7500000, 0x00000000c7500000|100%| E|CS|TAMS 0x00000000c7400000| PB 0x00000000c7400000| Complete |  0
|1141|0x00000000c7500000, 0x00000000c7600000, 0x00000000c7600000|100%| E|CS|TAMS 0x00000000c7500000| PB 0x00000000c7500000| Complete |  0
|1142|0x00000000c7600000, 0x00000000c7700000, 0x00000000c7700000|100%| E|CS|TAMS 0x00000000c7600000| PB 0x00000000c7600000| Complete |  0
|1143|0x00000000c7700000, 0x00000000c7800000, 0x00000000c7800000|100%| E|CS|TAMS 0x00000000c7700000| PB 0x00000000c7700000| Complete |  0
|1144|0x00000000c7800000, 0x00000000c7900000, 0x00000000c7900000|100%| E|CS|TAMS 0x00000000c7800000| PB 0x00000000c7800000| Complete |  0
|1145|0x00000000c7900000, 0x00000000c7a00000, 0x00000000c7a00000|100%| E|CS|TAMS 0x00000000c7900000| PB 0x00000000c7900000| Complete |  0
|1146|0x00000000c7a00000, 0x00000000c7b00000, 0x00000000c7b00000|100%| E|CS|TAMS 0x00000000c7a00000| PB 0x00000000c7a00000| Complete |  0
|1147|0x00000000c7b00000, 0x00000000c7c00000, 0x00000000c7c00000|100%| E|CS|TAMS 0x00000000c7b00000| PB 0x00000000c7b00000| Complete |  0
|1148|0x00000000c7c00000, 0x00000000c7d00000, 0x00000000c7d00000|100%| E|CS|TAMS 0x00000000c7c00000| PB 0x00000000c7c00000| Complete |  0
|1149|0x00000000c7d00000, 0x00000000c7e00000, 0x00000000c7e00000|100%| E|CS|TAMS 0x00000000c7d00000| PB 0x00000000c7d00000| Complete |  0
|1150|0x00000000c7e00000, 0x00000000c7f00000, 0x00000000c7f00000|100%| E|CS|TAMS 0x00000000c7e00000| PB 0x00000000c7e00000| Complete |  0
|1151|0x00000000c7f00000, 0x00000000c8000000, 0x00000000c8000000|100%| E|CS|TAMS 0x00000000c7f00000| PB 0x00000000c7f00000| Complete |  0
|1152|0x00000000c8000000, 0x00000000c8100000, 0x00000000c8100000|100%| E|CS|TAMS 0x00000000c8000000| PB 0x00000000c8000000| Complete |  0
|1153|0x00000000c8100000, 0x00000000c8200000, 0x00000000c8200000|100%| E|CS|TAMS 0x00000000c8100000| PB 0x00000000c8100000| Complete |  0
|1154|0x00000000c8200000, 0x00000000c8300000, 0x00000000c8300000|100%| E|CS|TAMS 0x00000000c8200000| PB 0x00000000c8200000| Complete |  0
|1155|0x00000000c8300000, 0x00000000c8400000, 0x00000000c8400000|100%| E|CS|TAMS 0x00000000c8300000| PB 0x00000000c8300000| Complete |  0
|1156|0x00000000c8400000, 0x00000000c8500000, 0x00000000c8500000|100%| E|CS|TAMS 0x00000000c8400000| PB 0x00000000c8400000| Complete |  0
|1157|0x00000000c8500000, 0x00000000c8600000, 0x00000000c8600000|100%| E|CS|TAMS 0x00000000c8500000| PB 0x00000000c8500000| Complete |  0
|1158|0x00000000c8600000, 0x00000000c8700000, 0x00000000c8700000|100%| E|CS|TAMS 0x00000000c8600000| PB 0x00000000c8600000| Complete |  0
|1159|0x00000000c8700000, 0x00000000c8800000, 0x00000000c8800000|100%| E|CS|TAMS 0x00000000c8700000| PB 0x00000000c8700000| Complete |  0
|1160|0x00000000c8800000, 0x00000000c8900000, 0x00000000c8900000|100%| E|CS|TAMS 0x00000000c8800000| PB 0x00000000c8800000| Complete |  0
|1161|0x00000000c8900000, 0x00000000c8a00000, 0x00000000c8a00000|100%| E|CS|TAMS 0x00000000c8900000| PB 0x00000000c8900000| Complete |  0
|1162|0x00000000c8a00000, 0x00000000c8b00000, 0x00000000c8b00000|100%| E|CS|TAMS 0x00000000c8a00000| PB 0x00000000c8a00000| Complete |  0
|1163|0x00000000c8b00000, 0x00000000c8c00000, 0x00000000c8c00000|100%| E|CS|TAMS 0x00000000c8b00000| PB 0x00000000c8b00000| Complete |  0
|1164|0x00000000c8c00000, 0x00000000c8d00000, 0x00000000c8d00000|100%| E|CS|TAMS 0x00000000c8c00000| PB 0x00000000c8c00000| Complete |  0
|1165|0x00000000c8d00000, 0x00000000c8e00000, 0x00000000c8e00000|100%| E|CS|TAMS 0x00000000c8d00000| PB 0x00000000c8d00000| Complete |  0
|1166|0x00000000c8e00000, 0x00000000c8f00000, 0x00000000c8f00000|100%| E|CS|TAMS 0x00000000c8e00000| PB 0x00000000c8e00000| Complete |  0
|1167|0x00000000c8f00000, 0x00000000c9000000, 0x00000000c9000000|100%| E|CS|TAMS 0x00000000c8f00000| PB 0x00000000c8f00000| Complete |  0
|1168|0x00000000c9000000, 0x00000000c9100000, 0x00000000c9100000|100%| E|CS|TAMS 0x00000000c9000000| PB 0x00000000c9000000| Complete |  0
|1169|0x00000000c9100000, 0x00000000c9200000, 0x00000000c9200000|100%| E|CS|TAMS 0x00000000c9100000| PB 0x00000000c9100000| Complete |  0
|1170|0x00000000c9200000, 0x00000000c9300000, 0x00000000c9300000|100%| E|CS|TAMS 0x00000000c9200000| PB 0x00000000c9200000| Complete |  0
|1171|0x00000000c9300000, 0x00000000c9400000, 0x00000000c9400000|100%| E|CS|TAMS 0x00000000c9300000| PB 0x00000000c9300000| Complete |  0
|1172|0x00000000c9400000, 0x00000000c9500000, 0x00000000c9500000|100%| E|CS|TAMS 0x00000000c9400000| PB 0x00000000c9400000| Complete |  0
|1173|0x00000000c9500000, 0x00000000c9600000, 0x00000000c9600000|100%| E|CS|TAMS 0x00000000c9500000| PB 0x00000000c9500000| Complete |  0
|1174|0x00000000c9600000, 0x00000000c9700000, 0x00000000c9700000|100%| E|CS|TAMS 0x00000000c9600000| PB 0x00000000c9600000| Complete |  0
|1175|0x00000000c9700000, 0x00000000c9800000, 0x00000000c9800000|100%| E|CS|TAMS 0x00000000c9700000| PB 0x00000000c9700000| Complete |  0
|1176|0x00000000c9800000, 0x00000000c9900000, 0x00000000c9900000|100%| E|CS|TAMS 0x00000000c9800000| PB 0x00000000c9800000| Complete |  0
|1177|0x00000000c9900000, 0x00000000c9a00000, 0x00000000c9a00000|100%| E|CS|TAMS 0x00000000c9900000| PB 0x00000000c9900000| Complete |  0
|1178|0x00000000c9a00000, 0x00000000c9b00000, 0x00000000c9b00000|100%| E|CS|TAMS 0x00000000c9a00000| PB 0x00000000c9a00000| Complete |  0
|1179|0x00000000c9b00000, 0x00000000c9c00000, 0x00000000c9c00000|100%| E|CS|TAMS 0x00000000c9b00000| PB 0x00000000c9b00000| Complete |  0
|1180|0x00000000c9c00000, 0x00000000c9d00000, 0x00000000c9d00000|100%| E|CS|TAMS 0x00000000c9c00000| PB 0x00000000c9c00000| Complete |  0
|1181|0x00000000c9d00000, 0x00000000c9e00000, 0x00000000c9e00000|100%| E|CS|TAMS 0x00000000c9d00000| PB 0x00000000c9d00000| Complete |  0
|1182|0x00000000c9e00000, 0x00000000c9f00000, 0x00000000c9f00000|100%| E|CS|TAMS 0x00000000c9e00000| PB 0x00000000c9e00000| Complete |  0
|1183|0x00000000c9f00000, 0x00000000ca000000, 0x00000000ca000000|100%| E|CS|TAMS 0x00000000c9f00000| PB 0x00000000c9f00000| Complete |  0
|1184|0x00000000ca000000, 0x00000000ca100000, 0x00000000ca100000|100%| E|CS|TAMS 0x00000000ca000000| PB 0x00000000ca000000| Complete |  0
|1185|0x00000000ca100000, 0x00000000ca200000, 0x00000000ca200000|100%| E|CS|TAMS 0x00000000ca100000| PB 0x00000000ca100000| Complete |  0
|1186|0x00000000ca200000, 0x00000000ca300000, 0x00000000ca300000|100%| E|CS|TAMS 0x00000000ca200000| PB 0x00000000ca200000| Complete |  0
|1187|0x00000000ca300000, 0x00000000ca400000, 0x00000000ca400000|100%| E|CS|TAMS 0x00000000ca300000| PB 0x00000000ca300000| Complete |  0
|1188|0x00000000ca400000, 0x00000000ca500000, 0x00000000ca500000|100%| E|CS|TAMS 0x00000000ca400000| PB 0x00000000ca400000| Complete |  0
|1189|0x00000000ca500000, 0x00000000ca600000, 0x00000000ca600000|100%| E|CS|TAMS 0x00000000ca500000| PB 0x00000000ca500000| Complete |  0
|1190|0x00000000ca600000, 0x00000000ca700000, 0x00000000ca700000|100%| E|CS|TAMS 0x00000000ca600000| PB 0x00000000ca600000| Complete |  0
|1191|0x00000000ca700000, 0x00000000ca800000, 0x00000000ca800000|100%| E|CS|TAMS 0x00000000ca700000| PB 0x00000000ca700000| Complete |  0
|1192|0x00000000ca800000, 0x00000000ca900000, 0x00000000ca900000|100%| E|CS|TAMS 0x00000000ca800000| PB 0x00000000ca800000| Complete |  0
|1193|0x00000000ca900000, 0x00000000caa00000, 0x00000000caa00000|100%| E|CS|TAMS 0x00000000ca900000| PB 0x00000000ca900000| Complete |  0
|1194|0x00000000caa00000, 0x00000000cab00000, 0x00000000cab00000|100%| E|CS|TAMS 0x00000000caa00000| PB 0x00000000caa00000| Complete |  0
|1195|0x00000000cab00000, 0x00000000cac00000, 0x00000000cac00000|100%| E|CS|TAMS 0x00000000cab00000| PB 0x00000000cab00000| Complete |  0
|1196|0x00000000cac00000, 0x00000000cad00000, 0x00000000cad00000|100%| E|CS|TAMS 0x00000000cac00000| PB 0x00000000cac00000| Complete |  0
|1197|0x00000000cad00000, 0x00000000cae00000, 0x00000000cae00000|100%| E|CS|TAMS 0x00000000cad00000| PB 0x00000000cad00000| Complete |  0
|1198|0x00000000cae00000, 0x00000000caf00000, 0x00000000caf00000|100%| E|CS|TAMS 0x00000000cae00000| PB 0x00000000cae00000| Complete |  0
|1199|0x00000000caf00000, 0x00000000cb000000, 0x00000000cb000000|100%| E|CS|TAMS 0x00000000caf00000| PB 0x00000000caf00000| Complete |  0
|1200|0x00000000cb000000, 0x00000000cb100000, 0x00000000cb100000|100%| E|CS|TAMS 0x00000000cb000000| PB 0x00000000cb000000| Complete |  0
|1201|0x00000000cb100000, 0x00000000cb200000, 0x00000000cb200000|100%| E|CS|TAMS 0x00000000cb100000| PB 0x00000000cb100000| Complete |  0
|1202|0x00000000cb200000, 0x00000000cb300000, 0x00000000cb300000|100%| E|CS|TAMS 0x00000000cb200000| PB 0x00000000cb200000| Complete |  0
|1203|0x00000000cb300000, 0x00000000cb400000, 0x00000000cb400000|100%| E|CS|TAMS 0x00000000cb300000| PB 0x00000000cb300000| Complete |  0
|1204|0x00000000cb400000, 0x00000000cb500000, 0x00000000cb500000|100%| E|CS|TAMS 0x00000000cb400000| PB 0x00000000cb400000| Complete |  0
|1205|0x00000000cb500000, 0x00000000cb600000, 0x00000000cb600000|100%| E|CS|TAMS 0x00000000cb500000| PB 0x00000000cb500000| Complete |  0
|1206|0x00000000cb600000, 0x00000000cb700000, 0x00000000cb700000|100%| E|CS|TAMS 0x00000000cb600000| PB 0x00000000cb600000| Complete |  0
|1207|0x00000000cb700000, 0x00000000cb800000, 0x00000000cb800000|100%| E|CS|TAMS 0x00000000cb700000| PB 0x00000000cb700000| Complete |  0
|1208|0x00000000cb800000, 0x00000000cb900000, 0x00000000cb900000|100%| E|CS|TAMS 0x00000000cb800000| PB 0x00000000cb800000| Complete |  0
|1209|0x00000000cb900000, 0x00000000cba00000, 0x00000000cba00000|100%| E|CS|TAMS 0x00000000cb900000| PB 0x00000000cb900000| Complete |  0
|1210|0x00000000cba00000, 0x00000000cbb00000, 0x00000000cbb00000|100%| E|CS|TAMS 0x00000000cba00000| PB 0x00000000cba00000| Complete |  0
|1211|0x00000000cbb00000, 0x00000000cbc00000, 0x00000000cbc00000|100%| E|CS|TAMS 0x00000000cbb00000| PB 0x00000000cbb00000| Complete |  0
|1212|0x00000000cbc00000, 0x00000000cbd00000, 0x00000000cbd00000|100%| E|CS|TAMS 0x00000000cbc00000| PB 0x00000000cbc00000| Complete |  0
|1213|0x00000000cbd00000, 0x00000000cbe00000, 0x00000000cbe00000|100%| E|CS|TAMS 0x00000000cbd00000| PB 0x00000000cbd00000| Complete |  0
|1214|0x00000000cbe00000, 0x00000000cbf00000, 0x00000000cbf00000|100%| E|CS|TAMS 0x00000000cbe00000| PB 0x00000000cbe00000| Complete |  0
|1215|0x00000000cbf00000, 0x00000000cc000000, 0x00000000cc000000|100%| E|CS|TAMS 0x00000000cbf00000| PB 0x00000000cbf00000| Complete |  0
|1216|0x00000000cc000000, 0x00000000cc100000, 0x00000000cc100000|100%| E|CS|TAMS 0x00000000cc000000| PB 0x00000000cc000000| Complete |  0
|1217|0x00000000cc100000, 0x00000000cc200000, 0x00000000cc200000|100%| E|CS|TAMS 0x00000000cc100000| PB 0x00000000cc100000| Complete |  0
|1218|0x00000000cc200000, 0x00000000cc300000, 0x00000000cc300000|100%| E|CS|TAMS 0x00000000cc200000| PB 0x00000000cc200000| Complete |  0
|1219|0x00000000cc300000, 0x00000000cc400000, 0x00000000cc400000|100%| E|CS|TAMS 0x00000000cc300000| PB 0x00000000cc300000| Complete |  0
|1220|0x00000000cc400000, 0x00000000cc500000, 0x00000000cc500000|100%| E|CS|TAMS 0x00000000cc400000| PB 0x00000000cc400000| Complete |  0
|1221|0x00000000cc500000, 0x00000000cc600000, 0x00000000cc600000|100%| E|CS|TAMS 0x00000000cc500000| PB 0x00000000cc500000| Complete |  0
|1222|0x00000000cc600000, 0x00000000cc700000, 0x00000000cc700000|100%| E|CS|TAMS 0x00000000cc600000| PB 0x00000000cc600000| Complete |  0
|1223|0x00000000cc700000, 0x00000000cc800000, 0x00000000cc800000|100%| E|CS|TAMS 0x00000000cc700000| PB 0x00000000cc700000| Complete |  0
|1224|0x00000000cc800000, 0x00000000cc900000, 0x00000000cc900000|100%| E|CS|TAMS 0x00000000cc800000| PB 0x00000000cc800000| Complete |  0
|1225|0x00000000cc900000, 0x00000000cca00000, 0x00000000cca00000|100%| E|CS|TAMS 0x00000000cc900000| PB 0x00000000cc900000| Complete |  0
|1226|0x00000000cca00000, 0x00000000ccb00000, 0x00000000ccb00000|100%| E|CS|TAMS 0x00000000cca00000| PB 0x00000000cca00000| Complete |  0
|1227|0x00000000ccb00000, 0x00000000ccc00000, 0x00000000ccc00000|100%| E|CS|TAMS 0x00000000ccb00000| PB 0x00000000ccb00000| Complete |  0
|1228|0x00000000ccc00000, 0x00000000ccd00000, 0x00000000ccd00000|100%| E|CS|TAMS 0x00000000ccc00000| PB 0x00000000ccc00000| Complete |  0
|1229|0x00000000ccd00000, 0x00000000cce00000, 0x00000000cce00000|100%| E|CS|TAMS 0x00000000ccd00000| PB 0x00000000ccd00000| Complete |  0
|1230|0x00000000cce00000, 0x00000000ccf00000, 0x00000000ccf00000|100%| E|CS|TAMS 0x00000000cce00000| PB 0x00000000cce00000| Complete |  0
|1231|0x00000000ccf00000, 0x00000000cd000000, 0x00000000cd000000|100%| E|CS|TAMS 0x00000000ccf00000| PB 0x00000000ccf00000| Complete |  0
|1232|0x00000000cd000000, 0x00000000cd100000, 0x00000000cd100000|100%| E|CS|TAMS 0x00000000cd000000| PB 0x00000000cd000000| Complete |  0
|1233|0x00000000cd100000, 0x00000000cd200000, 0x00000000cd200000|100%| E|CS|TAMS 0x00000000cd100000| PB 0x00000000cd100000| Complete |  0
|1234|0x00000000cd200000, 0x00000000cd300000, 0x00000000cd300000|100%| E|CS|TAMS 0x00000000cd200000| PB 0x00000000cd200000| Complete |  0
|1235|0x00000000cd300000, 0x00000000cd400000, 0x00000000cd400000|100%| E|CS|TAMS 0x00000000cd300000| PB 0x00000000cd300000| Complete |  0
|1236|0x00000000cd400000, 0x00000000cd500000, 0x00000000cd500000|100%| E|CS|TAMS 0x00000000cd400000| PB 0x00000000cd400000| Complete |  0
|1237|0x00000000cd500000, 0x00000000cd600000, 0x00000000cd600000|100%| E|CS|TAMS 0x00000000cd500000| PB 0x00000000cd500000| Complete |  0
|1238|0x00000000cd600000, 0x00000000cd700000, 0x00000000cd700000|100%| E|CS|TAMS 0x00000000cd600000| PB 0x00000000cd600000| Complete |  0
|1239|0x00000000cd700000, 0x00000000cd800000, 0x00000000cd800000|100%| E|CS|TAMS 0x00000000cd700000| PB 0x00000000cd700000| Complete |  0
|1240|0x00000000cd800000, 0x00000000cd900000, 0x00000000cd900000|100%| E|CS|TAMS 0x00000000cd800000| PB 0x00000000cd800000| Complete |  0
|1241|0x00000000cd900000, 0x00000000cda00000, 0x00000000cda00000|100%| E|CS|TAMS 0x00000000cd900000| PB 0x00000000cd900000| Complete |  0
|1242|0x00000000cda00000, 0x00000000cdb00000, 0x00000000cdb00000|100%| E|CS|TAMS 0x00000000cda00000| PB 0x00000000cda00000| Complete |  0
|1243|0x00000000cdb00000, 0x00000000cdc00000, 0x00000000cdc00000|100%| E|CS|TAMS 0x00000000cdb00000| PB 0x00000000cdb00000| Complete |  0
|1244|0x00000000cdc00000, 0x00000000cdd00000, 0x00000000cdd00000|100%| E|CS|TAMS 0x00000000cdc00000| PB 0x00000000cdc00000| Complete |  0
|1245|0x00000000cdd00000, 0x00000000cde00000, 0x00000000cde00000|100%| E|CS|TAMS 0x00000000cdd00000| PB 0x00000000cdd00000| Complete |  0
|1246|0x00000000cde00000, 0x00000000cdf00000, 0x00000000cdf00000|100%| E|CS|TAMS 0x00000000cde00000| PB 0x00000000cde00000| Complete |  0
|1247|0x00000000cdf00000, 0x00000000ce000000, 0x00000000ce000000|100%| E|CS|TAMS 0x00000000cdf00000| PB 0x00000000cdf00000| Complete |  0
|1248|0x00000000ce000000, 0x00000000ce100000, 0x00000000ce100000|100%| E|CS|TAMS 0x00000000ce000000| PB 0x00000000ce000000| Complete |  0
|1249|0x00000000ce100000, 0x00000000ce200000, 0x00000000ce200000|100%| E|CS|TAMS 0x00000000ce100000| PB 0x00000000ce100000| Complete |  0
|1250|0x00000000ce200000, 0x00000000ce300000, 0x00000000ce300000|100%| E|CS|TAMS 0x00000000ce200000| PB 0x00000000ce200000| Complete |  0
|1251|0x00000000ce300000, 0x00000000ce400000, 0x00000000ce400000|100%| E|CS|TAMS 0x00000000ce300000| PB 0x00000000ce300000| Complete |  0
|1252|0x00000000ce400000, 0x00000000ce500000, 0x00000000ce500000|100%| E|CS|TAMS 0x00000000ce400000| PB 0x00000000ce400000| Complete |  0
|1253|0x00000000ce500000, 0x00000000ce600000, 0x00000000ce600000|100%| E|CS|TAMS 0x00000000ce500000| PB 0x00000000ce500000| Complete |  0
|1254|0x00000000ce600000, 0x00000000ce700000, 0x00000000ce700000|100%| E|CS|TAMS 0x00000000ce600000| PB 0x00000000ce600000| Complete |  0
|1255|0x00000000ce700000, 0x00000000ce800000, 0x00000000ce800000|100%| E|CS|TAMS 0x00000000ce700000| PB 0x00000000ce700000| Complete |  0
|1256|0x00000000ce800000, 0x00000000ce900000, 0x00000000ce900000|100%| E|CS|TAMS 0x00000000ce800000| PB 0x00000000ce800000| Complete |  0
|1257|0x00000000ce900000, 0x00000000cea00000, 0x00000000cea00000|100%| E|CS|TAMS 0x00000000ce900000| PB 0x00000000ce900000| Complete |  0
|1258|0x00000000cea00000, 0x00000000ceb00000, 0x00000000ceb00000|100%| E|CS|TAMS 0x00000000cea00000| PB 0x00000000cea00000| Complete |  0
|1259|0x00000000ceb00000, 0x00000000cec00000, 0x00000000cec00000|100%| E|CS|TAMS 0x00000000ceb00000| PB 0x00000000ceb00000| Complete |  0
|1260|0x00000000cec00000, 0x00000000ced00000, 0x00000000ced00000|100%| E|CS|TAMS 0x00000000cec00000| PB 0x00000000cec00000| Complete |  0
|1261|0x00000000ced00000, 0x00000000cee00000, 0x00000000cee00000|100%| E|CS|TAMS 0x00000000ced00000| PB 0x00000000ced00000| Complete |  0
|1262|0x00000000cee00000, 0x00000000cef00000, 0x00000000cef00000|100%| E|CS|TAMS 0x00000000cee00000| PB 0x00000000cee00000| Complete |  0
|1263|0x00000000cef00000, 0x00000000cf000000, 0x00000000cf000000|100%| E|CS|TAMS 0x00000000cef00000| PB 0x00000000cef00000| Complete |  0
|1264|0x00000000cf000000, 0x00000000cf100000, 0x00000000cf100000|100%| E|CS|TAMS 0x00000000cf000000| PB 0x00000000cf000000| Complete |  0
|1265|0x00000000cf100000, 0x00000000cf200000, 0x00000000cf200000|100%| E|CS|TAMS 0x00000000cf100000| PB 0x00000000cf100000| Complete |  0
|1266|0x00000000cf200000, 0x00000000cf300000, 0x00000000cf300000|100%| E|CS|TAMS 0x00000000cf200000| PB 0x00000000cf200000| Complete |  0
|1267|0x00000000cf300000, 0x00000000cf400000, 0x00000000cf400000|100%| E|CS|TAMS 0x00000000cf300000| PB 0x00000000cf300000| Complete |  0
|1268|0x00000000cf400000, 0x00000000cf500000, 0x00000000cf500000|100%| E|CS|TAMS 0x00000000cf400000| PB 0x00000000cf400000| Complete |  0
|1269|0x00000000cf500000, 0x00000000cf600000, 0x00000000cf600000|100%| E|CS|TAMS 0x00000000cf500000| PB 0x00000000cf500000| Complete |  0
|1270|0x00000000cf600000, 0x00000000cf700000, 0x00000000cf700000|100%| E|CS|TAMS 0x00000000cf600000| PB 0x00000000cf600000| Complete |  0
|1271|0x00000000cf700000, 0x00000000cf800000, 0x00000000cf800000|100%| E|CS|TAMS 0x00000000cf700000| PB 0x00000000cf700000| Complete |  0
|1272|0x00000000cf800000, 0x00000000cf900000, 0x00000000cf900000|100%| E|CS|TAMS 0x00000000cf800000| PB 0x00000000cf800000| Complete |  0
|1273|0x00000000cf900000, 0x00000000cfa00000, 0x00000000cfa00000|100%| E|CS|TAMS 0x00000000cf900000| PB 0x00000000cf900000| Complete |  0
|1274|0x00000000cfa00000, 0x00000000cfb00000, 0x00000000cfb00000|100%| E|CS|TAMS 0x00000000cfa00000| PB 0x00000000cfa00000| Complete |  0
|1275|0x00000000cfb00000, 0x00000000cfc00000, 0x00000000cfc00000|100%| E|CS|TAMS 0x00000000cfb00000| PB 0x00000000cfb00000| Complete |  0
|1276|0x00000000cfc00000, 0x00000000cfd00000, 0x00000000cfd00000|100%| E|CS|TAMS 0x00000000cfc00000| PB 0x00000000cfc00000| Complete |  0
|1277|0x00000000cfd00000, 0x00000000cfe00000, 0x00000000cfe00000|100%| E|CS|TAMS 0x00000000cfd00000| PB 0x00000000cfd00000| Complete |  0
|1278|0x00000000cfe00000, 0x00000000cff00000, 0x00000000cff00000|100%| E|CS|TAMS 0x00000000cfe00000| PB 0x00000000cfe00000| Complete |  0
|1279|0x00000000cff00000, 0x00000000d0000000, 0x00000000d0000000|100%| E|CS|TAMS 0x00000000cff00000| PB 0x00000000cff00000| Complete |  0
|1280|0x00000000d0000000, 0x00000000d0100000, 0x00000000d0100000|100%| E|CS|TAMS 0x00000000d0000000| PB 0x00000000d0000000| Complete |  0
|1281|0x00000000d0100000, 0x00000000d0200000, 0x00000000d0200000|100%| E|CS|TAMS 0x00000000d0100000| PB 0x00000000d0100000| Complete |  0
|1282|0x00000000d0200000, 0x00000000d0300000, 0x00000000d0300000|100%| E|CS|TAMS 0x00000000d0200000| PB 0x00000000d0200000| Complete |  0
|1283|0x00000000d0300000, 0x00000000d0400000, 0x00000000d0400000|100%| E|CS|TAMS 0x00000000d0300000| PB 0x00000000d0300000| Complete |  0
|2036|0x00000000ff400000, 0x00000000ff500000, 0x00000000ff500000|100%| E|CS|TAMS 0x00000000ff400000| PB 0x00000000ff400000| Complete |  0
|2037|0x00000000ff500000, 0x00000000ff600000, 0x00000000ff600000|100%| E|CS|TAMS 0x00000000ff500000| PB 0x00000000ff500000| Complete |  0
|2038|0x00000000ff600000, 0x00000000ff700000, 0x00000000ff700000|100%| O|  |TAMS 0x00000000ff700000| PB 0x00000000ff600000| Untracked |  0
|2039|0x00000000ff700000, 0x00000000ff800000, 0x00000000ff800000|100%| O|  |TAMS 0x00000000ff800000| PB 0x00000000ff700000| Untracked |  0
|2040|0x00000000ff800000, 0x00000000ff900000, 0x00000000ff900000|100%| E|  |TAMS 0x00000000ff800000| PB 0x00000000ff800000| Complete |  0
|2041|0x00000000ff900000, 0x00000000ffa00000, 0x00000000ffa00000|100%| O|  |TAMS 0x00000000ffa00000| PB 0x00000000ff900000| Untracked |  0
|2042|0x00000000ffa00000, 0x00000000ffb00000, 0x00000000ffb00000|100%| O|  |TAMS 0x00000000ffb00000| PB 0x00000000ffa00000| Untracked |  0
|2043|0x00000000ffb00000, 0x00000000ffc00000, 0x00000000ffc00000|100%| O|  |TAMS 0x00000000ffc00000| PB 0x00000000ffb00000| Untracked |  0
|2044|0x00000000ffc00000, 0x00000000ffd00000, 0x00000000ffd00000|100%| O|  |TAMS 0x00000000ffd00000| PB 0x00000000ffc00000| Untracked |  0
|2045|0x00000000ffd00000, 0x00000000ffe00000, 0x00000000ffe00000|100%| E|CS|TAMS 0x00000000ffd00000| PB 0x00000000ffd00000| Complete |  0
|2046|0x00000000ffe00000, 0x00000000fff00000, 0x00000000fff00000|100%| O|  |TAMS 0x00000000fff00000| PB 0x00000000ffe00000| Untracked |  0
|2047|0x00000000fff00000, 0x0000000100000000, 0x0000000100000000|100%| O|  |TAMS 0x0000000100000000| PB 0x00000000fff00000| Untracked |  0

Card table byte_map: [0x000001964d8f0000,0x000001964dcf0000] _byte_map_base: 0x000001964d4f0000

Marking Bits: (CMBitMap*) 0x0000019635297510
 Bits: [0x000001964dcf0000, 0x000001964fcf0000)

Polling page: 0x0000019633040000

Metaspace:

Usage:
  Non-class:    140.41 MB used.
      Class:     23.01 MB used.
       Both:    163.42 MB used.

Virtual space:
  Non-class space:      192.00 MB reserved,     142.19 MB ( 74%) committed,  3 nodes.
      Class space:      416.00 MB reserved,      24.62 MB (  6%) committed,  1 nodes.
             Both:      608.00 MB reserved,     166.81 MB ( 27%) committed. 

Chunk freelists:
   Non-Class:  1.59 MB
       Class:  7.23 MB
        Both:  8.82 MB

MaxMetaspaceSize: 512.00 MB
CompressedClassSpaceSize: 416.00 MB
Initial GC threshold: 21.00 MB
Current GC threshold: 277.94 MB
CDS: on
 - commit_granule_bytes: 65536.
 - commit_granule_words: 8192.
 - virtual_space_node_default_size: 8388608.
 - enlarge_chunks_in_place: 1.
 - use_allocation_guard: 0.


Internal statistics:

num_allocs_failed_limit: 6.
num_arena_births: 5690.
num_arena_deaths: 98.
num_vsnodes_births: 4.
num_vsnodes_deaths: 0.
num_space_committed: 2668.
num_space_uncommitted: 0.
num_chunks_returned_to_freelist: 142.
num_chunks_taken_from_freelist: 13265.
num_chunk_merges: 51.
num_chunk_splits: 8711.
num_chunks_enlarged: 5672.
num_inconsistent_stats: 0.

CodeHeap 'non-profiled nmethods': size=119232Kb used=19862Kb max_used=19929Kb free=99369Kb
 bounds [0x00000196454d0000, 0x0000019646850000, 0x000001964c940000]
CodeHeap 'profiled nmethods': size=119104Kb used=29879Kb max_used=42714Kb free=89224Kb
 bounds [0x000001963d940000, 0x0000019640420000, 0x0000019644d90000]
CodeHeap 'non-nmethods': size=7424Kb used=2963Kb max_used=4226Kb free=4460Kb
 bounds [0x0000019644d90000, 0x00000196451c0000, 0x00000196454d0000]
CodeCache: size=245760Kb, used=52704Kb, max_used=66869Kb, free=193053Kb
 total_blobs=23079, nmethods=21994, adapters=987, full_count=0
Compilation: enabled, stopped_count=0, restarted_count=0

Compilation events (20 events):
Event: 131.459 Thread 0x0000019652765fa0 nmethod 40145 0x000001963d9bd608 code [0x000001963d9bd7e0, 0x000001963d9be1c0]
Event: 131.466 Thread 0x0000019679688100 nmethod 40144 0x000001963fbad288 code [0x000001963fbadda0, 0x000001963fbb5900]
Event: 131.477 Thread 0x0000019679690270 nmethod 40142% 0x000001964681f908 code [0x000001964681fa80, 0x000001964681ff30]
Event: 131.477 Thread 0x0000019679690270 40143 %     4       com.android.tools.r8.internal.et0::a @ 27 (67 bytes)
Event: 131.508 Thread 0x0000019679690270 nmethod 40143% 0x0000019646820088 code [0x0000019646820260, 0x0000019646820b70]
Event: 131.508 Thread 0x0000019679690270 40138       4       com.android.tools.r8.graph.O4::a (28 bytes)
Event: 131.517 Thread 0x0000019679688100 40146       3       com.android.tools.r8.internal.B7::equals (9 bytes)
Event: 131.531 Thread 0x0000019679688100 nmethod 40146 0x000001963defdb88 code [0x000001963defdca0, 0x000001963defde08]
Event: 131.550 Thread 0x0000019679688100 40149       3       com.android.tools.r8.internal.J9$$Lambda/0x00000196568008c0::apply (16 bytes)
Event: 131.550 Thread 0x0000019652765fa0 40150       3       com.android.tools.r8.internal.J9$$Lambda/0x0000019656800af8::apply (20 bytes)
Event: 131.550 Thread 0x0000019652765fa0 nmethod 40150 0x000001963dd62c08 code [0x000001963dd62d40, 0x000001963dd63208]
Event: 131.552 Thread 0x0000019679688100 nmethod 40149 0x000001963dd2f008 code [0x000001963dd2f200, 0x000001963dd2ff30]
Event: 131.555 Thread 0x0000019679690270 nmethod 40138 0x0000019646820d08 code [0x0000019646820e60, 0x00000196468213e0]
Event: 131.557 Thread 0x0000019679690270 40137       4       com.android.tools.r8.internal.Z5::u (36 bytes)
Event: 131.561 Thread 0x0000019679690270 nmethod 40137 0x0000019646821508 code [0x0000019646821620, 0x0000019646821780]
Event: 131.561 Thread 0x0000019679690270 40148       4       com.android.tools.r8.internal.vn0::e (34 bytes)
Event: 131.565 Thread 0x000001967968ee00 nmethod 40117% 0x0000019646821808 code [0x0000019646822140, 0x0000019646827fa0]
Event: 131.566 Thread 0x0000019679690270 nmethod 40148 0x0000019646828308 code [0x0000019646828440, 0x0000019646828600]
Event: 131.566 Thread 0x0000019679690270 40136       4       com.android.tools.r8.internal.Jh::a (39 bytes)
Event: 131.573 Thread 0x000001967968ee00 40147       4       com.android.tools.r8.internal.DI::a (24 bytes)

GC Heap History (20 events):
Event: 126.039 GC heap before
{Heap before GC invocations=171 (full 0):
 garbage-first heap   total reserved 2097152K, committed 1196032K, used 1096099K [0x0000000080000000, 0x0000000100000000)
  region size 1024K, 571 young (584704K), 37 survivors (37888K)
 Metaspace       used 167281K, committed 170752K, reserved 622592K
  class space    used 23560K, committed 25216K, reserved 425984K
}
Event: 126.072 GC heap after
{Heap after GC invocations=172 (full 0):
 garbage-first heap   total reserved 2097152K, committed 1196032K, used 550763K [0x0000000080000000, 0x0000000100000000)
  region size 1024K, 38 young (38912K), 38 survivors (38912K)
 Metaspace       used 167281K, committed 170752K, reserved 622592K
  class space    used 23560K, committed 25216K, reserved 425984K
}
Event: 126.517 GC heap before
{Heap before GC invocations=172 (full 0):
 garbage-first heap   total reserved 2097152K, committed 1196032K, used 1094507K [0x0000000080000000, 0x0000000100000000)
  region size 1024K, 570 young (583680K), 38 survivors (38912K)
 Metaspace       used 167283K, committed 170752K, reserved 622592K
  class space    used 23560K, committed 25216K, reserved 425984K
}
Event: 126.561 GC heap after
{Heap after GC invocations=173 (full 0):
 garbage-first heap   total reserved 2097152K, committed 1196032K, used 536202K [0x0000000080000000, 0x0000000100000000)
  region size 1024K, 39 young (39936K), 39 survivors (39936K)
 Metaspace       used 167283K, committed 170752K, reserved 622592K
  class space    used 23560K, committed 25216K, reserved 425984K
}
Event: 127.052 GC heap before
{Heap before GC invocations=173 (full 0):
 garbage-first heap   total reserved 2097152K, committed 1196032K, used 1094282K [0x0000000080000000, 0x0000000100000000)
  region size 1024K, 585 young (599040K), 39 survivors (39936K)
 Metaspace       used 167289K, committed 170752K, reserved 622592K
  class space    used 23560K, committed 25216K, reserved 425984K
}
Event: 127.087 GC heap after
{Heap after GC invocations=174 (full 0):
 garbage-first heap   total reserved 2097152K, committed 1196032K, used 538806K [0x0000000080000000, 0x0000000100000000)
  region size 1024K, 42 young (43008K), 42 survivors (43008K)
 Metaspace       used 167289K, committed 170752K, reserved 622592K
  class space    used 23560K, committed 25216K, reserved 425984K
}
Event: 127.512 GC heap before
{Heap before GC invocations=174 (full 0):
 garbage-first heap   total reserved 2097152K, committed 1196032K, used 1091766K [0x0000000080000000, 0x0000000100000000)
  region size 1024K, 582 young (595968K), 42 survivors (43008K)
 Metaspace       used 167293K, committed 170752K, reserved 622592K
  class space    used 23560K, committed 25216K, reserved 425984K
}
Event: 127.552 GC heap after
{Heap after GC invocations=175 (full 0):
 garbage-first heap   total reserved 2097152K, committed 1196032K, used 539018K [0x0000000080000000, 0x0000000100000000)
  region size 1024K, 37 young (37888K), 37 survivors (37888K)
 Metaspace       used 167293K, committed 170752K, reserved 622592K
  class space    used 23560K, committed 25216K, reserved 425984K
}
Event: 128.040 GC heap before
{Heap before GC invocations=176 (full 0):
 garbage-first heap   total reserved 2097152K, committed 1196032K, used 1096074K [0x0000000080000000, 0x0000000100000000)
  region size 1024K, 582 young (595968K), 37 survivors (37888K)
 Metaspace       used 167302K, committed 170752K, reserved 622592K
  class space    used 23561K, committed 25216K, reserved 425984K
}
Event: 128.074 GC heap after
{Heap after GC invocations=177 (full 0):
 garbage-first heap   total reserved 2097152K, committed 1196032K, used 540507K [0x0000000080000000, 0x0000000100000000)
  region size 1024K, 38 young (38912K), 38 survivors (38912K)
 Metaspace       used 167302K, committed 170752K, reserved 622592K
  class space    used 23561K, committed 25216K, reserved 425984K
}
Event: 128.466 GC heap before
{Heap before GC invocations=177 (full 0):
 garbage-first heap   total reserved 2097152K, committed 1196032K, used 1095515K [0x0000000080000000, 0x0000000100000000)
  region size 1024K, 581 young (594944K), 38 survivors (38912K)
 Metaspace       used 167302K, committed 170752K, reserved 622592K
  class space    used 23561K, committed 25216K, reserved 425984K
}
Event: 128.518 GC heap after
{Heap after GC invocations=178 (full 0):
 garbage-first heap   total reserved 2097152K, committed 1196032K, used 525134K [0x0000000080000000, 0x0000000100000000)
  region size 1024K, 38 young (38912K), 38 survivors (38912K)
 Metaspace       used 167302K, committed 170752K, reserved 622592K
  class space    used 23561K, committed 25216K, reserved 425984K
}
Event: 128.917 GC heap before
{Heap before GC invocations=178 (full 0):
 garbage-first heap   total reserved 2097152K, committed 1196032K, used 1095502K [0x0000000080000000, 0x0000000100000000)
  region size 1024K, 596 young (610304K), 38 survivors (38912K)
 Metaspace       used 167304K, committed 170752K, reserved 622592K
  class space    used 23561K, committed 25216K, reserved 425984K
}
Event: 128.953 GC heap after
{Heap after GC invocations=179 (full 0):
 garbage-first heap   total reserved 2097152K, committed 1196032K, used 527458K [0x0000000080000000, 0x0000000100000000)
  region size 1024K, 35 young (35840K), 35 survivors (35840K)
 Metaspace       used 167304K, committed 170752K, reserved 622592K
  class space    used 23561K, committed 25216K, reserved 425984K
}
Event: 129.457 GC heap before
{Heap before GC invocations=179 (full 0):
 garbage-first heap   total reserved 2097152K, committed 1196032K, used 1097826K [0x0000000080000000, 0x0000000100000000)
  region size 1024K, 593 young (607232K), 35 survivors (35840K)
 Metaspace       used 167304K, committed 170752K, reserved 622592K
  class space    used 23561K, committed 25216K, reserved 425984K
}
Event: 129.494 GC heap after
{Heap after GC invocations=180 (full 0):
 garbage-first heap   total reserved 2097152K, committed 1327104K, used 529171K [0x0000000080000000, 0x0000000100000000)
  region size 1024K, 31 young (31744K), 31 survivors (31744K)
 Metaspace       used 167304K, committed 170752K, reserved 622592K
  class space    used 23561K, committed 25216K, reserved 425984K
}
Event: 130.472 GC heap before
{Heap before GC invocations=181 (full 0):
 garbage-first heap   total reserved 2097152K, committed 1327104K, used 1221395K [0x0000000080000000, 0x0000000100000000)
  region size 1024K, 708 young (724992K), 31 survivors (31744K)
 Metaspace       used 167326K, committed 170816K, reserved 622592K
  class space    used 23562K, committed 25216K, reserved 425984K
}
Event: 130.495 GC heap after
{Heap after GC invocations=182 (full 0):
 garbage-first heap   total reserved 2097152K, committed 1327104K, used 533239K [0x0000000080000000, 0x0000000100000000)
  region size 1024K, 31 young (31744K), 31 survivors (31744K)
 Metaspace       used 167326K, committed 170816K, reserved 622592K
  class space    used 23562K, committed 25216K, reserved 425984K
}
Event: 131.142 GC heap before
{Heap before GC invocations=182 (full 0):
 garbage-first heap   total reserved 2097152K, committed 1327104K, used 1204983K [0x0000000080000000, 0x0000000100000000)
  region size 1024K, 682 young (698368K), 31 survivors (31744K)
 Metaspace       used 167331K, committed 170816K, reserved 622592K
  class space    used 23562K, committed 25216K, reserved 425984K
}
Event: 131.175 GC heap after
{Heap after GC invocations=183 (full 0):
 garbage-first heap   total reserved 2097152K, committed 1327104K, used 522561K [0x0000000080000000, 0x0000000100000000)
  region size 1024K, 31 young (31744K), 31 survivors (31744K)
 Metaspace       used 167331K, committed 170816K, reserved 622592K
  class space    used 23562K, committed 25216K, reserved 425984K
}

Dll operation events (16 events):
Event: 0.034 Loaded shared library C:\Program Files\Java\jdk-23\bin\java.dll
Event: 0.084 Loaded shared library C:\Program Files\Java\jdk-23\bin\jsvml.dll
Event: 0.128 Loaded shared library C:\Program Files\Java\jdk-23\bin\zip.dll
Event: 0.131 Loaded shared library C:\Program Files\Java\jdk-23\bin\instrument.dll
Event: 0.135 Loaded shared library C:\Program Files\Java\jdk-23\bin\net.dll
Event: 0.137 Loaded shared library C:\Program Files\Java\jdk-23\bin\nio.dll
Event: 0.140 Loaded shared library C:\Program Files\Java\jdk-23\bin\zip.dll
Event: 0.325 Loaded shared library C:\Program Files\Java\jdk-23\bin\jimage.dll
Event: 0.550 Loaded shared library C:\Program Files\Java\jdk-23\bin\verify.dll
Event: 0.578 Loaded shared library D:\Gradle\native\660c5614fbf4a5f2a75b1949f50a0caf5cd603558e7d8a26e50b933a0cfb79d1\windows-amd64\native-platform.dll
Event: 0.590 Loaded shared library D:\Gradle\native\0.2.8\x86_64-windows-gnu\gradle-fileevents.dll
Event: 1.401 Loaded shared library C:\Program Files\Java\jdk-23\bin\management.dll
Event: 1.403 Loaded shared library C:\Program Files\Java\jdk-23\bin\management_ext.dll
Event: 1.596 Loaded shared library C:\Program Files\Java\jdk-23\bin\extnet.dll
Event: 1.986 Loaded shared library C:\Program Files\Java\jdk-23\bin\sunmscapi.dll
Event: 43.141 Loaded shared library C:\Program Files\Java\jdk-23\bin\rmi.dll

Deoptimization events (20 events):
Event: 129.850 Thread 0x000001967b4718d0 Uncommon trap: trap_request=0xffffff45 fr.pc=0x00000196464e7fdc relative=0x0000000000001ffc
Event: 129.850 Thread 0x000001967b4718d0 Uncommon trap: reason=unstable_if action=reinterpret pc=0x00000196464e7fdc method=com.android.tools.r8.internal.lb.c(Lcom/android/tools/r8/internal/wB;)V @ 119 c2
Event: 129.850 Thread 0x000001967b4718d0 DEOPT PACKING pc=0x00000196464e7fdc sp=0x000000167b3faac0
Event: 129.850 Thread 0x000001967b4718d0 DEOPT UNPACKING pc=0x0000019644de4402 sp=0x000000167b3faa98 mode 2
Event: 129.951 Thread 0x0000019653b16390 DEOPT PACKING pc=0x000001963e2adf49 sp=0x000000167d2fb130
Event: 129.951 Thread 0x0000019653b16390 DEOPT UNPACKING pc=0x0000019644de4b22 sp=0x000000167d2fa668 mode 0
Event: 129.959 Thread 0x0000019653b16390 Uncommon trap: trap_request=0xffffffde fr.pc=0x000001964646848c relative=0x00000000000007ac
Event: 129.959 Thread 0x0000019653b16390 Uncommon trap: reason=class_check action=maybe_recompile pc=0x000001964646848c method=com.android.tools.r8.synthesis.E.a(Ljava/util/function/Function;Lcom/android/tools/r8/graph/K2;)Lcom/android/tools/r8/graph/c0; @ 179 c2
Event: 129.959 Thread 0x0000019653b16390 DEOPT PACKING pc=0x000001964646848c sp=0x000000167d2faf00
Event: 129.959 Thread 0x0000019653b16390 DEOPT UNPACKING pc=0x0000019644de4402 sp=0x000000167d2faed0 mode 2
Event: 129.959 Thread 0x0000019653b16390 Uncommon trap: trap_request=0xffffffde fr.pc=0x000001964646848c relative=0x00000000000007ac
Event: 129.959 Thread 0x0000019653b16390 Uncommon trap: reason=class_check action=maybe_recompile pc=0x000001964646848c method=com.android.tools.r8.synthesis.E.a(Ljava/util/function/Function;Lcom/android/tools/r8/graph/K2;)Lcom/android/tools/r8/graph/c0; @ 179 c2
Event: 129.959 Thread 0x0000019653b16390 DEOPT PACKING pc=0x000001964646848c sp=0x000000167d2faf00
Event: 129.959 Thread 0x0000019653b16390 DEOPT UNPACKING pc=0x0000019644de4402 sp=0x000000167d2faed0 mode 2
Event: 129.969 Thread 0x0000019653b16390 DEOPT PACKING pc=0x000001963dfe32a0 sp=0x000000167d2fb190
Event: 129.969 Thread 0x0000019653b16390 DEOPT UNPACKING pc=0x0000019644de4b22 sp=0x000000167d2fa698 mode 0
Event: 131.512 Thread 0x000001967b476790 Uncommon trap: trap_request=0xffffff45 fr.pc=0x00000196465e941c relative=0x000000000000025c
Event: 131.530 Thread 0x000001967b476790 Uncommon trap: reason=unstable_if action=reinterpret pc=0x00000196465e941c method=com.android.tools.r8.internal.rT.l(Lcom/android/tools/r8/internal/QU;)Z @ 22 c2
Event: 131.530 Thread 0x000001967b476790 DEOPT PACKING pc=0x00000196465e941c sp=0x000000167bffa3d0
Event: 131.530 Thread 0x000001967b476790 DEOPT UNPACKING pc=0x0000019644de4402 sp=0x000000167bffa378 mode 2

Classes loaded (20 events):
Event: 55.919 Loading class java/util/IdentityHashMap$ValueIterator
Event: 55.920 Loading class java/util/IdentityHashMap$ValueIterator done
Event: 64.744 Loading class java/nio/ShortBuffer
Event: 64.745 Loading class java/nio/ShortBuffer done
Event: 65.128 Loading class java/nio/ByteBufferAsShortBufferL
Event: 65.130 Loading class java/nio/ByteBufferAsShortBufferL done
Event: 65.551 Loading class java/util/zip/Adler32
Event: 65.553 Loading class java/util/zip/Adler32 done
Event: 76.149 Loading class java/nio/file/FileTreeIterator
Event: 76.149 Loading class java/nio/file/FileTreeIterator done
Event: 76.277 Loading class jdk/internal/reflect/MethodHandleByteFieldAccessorImpl
Event: 76.278 Loading class jdk/internal/reflect/MethodHandleByteFieldAccessorImpl done
Event: 92.468 Loading class java/util/zip/Deflater
Event: 92.469 Loading class java/util/zip/Deflater done
Event: 92.472 Loading class java/util/zip/Deflater$DeflaterZStreamRef
Event: 92.472 Loading class java/util/zip/Deflater$DeflaterZStreamRef done
Event: 93.201 Loading class java/util/IdentityHashMap$EntryIterator
Event: 93.201 Loading class java/util/IdentityHashMap$EntryIterator done
Event: 93.202 Loading class java/util/IdentityHashMap$EntryIterator$Entry
Event: 93.203 Loading class java/util/IdentityHashMap$EntryIterator$Entry done

Classes unloaded (20 events):
Event: 19.905 Thread 0x0000019652738bd0 Unloading class 0x0000019655ceb400 'java/lang/invoke/LambdaForm$MH+0x0000019655ceb400'
Event: 19.905 Thread 0x0000019652738bd0 Unloading class 0x0000019655ceac00 'java/lang/invoke/LambdaForm$MH+0x0000019655ceac00'
Event: 19.905 Thread 0x0000019652738bd0 Unloading class 0x0000019655cea800 'java/lang/invoke/LambdaForm$MH+0x0000019655cea800'
Event: 19.905 Thread 0x0000019652738bd0 Unloading class 0x0000019655cea400 'java/lang/invoke/LambdaForm$MH+0x0000019655cea400'
Event: 19.905 Thread 0x0000019652738bd0 Unloading class 0x0000019655ce9c00 'java/lang/invoke/LambdaForm$MH+0x0000019655ce9c00'
Event: 19.905 Thread 0x0000019652738bd0 Unloading class 0x0000019655ce9800 'java/lang/invoke/LambdaForm$MH+0x0000019655ce9800'
Event: 19.905 Thread 0x0000019652738bd0 Unloading class 0x0000019655ce9400 'java/lang/invoke/LambdaForm$MH+0x0000019655ce9400'
Event: 19.905 Thread 0x0000019652738bd0 Unloading class 0x0000019655ce8c00 'java/lang/invoke/LambdaForm$MH+0x0000019655ce8c00'
Event: 19.905 Thread 0x0000019652738bd0 Unloading class 0x0000019655ce8800 'java/lang/invoke/LambdaForm$MH+0x0000019655ce8800'
Event: 19.905 Thread 0x0000019652738bd0 Unloading class 0x0000019655ce8000 'java/lang/invoke/LambdaForm$MH+0x0000019655ce8000'
Event: 19.905 Thread 0x0000019652738bd0 Unloading class 0x0000019655cd4c00 'java/lang/invoke/LambdaForm$MH+0x0000019655cd4c00'
Event: 19.905 Thread 0x0000019652738bd0 Unloading class 0x0000019655cd4400 'java/lang/invoke/LambdaForm$DMH+0x0000019655cd4400'
Event: 52.432 Thread 0x0000019652738bd0 Unloading class 0x0000019656589800 'java/lang/invoke/LambdaForm$DMH+0x0000019656589800'
Event: 52.432 Thread 0x0000019652738bd0 Unloading class 0x0000019656589400 'java/lang/invoke/LambdaForm$DMH+0x0000019656589400'
Event: 52.432 Thread 0x0000019652738bd0 Unloading class 0x0000019656588c00 'java/lang/invoke/LambdaForm$DMH+0x0000019656588c00'
Event: 52.432 Thread 0x0000019652738bd0 Unloading class 0x0000019656589000 'java/lang/invoke/LambdaForm$DMH+0x0000019656589000'
Event: 52.432 Thread 0x0000019652738bd0 Unloading class 0x0000019656588800 'java/lang/invoke/LambdaForm$DMH+0x0000019656588800'
Event: 52.432 Thread 0x0000019652738bd0 Unloading class 0x0000019656588400 'java/lang/invoke/LambdaForm$DMH+0x0000019656588400'
Event: 52.432 Thread 0x0000019652738bd0 Unloading class 0x0000019656588000 'java/lang/invoke/LambdaForm$DMH+0x0000019656588000'
Event: 52.432 Thread 0x0000019652738bd0 Unloading class 0x0000019656581c00 'java/lang/invoke/LambdaForm$DMH+0x0000019656581c00'

Classes redefined (0 events):
No events

Internal exceptions (20 events):
Event: 119.365 Thread 0x0000019678492eb0 Exception <a 'sun/nio/fs/WindowsException'{0x00000000c353dc08}> (0x00000000c353dc08) 
thrown [s\open\src\hotspot\share\prims\jni.cpp, line 520]
Event: 119.376 Thread 0x000001967b46f800 Exception <a 'sun/nio/fs/WindowsException'{0x00000000bb345ad8}> (0x00000000bb345ad8) 
thrown [s\open\src\hotspot\share\prims\jni.cpp, line 520]
Event: 119.416 Thread 0x0000019653b1d9b0 Exception <a 'sun/nio/fs/WindowsException'{0x00000000ba6a5258}> (0x00000000ba6a5258) 
thrown [s\open\src\hotspot\share\prims\jni.cpp, line 520]
Event: 119.454 Thread 0x0000019653b1d9b0 Exception <a 'sun/nio/fs/WindowsException'{0x00000000ba6d2988}> (0x00000000ba6d2988) 
thrown [s\open\src\hotspot\share\prims\jni.cpp, line 520]
Event: 119.457 Thread 0x000001967b46f800 Exception <a 'sun/nio/fs/WindowsException'{0x00000000ba7a1870}> (0x00000000ba7a1870) 
thrown [s\open\src\hotspot\share\prims\jni.cpp, line 520]
Event: 119.706 Thread 0x000001967b474d50 Exception <a 'sun/nio/fs/WindowsException'{0x00000000b017ac68}> (0x00000000b017ac68) 
thrown [s\open\src\hotspot\share\prims\jni.cpp, line 520]
Event: 119.911 Thread 0x000001967b474d50 Exception <a 'sun/nio/fs/WindowsException'{0x00000000b01a7ae0}> (0x00000000b01a7ae0) 
thrown [s\open\src\hotspot\share\prims\jni.cpp, line 520]
Event: 120.463 Thread 0x000001967b474030 Exception <a 'sun/nio/fs/WindowsException'{0x00000000bf78d908}> (0x00000000bf78d908) 
thrown [s\open\src\hotspot\share\prims\jni.cpp, line 520]
Event: 120.732 Thread 0x000001967b474030 Exception <a 'sun/nio/fs/WindowsException'{0x00000000bf7bac28}> (0x00000000bf7bac28) 
thrown [s\open\src\hotspot\share\prims\jni.cpp, line 520]
Event: 123.236 Thread 0x0000019653b135a0 Exception <a 'sun/nio/fs/WindowsException'{0x00000000aa8b4190}> (0x00000000aa8b4190) 
thrown [s\open\src\hotspot\share\prims\jni.cpp, line 520]
Event: 123.404 Thread 0x0000019653b135a0 Exception <a 'sun/nio/fs/WindowsException'{0x00000000c6fac0d8}> (0x00000000c6fac0d8) 
thrown [s\open\src\hotspot\share\prims\jni.cpp, line 520]
Event: 123.988 Thread 0x0000019678607070 Exception <a 'sun/nio/fs/WindowsException'{0x00000000b2a85fe0}> (0x00000000b2a85fe0) 
thrown [s\open\src\hotspot\share\prims\jni.cpp, line 520]
Event: 124.047 Thread 0x0000019678607070 Exception <a 'sun/nio/fs/WindowsException'{0x00000000b2ab35d0}> (0x00000000b2ab35d0) 
thrown [s\open\src\hotspot\share\prims\jni.cpp, line 520]
Event: 124.140 Thread 0x0000019678491470 Exception <a 'sun/nio/fs/WindowsException'{0x00000000b06eeef0}> (0x00000000b06eeef0) 
thrown [s\open\src\hotspot\share\prims\jni.cpp, line 520]
Event: 124.221 Thread 0x0000019678491470 Exception <a 'sun/nio/fs/WindowsException'{0x00000000ac81e280}> (0x00000000ac81e280) 
thrown [s\open\src\hotspot\share\prims\jni.cpp, line 520]
Event: 127.433 Thread 0x000001967b476e20 Exception <a 'sun/nio/fs/WindowsException'{0x00000000b3a0df98}> (0x00000000b3a0df98) 
thrown [s\open\src\hotspot\share\prims\jni.cpp, line 520]
Event: 127.584 Thread 0x000001967b476e20 Exception <a 'sun/nio/fs/WindowsException'{0x00000000c6209d90}> (0x00000000c6209d90) 
thrown [s\open\src\hotspot\share\prims\jni.cpp, line 520]
Event: 129.850 Thread 0x000001967b4718d0 Implicit null exception at 0x00000196464e6513 to 0x00000196464e7fa4
Event: 130.891 Thread 0x0000019653b16390 Exception <a 'sun/nio/fs/WindowsException'{0x00000000bb398cb0}> (0x00000000bb398cb0) 
thrown [s\open\src\hotspot\share\prims\jni.cpp, line 520]
Event: 131.003 Thread 0x0000019653b16390 Exception <a 'sun/nio/fs/WindowsException'{0x00000000bb3c9100}> (0x00000000bb3c9100) 
thrown [s\open\src\hotspot\share\prims\jni.cpp, line 520]

VM Operations (20 events):
Event: 127.669 Executing VM operation: G1PauseRemark
Event: 127.693 Executing VM operation: G1PauseRemark done
Event: 127.922 Executing VM operation: G1PauseCleanup
Event: 127.936 Executing VM operation: G1PauseCleanup done
Event: 128.040 Executing VM operation: G1CollectForAllocation (G1 Evacuation Pause)
Event: 128.074 Executing VM operation: G1CollectForAllocation (G1 Evacuation Pause) done
Event: 128.445 Executing VM operation: G1CollectForAllocation (G1 Evacuation Pause)
Event: 128.518 Executing VM operation: G1CollectForAllocation (G1 Evacuation Pause) done
Event: 128.904 Executing VM operation: G1CollectForAllocation (G1 Evacuation Pause)
Event: 128.953 Executing VM operation: G1CollectForAllocation (G1 Evacuation Pause) done
Event: 129.450 Executing VM operation: G1CollectForAllocation (G1 Evacuation Pause)
Event: 129.494 Executing VM operation: G1CollectForAllocation (G1 Evacuation Pause) done
Event: 129.535 Executing VM operation: G1PauseRemark
Event: 129.564 Executing VM operation: G1PauseRemark done
Event: 129.785 Executing VM operation: G1PauseCleanup
Event: 129.792 Executing VM operation: G1PauseCleanup done
Event: 130.462 Executing VM operation: G1CollectForAllocation (G1 Evacuation Pause)
Event: 130.495 Executing VM operation: G1CollectForAllocation (G1 Evacuation Pause) done
Event: 131.142 Executing VM operation: G1CollectForAllocation (G1 Evacuation Pause)
Event: 131.175 Executing VM operation: G1CollectForAllocation (G1 Evacuation Pause) done

Memory protections (0 events):
No events

Nmethod flushes (20 events):
Event: 129.559 Thread 0x0000019652738bd0 flushing  nmethod 0x000001963deded88
Event: 129.559 Thread 0x0000019652738bd0 flushing  nmethod 0x000001963e0ddf08
Event: 129.559 Thread 0x0000019652738bd0 flushing  nmethod 0x000001963e0e0108
Event: 129.559 Thread 0x0000019652738bd0 flushing  nmethod 0x000001963e28a788
Event: 129.559 Thread 0x0000019652738bd0 flushing  nmethod 0x000001963e58c588
Event: 129.559 Thread 0x0000019652738bd0 flushing  nmethod 0x00000196466b9688
Event: 129.560 Thread 0x0000019652738bd0 flushing  nmethod 0x000001963da70488
Event: 129.560 Thread 0x0000019652738bd0 flushing  nmethod 0x000001963dbc1508
Event: 129.560 Thread 0x0000019652738bd0 flushing  nmethod 0x000001963dc0d188
Event: 129.560 Thread 0x0000019652738bd0 flushing  nmethod 0x000001963dce1988
Event: 129.560 Thread 0x0000019652738bd0 flushing  nmethod 0x000001963dd4b988
Event: 129.560 Thread 0x0000019652738bd0 flushing  nmethod 0x000001963e062788
Event: 129.560 Thread 0x0000019652738bd0 flushing  nmethod 0x000001963e7ab388
Event: 129.560 Thread 0x0000019652738bd0 flushing  nmethod 0x000001963e7aef88
Event: 129.560 Thread 0x0000019652738bd0 flushing osr nmethod 0x000001963e9a7708
Event: 129.560 Thread 0x0000019652738bd0 flushing  nmethod 0x000001963eb85c08
Event: 129.560 Thread 0x0000019652738bd0 flushing  nmethod 0x000001963e5b4988
Event: 129.560 Thread 0x0000019652738bd0 flushing  nmethod 0x000001963e822d88
Event: 129.560 Thread 0x0000019652738bd0 flushing  nmethod 0x000001963e9cac08
Event: 129.560 Thread 0x0000019652738bd0 flushing  nmethod 0x000001963ffad808

Events (20 events):
Event: 94.798 Thread 0x000001967b2da900 Thread exited: 0x000001967b2da900
Event: 94.827 Thread 0x000001967b2d8830 Thread exited: 0x000001967b2d8830
Event: 94.852 Thread 0x000001967b2d53b0 Thread exited: 0x000001967b2d53b0
Event: 94.873 Thread 0x000001967b2d9550 Thread exited: 0x000001967b2d9550
Event: 109.325 Thread 0x0000019679690940 Thread exited: 0x0000019679690940
Event: 116.718 Thread 0x00000196796916e0 Thread added: 0x0000019676d63c00
Event: 118.413 Thread 0x0000019676d63c00 Thread exited: 0x0000019676d63c00
Event: 118.415 Thread 0x00000196045e04b0 Thread exited: 0x00000196045e04b0
Event: 126.582 Thread 0x00000196796916e0 Thread exited: 0x00000196796916e0
Event: 126.582 Thread 0x0000019679695b00 Thread exited: 0x0000019679695b00
Event: 126.763 Thread 0x0000019679691010 Thread exited: 0x0000019679691010
Event: 126.957 Thread 0x0000019652765fa0 Thread added: 0x00000196796887d0
Event: 128.521 Thread 0x00000196796887d0 Thread exited: 0x00000196796887d0
Event: 129.095 Thread 0x0000019679692480 Thread exited: 0x0000019679692480
Event: 129.415 Thread 0x0000019679691db0 Thread exited: 0x0000019679691db0
Event: 129.729 Thread 0x0000019679692b50 Thread exited: 0x0000019679692b50
Event: 129.730 Thread 0x000001967968e730 Thread exited: 0x000001967968e730
Event: 130.015 Thread 0x0000019652765fa0 Thread added: 0x0000019679688100
Event: 130.019 Thread 0x0000019652765fa0 Thread added: 0x00000196796887d0
Event: 130.020 Thread 0x0000019652765fa0 Thread added: 0x0000019679691010


Dynamic libraries:
0x00007ff6f2270000 - 0x00007ff6f2280000 	C:\Program Files\Java\jdk-23\bin\java.exe
0x00007ffb9c360000 - 0x00007ffb9c5c6000 	C:\WINDOWS\SYSTEM32\ntdll.dll
0x00007ffb9bbd0000 - 0x00007ffb9bc99000 	C:\WINDOWS\System32\KERNEL32.DLL
0x00007ffb999e0000 - 0x00007ffb99dde000 	C:\WINDOWS\System32\KERNELBASE.dll
0x00007ffb99580000 - 0x00007ffb996cc000 	C:\WINDOWS\System32\ucrtbase.dll
0x00007ffb750f0000 - 0x00007ffb7510b000 	C:\Program Files\Java\jdk-23\bin\VCRUNTIME140.dll
0x00007ffb6fdb0000 - 0x00007ffb6fdc7000 	C:\Program Files\Java\jdk-23\bin\jli.dll
0x00007ffb9ab00000 - 0x00007ffb9acc7000 	C:\WINDOWS\System32\USER32.dll
0x00007ffb99fd0000 - 0x00007ffb99ff7000 	C:\WINDOWS\System32\win32u.dll
0x00007ffb9c220000 - 0x00007ffb9c24b000 	C:\WINDOWS\System32\GDI32.dll
0x00007ffb7c360000 - 0x00007ffb7c5f2000 	C:\WINDOWS\WinSxS\amd64_microsoft.windows.common-controls_6595b64144ccf1df_6.0.26100.8875_none_3e0d5d42e32fe9dd\COMCTL32.dll
0x00007ffb9c270000 - 0x00007ffb9c319000 	C:\WINDOWS\System32\msvcrt.dll
0x00007ffb99df0000 - 0x00007ffb99f1a000 	C:\WINDOWS\System32\gdi32full.dll
0x00007ffb99f20000 - 0x00007ffb99fc3000 	C:\WINDOWS\System32\msvcp_win.dll
0x00007ffb9acd0000 - 0x00007ffb9ad02000 	C:\WINDOWS\System32\IMM32.DLL
0x0000000063130000 - 0x000000006313d000 	C:\Program Files (x86)\360\Total Security\safemon\SafeWrapper.dll
0x00007ffb9aa40000 - 0x00007ffb9aaf7000 	C:\WINDOWS\System32\ADVAPI32.dll
0x00007ffb9ba20000 - 0x00007ffb9baca000 	C:\WINDOWS\System32\sechost.dll
0x00007ffb9aef0000 - 0x00007ffb9b008000 	C:\WINDOWS\System32\RPCRT4.dll
0x00007ffb96e50000 - 0x00007ffb96f55000 	C:\Program Files (x86)\360\Total Security\safemon\libzdtp64.dll
0x00007ffb9b120000 - 0x00007ffb9b8b2000 	C:\WINDOWS\System32\SHELL32.dll
0x00007ffb9a750000 - 0x00007ffb9a7b7000 	C:\WINDOWS\System32\SHLWAPI.dll
0x00007ffb99040000 - 0x00007ffb9904b000 	C:\WINDOWS\SYSTEM32\VERSION.dll
0x00007ffb87ce0000 - 0x00007ffb87cec000 	C:\Program Files\Java\jdk-23\bin\vcruntime140_1.dll
0x00007ffb21df0000 - 0x00007ffb21e7e000 	C:\Program Files\Java\jdk-23\bin\msvcp140.dll
0x00007ffb1db20000 - 0x00007ffb1e86f000 	C:\Program Files\Java\jdk-23\bin\server\jvm.dll
0x00007ffb9b010000 - 0x00007ffb9b090000 	C:\WINDOWS\System32\WS2_32.dll
0x00007ffb993e0000 - 0x00007ffb9943e000 	C:\WINDOWS\SYSTEM32\POWRPROF.dll
0x00007ffb8cf90000 - 0x00007ffb8cfc6000 	C:\WINDOWS\SYSTEM32\WINMM.dll
0x00007ffb993c0000 - 0x00007ffb993d4000 	C:\WINDOWS\SYSTEM32\UMPDC.dll
0x00007ffb981e0000 - 0x00007ffb981fb000 	C:\WINDOWS\SYSTEM32\kernel.appcore.dll
0x00007ffb87c60000 - 0x00007ffb87c6a000 	C:\Program Files\Java\jdk-23\bin\jimage.dll
0x00007ffb966a0000 - 0x00007ffb968e2000 	C:\WINDOWS\SYSTEM32\DBGHELP.DLL
0x00007ffb9bd30000 - 0x00007ffb9c0b3000 	C:\WINDOWS\System32\combase.dll
0x00007ffb9b8e0000 - 0x00007ffb9b9b9000 	C:\WINDOWS\System32\OLEAUT32.dll
0x00007ffb855a0000 - 0x00007ffb855db000 	C:\WINDOWS\SYSTEM32\dbgcore.DLL
0x00007ffb99860000 - 0x00007ffb9990c000 	C:\WINDOWS\System32\bcryptPrimitives.dll
0x00007ffb68230000 - 0x00007ffb6823f000 	C:\Program Files\Java\jdk-23\bin\instrument.dll
0x00007ffb68240000 - 0x00007ffb6825e000 	C:\Program Files\Java\jdk-23\bin\java.dll
0x00007ffb9a520000 - 0x00007ffb9a6b9000 	C:\WINDOWS\System32\ole32.dll
0x00007ffb96fa0000 - 0x00007ffb97832000 	C:\WINDOWS\SYSTEM32\windows.storage.dll
0x00007ffb9c0d0000 - 0x00007ffb9c1c7000 	C:\WINDOWS\System32\SHCORE.dll
0x00007ffb994a0000 - 0x00007ffb994c9000 	C:\WINDOWS\SYSTEM32\profapi.dll
0x00007ffb21960000 - 0x00007ffb21a37000 	C:\Program Files\Java\jdk-23\bin\jsvml.dll
0x00007ffb61280000 - 0x00007ffb61297000 	C:\Program Files\Java\jdk-23\bin\zip.dll
0x00007ffb78600000 - 0x00007ffb78610000 	C:\Program Files\Java\jdk-23\bin\net.dll
0x00007ffb98790000 - 0x00007ffb987fc000 	C:\WINDOWS\system32\mswsock.dll
0x00007ffb61780000 - 0x00007ffb61796000 	C:\Program Files\Java\jdk-23\bin\nio.dll
0x00007ffb68330000 - 0x00007ffb68340000 	C:\Program Files\Java\jdk-23\bin\verify.dll
0x00007ffb78640000 - 0x00007ffb78667000 	D:\Gradle\native\660c5614fbf4a5f2a75b1949f50a0caf5cd603558e7d8a26e50b933a0cfb79d1\windows-amd64\native-platform.dll
0x00007ffb63c70000 - 0x00007ffb63ce7000 	D:\Gradle\native\0.2.8\x86_64-windows-gnu\gradle-fileevents.dll
0x00007ffb750e0000 - 0x00007ffb750ea000 	C:\Program Files\Java\jdk-23\bin\management.dll
0x00007ffb6f790000 - 0x00007ffb6f79b000 	C:\Program Files\Java\jdk-23\bin\management_ext.dll
0x00007ffb9a930000 - 0x00007ffb9a938000 	C:\WINDOWS\System32\PSAPI.DLL
0x00007ffb97ce0000 - 0x00007ffb97d13000 	C:\WINDOWS\SYSTEM32\IPHLPAPI.DLL
0x00007ffb9a940000 - 0x00007ffb9a94a000 	C:\WINDOWS\System32\NSI.dll
0x00007ffb68e30000 - 0x00007ffb68e39000 	C:\Program Files\Java\jdk-23\bin\extnet.dll
0x00007ffb98a90000 - 0x00007ffb98aab000 	C:\WINDOWS\SYSTEM32\CRYPTSP.dll
0x00007ffb98140000 - 0x00007ffb98179000 	C:\WINDOWS\system32\rsaenh.dll
0x00007ffb98850000 - 0x00007ffb98882000 	C:\WINDOWS\SYSTEM32\USERENV.dll
0x00007ffb99470000 - 0x00007ffb9949a000 	C:\WINDOWS\SYSTEM32\bcrypt.dll
0x00007ffb98ab0000 - 0x00007ffb98abc000 	C:\WINDOWS\SYSTEM32\CRYPTBASE.dll
0x00007ffb68050000 - 0x00007ffb6805e000 	C:\Program Files\Java\jdk-23\bin\sunmscapi.dll
0x00007ffb996e0000 - 0x00007ffb99858000 	C:\WINDOWS\System32\CRYPT32.dll
0x00007ffb98cd0000 - 0x00007ffb98d00000 	C:\WINDOWS\SYSTEM32\ncrypt.dll
0x00007ffb98c80000 - 0x00007ffb98cbf000 	C:\WINDOWS\SYSTEM32\NTASN1.dll
0x00007ffb851f0000 - 0x00007ffb851f8000 	C:\WINDOWS\system32\wshunix.dll
0x00007ffb97d20000 - 0x00007ffb97e76000 	C:\WINDOWS\SYSTEM32\DNSAPI.dll
0x00007ffb98570000 - 0x00007ffb9857d000 	C:\WINDOWS\SYSTEM32\DSPARSE.dll
0x00007ffb8cde0000 - 0x00007ffb8cdeb000 	C:\Windows\System32\rasadhlp.dll
0x00007ffb90c60000 - 0x00007ffb90ce6000 	C:\WINDOWS\System32\fwpuclnt.dll
0x00007ffb639b0000 - 0x00007ffb639b7000 	C:\Program Files\Java\jdk-23\bin\rmi.dll
0x00007ffb93690000 - 0x00007ffb93730000 	C:\WINDOWS\system32\apphelp.dll
0x00007ffb98310000 - 0x00007ffb98346000 	C:\WINDOWS\SYSTEM32\ntmarta.dll

dbghelp: loaded successfully - version: 4.0.5 - missing functions: none
symbol engine: initialized successfully - sym options: 0x614 - pdb path: .;C:\Program Files\Java\jdk-23\bin;C:\WINDOWS\SYSTEM32;C:\WINDOWS\WinSxS\amd64_microsoft.windows.common-controls_6595b64144ccf1df_6.0.26100.8875_none_3e0d5d42e32fe9dd;C:\Program Files (x86)\360\Total Security\safemon;C:\Program Files\Java\jdk-23\bin\server;D:\Gradle\native\660c5614fbf4a5f2a75b1949f50a0caf5cd603558e7d8a26e50b933a0cfb79d1\windows-amd64;D:\Gradle\native\0.2.8\x86_64-windows-gnu

VM Arguments:
jvm_args: --add-opens=java.base/java.lang=ALL-UNNAMED --add-opens=java.base/java.lang.invoke=ALL-UNNAMED --add-opens=java.base/java.util=ALL-UNNAMED --add-opens=java.prefs/java.util.prefs=ALL-UNNAMED --add-exports=jdk.compiler/com.sun.tools.javac.api=ALL-UNNAMED --add-exports=jdk.compiler/com.sun.tools.javac.util=ALL-UNNAMED --add-opens=java.base/java.util=ALL-UNNAMED --add-opens=java.prefs/java.util.prefs=ALL-UNNAMED --add-opens=java.base/java.nio.charset=ALL-UNNAMED --add-opens=java.base/java.net=ALL-UNNAMED --add-opens=java.base/java.util.concurrent=ALL-UNNAMED --add-opens=java.base/java.util.concurrent.atomic=ALL-UNNAMED --add-opens=java.xml/javax.xml.namespace=ALL-UNNAMED --add-opens=java.base/java.time=ALL-UNNAMED -XX:MaxMetaspaceSize=512m -Xmx2048m -Dfile.encoding=UTF-8 -Duser.country=US -Duser.language=en -Duser.variant -javaagent:D:\Gradle\wrapper\dists\gradle-9.3.1-bin\23ovyewtku6u96viwx3xl3oks\gradle-9.3.1\lib\agents\gradle-instrumentation-agent-9.3.1.jar 
java_command: org.gradle.launcher.daemon.bootstrap.GradleDaemon 9.3.1
java_class_path (initial): D:\Gradle\wrapper\dists\gradle-9.3.1-bin\23ovyewtku6u96viwx3xl3oks\gradle-9.3.1\lib\gradle-daemon-main-9.3.1.jar
Launcher Type: SUN_STANDARD

[Global flags]
     intx CICompilerCount                          = 12                                        {product} {ergonomic}
   size_t CompressedClassSpaceSize                 = 436207616                                 {product} {ergonomic}
     uint ConcGCThreads                            = 4                                         {product} {ergonomic}
     uint G1ConcRefinementThreads                  = 15                                        {product} {ergonomic}
   size_t G1HeapRegionSize                         = 1048576                                   {product} {ergonomic}
   size_t InitialHeapSize                          = 264241152                                 {product} {ergonomic}
   size_t MarkStackSize                            = 4194304                                   {product} {ergonomic}
   size_t MarkStackSizeMax                         = 536870912                                 {product} {ergonomic}
   size_t MaxHeapSize                              = 2147483648                                {product} {command line}
   size_t MaxMetaspaceSize                         = 536870912                                 {product} {command line}
   size_t MaxNewSize                               = 1287651328                                {product} {ergonomic}
   size_t MinHeapDeltaBytes                        = 1048576                                   {product} {ergonomic}
   size_t MinHeapSize                              = 8388608                                   {product} {ergonomic}
    uintx NonNMethodCodeHeapSize                   = 7602176                                {pd product} {ergonomic}
    uintx NonProfiledCodeHeapSize                  = 122093568                              {pd product} {ergonomic}
    uintx ProfiledCodeHeapSize                     = 121962496                              {pd product} {ergonomic}
    uintx ReservedCodeCacheSize                    = 251658240                              {pd product} {ergonomic}
     bool SegmentedCodeCache                       = true                                      {product} {ergonomic}
   size_t SoftMaxHeapSize                          = 2147483648                             {manageable} {ergonomic}
     bool UseCompressedOops                        = true                           {product lp64_product} {ergonomic}
     bool UseG1GC                                  = true                                      {product} {ergonomic}
     bool UseLargePagesIndividualAllocation        = false                                  {pd product} {ergonomic}

Logging:
Log output configuration:
 #0: stdout all=warning uptime,level,tags foldmultilines=false
 #1: stderr all=off uptime,level,tags foldmultilines=false

Environment Variables:
PATH=C:/Users/Namrata Pundhir/.gemini/antigravity/bin;C:\Users\Namrata Pundhir\AppData\Roaming\Antigravity\bin;C:\Program Files\Common Files\Oracle\Java\javapath;C:\Program Files (x86)\Common Files\Oracle\Java\java8path;C:\Program Files (x86)\Common Files\Oracle\Java\javapath;C:\WINDOWS\system32;C:\WINDOWS;C:\WINDOWS\System32\Wbem;C:\WINDOWS\System32\WindowsPowerShell\v1.0\;C:\WINDOWS\System32\OpenSSH\;C:\Program Files\Git\cmd;C:\ProgramData\chocolatey\bin;D:\neww\bin;D:\New folder\apache-maven-3.9.11\bin;search-ms:displayname=Search%20Results%20in%20Downloads&crumb=System.Generic.String%3Apython&crumb=location:D%3A%5CNew%20folder;C:\Program Files\Amazon\AWSCLIV2\;C:\Program Files\PuTTY\;C:\Program Files\MongoDB\Server\8.0\bin;C:\Users\Namrata Pundhir\AppData\Local\Programs\Python\Python311\Lib;C:\Users\Namrata Pundhir\AppData\Local\Programs\Python\Python311;%NVM_HOME%;%NVM_SYMLINK%;C:\Program Files\nodejs\;C:\Users\Namrata Pundhir\AppData\Local\Programs\Python\Python311\Scripts\;C:\Users\Namrata Pundhir\AppData\Local\Programs\Python\Python311\;C:\Users\Namrata Pundhir\AppData\Local\Programs\Python\Launcher\;C:\Users\Namrata Pundhir\.local\bin;C:\Program Files\MySQL\MySQL Shell 8.0\bin\;C:\Users\Namrata Pundhir\AppData\Local\Microsoft\WindowsApps;C:\MinGW\bin;C:\Program Files\JetBrains\IntelliJ IDEA 2025.1\bin;;C:\ProgramData\Namrata Pundhir\GitHubDesktop\bin;C:\Users\Namrata Pundhir\AppData\Local\GitHubDesktop\bin;C:\MONGOSH\;D:\New folder\apache-maven-3.9.11-bin\apache-maven-3.9.11\bin;search-ms:displayname=Search%20Results%20in%20Downloads&crumb=System.Generic.String%3Apython&crumb=location:D%3A%5CNew%20folder;C:\Users\Namrata Pundhir\AppData\Local\Programs\Antigravity\bin;C:\Users\Namrata Pundhir\AppData\Local\nvm;C:\nvm4w\nodejs;C:\Users\Namrata Pundhir\AppData\Roaming\npm;C:\Users\Namrata Pundhir\AppData\Local\Programs\Microsoft VS Code\bin;C:\Users\Namrata Pundhir\AppData\Local\Kingsoft\WPS Office\12.1.0.27458\clitool
USERNAME=Namrata Pundhir
OS=Windows_NT
PROCESSOR_IDENTIFIER=Intel64 Family 6 Model 154 Stepping 3, GenuineIntel
TMP=C:\Users\NAMRAT~1\AppData\Local\Temp
TEMP=C:\Users\NAMRAT~1\AppData\Local\Temp




Periodic native trim disabled

---------------  S Y S T E M  ---------------

OS:
 Windows 11 , 64 bit Build 26100 (10.0.26100.8875)
OS uptime: 0 days 1:31 hours
Hyper-V role detected

CPU: total 20 (initial active 20) (10 cores per cpu, 2 threads per core) family 6 model 154 stepping 3 microcode 0x42c, cx8, cmov, fxsr, ht, mmx, 3dnowpref, sse, sse2, sse3, ssse3, sse4.1, sse4.2, popcnt, lzcnt, tsc, tscinvbit, avx, avx2, aes, erms, clmul, bmi1, bmi2, adx, sha, fma, vzeroupper, clflush, clflushopt, clwb, hv, serialize, rdtscp, rdpid, fsrm, gfni, f16c, cet_ibt, cet_ss
Processor Information for processor 0
  Max Mhz: 2300, Current Mhz: 2300, Mhz Limit: 2300
Processor Information for processor 1
  Max Mhz: 2300, Current Mhz: 2300, Mhz Limit: 2300
Processor Information for processor 2
  Max Mhz: 2300, Current Mhz: 2300, Mhz Limit: 2300
Processor Information for processor 3
  Max Mhz: 2300, Current Mhz: 2300, Mhz Limit: 2300
Processor Information for processor 4
  Max Mhz: 2300, Current Mhz: 2300, Mhz Limit: 2300
Processor Information for processor 5
  Max Mhz: 2300, Current Mhz: 2300, Mhz Limit: 2300
Processor Information for processor 6
  Max Mhz: 2300, Current Mhz: 2300, Mhz Limit: 2300
Processor Information for processor 7
  Max Mhz: 2300, Current Mhz: 2300, Mhz Limit: 2300
Processor Information for processor 8
  Max Mhz: 2300, Current Mhz: 2300, Mhz Limit: 2300
Processor Information for processor 9
  Max Mhz: 2300, Current Mhz: 2300, Mhz Limit: 2300
Processor Information for processor 10
  Max Mhz: 2300, Current Mhz: 2300, Mhz Limit: 2300
Processor Information for processor 11
  Max Mhz: 2300, Current Mhz: 2300, Mhz Limit: 2300
Processor Information for processor 12
  Max Mhz: 2300, Current Mhz: 1700, Mhz Limit: 1679
Processor Information for processor 13
  Max Mhz: 2300, Current Mhz: 1700, Mhz Limit: 1679
Processor Information for processor 14
  Max Mhz: 2300, Current Mhz: 1700, Mhz Limit: 1679
Processor Information for processor 15
  Max Mhz: 2300, Current Mhz: 1700, Mhz Limit: 1679
Processor Information for processor 16
  Max Mhz: 2300, Current Mhz: 1700, Mhz Limit: 1679
Processor Information for processor 17
  Max Mhz: 2300, Current Mhz: 1500, Mhz Limit: 1679
Processor Information for processor 18
  Max Mhz: 2300, Current Mhz: 1500, Mhz Limit: 1679
Processor Information for processor 19
  Max Mhz: 2300, Current Mhz: 1700, Mhz Limit: 1679

Memory: 4k page, system-wide physical 16069M (1145M free)
TotalPageFile size 25486M (AvailPageFile size 9M)
current process WorkingSet (physical memory assigned to process): 2005M, peak: 2049M
current process commit charge ("private bytes"): 2094M, peak: 2152M

vm_info: Java HotSpot(TM) 64-Bit Server VM (23.0.1+11-39) for windows-amd64 JRE (23.0.1+11-39), built on 2024-09-30T07:20:43Z with MS VC++ 17.6 (VS2022)

END.
